Thoi_Gian_Giay,Nhiet_Do_C
0.0,29.9
0.5,29.9
1.0,30
1.5,30
2.0,30
2.5,29.9
3.0,29.9
3.5,29.9
4.0,29.9
4.5,29.9
5.0,29.9
5.5,29.9
6.0,29.9
6.5,30
7.0,30
7.5,29.9
8.0,29.9
8.5,30
9.0,29.9
9.5,29.9
10.0,30
10.5,29.9
11.0,30
11.5,30
12.0,29.9
12.5,30
13.0,29.9
13.5,29.9
14.0,29.9
14.5,30
15.0,29.9
15.5,30
16.0,29.9
16.5,29.9
17.0,29.9
17.5,30
18.0,29.9
18.5,30
19.0,30
19.5,30
20.0,30
20.5,30
21.0,30
21.5,30
22.0,30
22.5,30
23.0,30
23.5,29.9
24.0,30
24.5,30
25.0,29.9
25.5,29.9
26.0,30
26.5,29.9
27.0,30
27.5,30
28.0,30
28.5,30
29.0,30
29.5,30
30.0,30
30.5,30
31.0,30
31.5,30
32.0,30
32.5,30
33.0,30
33.5,30
34.0,30
34.5,30
35.0,30
35.5,30
36.0,30
36.5,29.9
37.0,30
37.5,30
38.0,30
38.5,30
39.0,30
39.5,30
40.0,30
40.5,30
41.0,30
41.5,30
42.0,30
42.5,30
43.0,30
43.5,30
44.0,30
44.5,30
45.0,30
45.5,30
46.0,30
46.5,30
47.0,30
47.5,30
48.0,30
48.5,30
49.0,30
49.5,30
50.0,30
50.5,30
51.0,30
51.5,30
52.0,30
52.5,30
53.0,30
53.5,30
54.0,30
54.5,30
55.0,30
55.5,30
56.0,30
56.5,30
57.0,30
57.5,30
58.0,30.1
58.5,30
59.0,30
59.5,30
60.0,30
60.5,30
61.0,30
61.5,30
62.0,30
62.5,30
63.0,30
63.5,30
64.0,30
64.5,30
65.0,30
65.5,30
66.0,30
66.5,30
67.0,30
67.5,30
68.0,30
68.5,30
69.0,30
69.5,30
70.0,30
70.5,30
71.0,30
71.5,30
72.0,30
72.5,30
73.0,30
73.5,30
74.0,30
74.5,30
75.0,30
75.5,30
76.0,30.1
76.5,30
77.0,30
77.5,30
78.0,30.1
78.5,30
79.0,30
79.5,30
80.0,30
80.5,30
81.0,30
81.5,30
82.0,30.1
82.5,30.1
83.0,30.1
83.5,30
84.0,30.1
84.5,30.1
85.0,30
85.5,30.1
86.0,30.1
86.5,30
87.0,30
87.5,30.1
88.0,30.1
88.5,30.1
89.0,30.1
89.5,30.1
90.0,30.1
90.5,30.1
91.0,30
91.5,30.1
92.0,30.1
92.5,30.1
93.0,30
93.5,30.1
94.0,30.1
94.5,30.1
95.0,30.1
95.5,30.1
96.0,30.1
96.5,30.1
97.0,30.1
97.5,30
98.0,30.1
98.5,30.1
99.0,30.1
99.5,30.1
100.0,30.1
100.5,30.1
101.0,30.1
101.5,30.1
102.0,30.1
102.5,30.1
103.0,30.1
103.5,30.1
104.0,30.1
104.5,30.1
105.0,30.1
105.5,30.1
106.0,30.1
106.5,30.1
107.0,30.1
107.5,30.1
108.0,30.1
108.5,30.1
109.0,30.1
109.5,30.1
110.0,30.1
110.5,30.1
111.0,30.1
111.5,30.1
112.0,30.1
112.5,30.1
113.0,30.1
113.5,30.1
114.0,30.1
114.5,30.1
115.0,30.1
115.5,30.1
116.0,30.1
116.5,30.1
117.0,30.1
117.5,30.1
118.0,30.1
118.5,30.1
119.0,30.1
119.5,30.1
120.0,30.1
120.5,30.1
121.0,30.1
121.5,30.1
122.0,30.1
122.5,30.1
123.0,30.1
123.5,30.1
124.0,30.1
124.5,30.1
125.0,30.1
125.5,30.1
126.0,30.1
126.5,30.1
127.0,30.1
127.5,30.1
128.0,30.1
128.5,30.1
129.0,30.1
129.5,30.1
130.0,30.1
130.5,30.1
131.0,30.1
131.5,30.1
132.0,30.1
132.5,30.1
133.0,30.1
133.5,30.1
134.0,30.1
134.5,30.1
135.0,30.1
135.5,30.1
136.0,30.1
136.5,30.1
137.0,30.1
137.5,30.1
138.0,30.1
138.5,30.1
139.0,30.1
139.5,30.1
140.0,30.1
140.5,30.1
141.0,30.1
141.5,30.1
142.0,30.1
142.5,30.1
143.0,30.1
143.5,30.2
144.0,30.1
144.5,30.1
145.0,30.1
145.5,30.1
146.0,30.1
146.5,30.1
147.0,30.1
147.5,30.1
148.0,30.1
148.5,30.1
149.0,30.1
149.5,30.2
150.0,30.1
150.5,30.1
151.0,30.1
151.5,30.1
152.0,30.1
152.5,30.2
153.0,30.1
153.5,30.1
154.0,30.1
154.5,30.1
155.0,30.2
155.5,30.1
156.0,30.1
156.5,30.1
157.0,30.2
157.5,30.2
158.0,30.2
158.5,30.1
159.0,30.2
159.5,30.1
160.0,30.1
160.5,30.1
161.0,30.1
161.5,30.1
162.0,30.1
162.5,30.1
163.0,30.1
163.5,30.1
164.0,30.2
164.5,30.1
165.0,30.2
165.5,30.2
166.0,30.1
166.5,30.2
167.0,30.1
167.5,30.1
168.0,30.2
168.5,30.2
169.0,30.1
169.5,30.1
170.0,30.1
170.5,30.1
171.0,30.1
171.5,30.1
172.0,30.2
172.5,30.2
173.0,30.1
173.5,30.1
174.0,30.1
174.5,30.1
175.0,30.1
175.5,30.1
176.0,30.2
176.5,30.1
177.0,30.1
177.5,30.1
178.0,30.1
178.5,30.2
179.0,30.2
179.5,30.2
180.0,30.2
180.5,30.1
181.0,30.2
181.5,30.2
182.0,30.2
182.5,30.2
183.0,30.1
183.5,30.2
184.0,30.2
184.5,30.2
185.0,30.1
185.5,30.2
186.0,30.2
186.5,30.1
187.0,30.1
187.5,30.2
188.0,30.2
188.5,30.2
189.0,30.2
189.5,30.1
190.0,30.1
190.5,30.2
191.0,30.2
191.5,30.2
192.0,30.1
192.5,30.2
193.0,30.1
193.5,30.1
194.0,30.2
194.5,30.2
195.0,30.2
195.5,30.2
196.0,30.2
196.5,30.2
197.0,30.2
197.5,30.2
198.0,30.2
198.5,30.2
199.0,30.2
199.5,30.2
200.0,30.2
200.5,30.2
201.0,30.2
201.5,30.2
202.0,30.2
202.5,30.1
203.0,30.1
203.5,30.1
204.0,30.2
204.5,30.2
205.0,30.2
205.5,30.2
206.0,30.2
206.5,30.2
207.0,30.1
207.5,30.2
208.0,30.2
208.5,30.1
209.0,30.2
209.5,30.2
210.0,30.2
210.5,30.2
211.0,30.2
211.5,30.2
212.0,30.2
212.5,30.2
213.0,30.1
213.5,30.2
214.0,30.2
214.5,30.2
215.0,30.2
215.5,30.2
216.0,30.2
216.5,30.2
217.0,30.2
217.5,30.2
218.0,30.2
218.5,30.2
219.0,30.2
219.5,30.2
220.0,30.2
220.5,30.2
221.0,30.2
221.5,30.2
222.0,30.2
222.5,30.2
223.0,30.2
223.5,30.2
224.0,30.2
224.5,30.2
225.0,30.2
225.5,30.2
226.0,30.2
226.5,30.2
227.0,30.2
227.5,30.2
228.0,30.2
228.5,30.2
229.0,30.2
229.5,30.2
230.0,30.2
230.5,30.2
231.0,30.2
231.5,30.2
232.0,30.1
232.5,30.2
233.0,30.2
233.5,30.2
234.0,30.2
234.5,30.2
235.0,30.2
235.5,30.2
236.0,30.2
236.5,30.2
237.0,30.2
237.5,30.2
238.0,30.2
238.5,30.2
239.0,30.2
239.5,30.2
240.0,30.2
240.5,30.2
241.0,30.2
241.5,30.2
242.0,30.2
242.5,30.2
243.0,30.2
243.5,30.2
244.0,30.2
244.5,30.2
245.0,30.2
245.5,30.2
246.0,30.2
246.5,30.2
247.0,30.2
247.5,30.2
248.0,30.2
248.5,30.2
249.0,30.2
249.5,30.2
250.0,30.2
250.5,30.2
251.0,30.2
251.5,30.2
252.0,30.2
252.5,30.2
253.0,30.2
253.5,30.2
254.0,30.2
254.5,30.2
255.0,30.2
255.5,30.2
256.0,30.2
256.5,30.2
257.0,30.2
257.5,30.2
258.0,30.2
258.5,30.2
259.0,30.2
259.5,30.2
260.0,30.2
260.5,30.2
261.0,30.1
261.5,30.2
262.0,30.2
262.5,30.2
263.0,30.2
263.5,30.2
264.0,30.1
264.5,30.2
265.0,30.2
265.5,30.2
266.0,30.2
266.5,30.2
267.0,30.2
267.5,30.2
268.0,30.2
268.5,30.2
269.0,30.2
269.5,30.2
270.0,30.2
270.5,30.2
271.0,30.2
271.5,30.2
272.0,30.2
272.5,30.2
273.0,30.2
273.5,30.2
274.0,30.1
274.5,30.2
275.0,30.2
275.5,30.2
276.0,30.2
276.5,30.2
277.0,30.2
277.5,30.2
278.0,30.2
278.5,30.2
279.0,30.2
279.5,30.1
280.0,30.2
280.5,30.2
281.0,30.2
281.5,30.2
282.0,30.2
282.5,30.2
283.0,30.2
283.5,30.2
284.0,30.2
284.5,30.2
285.0,30.2
285.5,30.2
286.0,30.2
286.5,30.2
287.0,30.2
287.5,30.2
288.0,30.2
288.5,30.2
289.0,30.2
289.5,30.2
290.0,30.2
290.5,30.2
291.0,30.2
291.5,30.2
292.0,30.1
292.5,30.2
293.0,30.2
293.5,30.2
294.0,30.2
294.5,30.2
295.0,30.2
295.5,30.2
296.0,30.2
296.5,30.2
297.0,30.2
297.5,30.2
298.0,30.2
298.5,30.2
299.0,30.2
299.5,30.2
300.0,30.2
300.5,30.2
301.0,30.2
301.5,30.2
302.0,30.2
302.5,30.2
303.0,30.2
303.5,30.2
304.0,30.2
304.5,30.2
305.0,30.2
305.5,30.2
306.0,30.2
306.5,30.1
307.0,30.2
307.5,30.2
308.0,30.2
308.5,30.2
309.0,30.2
309.5,30.2
310.0,30.2
310.5,30.2
311.0,30.2
311.5,30.2
312.0,30.2
312.5,30.2
313.0,30.1
313.5,30.2
314.0,30.2
314.5,30.2
315.0,30.2
315.5,30.2
316.0,30.2
316.5,30.2
317.0,30.2
317.5,30.2
318.0,30.2
318.5,30.2
319.0,30.2
319.5,30.2
320.0,30.2
320.5,30.1
321.0,30.2
321.5,30.2
322.0,30.2
322.5,30.2
323.0,30.2
323.5,30.2
324.0,30.2
324.5,30.2
325.0,30.2
325.5,30.2
326.0,30.2
326.5,30.1
327.0,30.2
327.5,30.2
328.0,30.2
328.5,30.2
329.0,30.2
329.5,30.2
330.0,30.2
330.5,30.2
331.0,30.2
331.5,30.2
332.0,30.2
332.5,30.2
333.0,30.2
333.5,30.1
334.0,30.2
334.5,30.2
335.0,30.2
335.5,30.2
336.0,30.2
336.5,30.2
337.0,30.2
337.5,30.2
338.0,30.2
338.5,30.2
339.0,30.2
339.5,30.2
340.0,30.2
340.5,30.2
341.0,30.2
341.5,30.2
342.0,30.2
342.5,30.1
343.0,30.2
343.5,30.2
344.0,30.2
344.5,30.2
345.0,30.2
345.5,30.2
346.0,30.2
346.5,30.2
347.0,30.2
347.5,30.2
348.0,30.2
348.5,30.2
349.0,30.2
349.5,30.2
350.0,30.2
350.5,30.2
351.0,30.2
351.5,30.2
352.0,30.2
352.5,30.2
353.0,30.2
353.5,30.2
354.0,30.2
354.5,30.2
355.0,30.2
355.5,30.2
356.0,30.2
356.5,30.2
357.0,30.2
357.5,30.2
358.0,30.2
358.5,30.2
359.0,30.2
359.5,30.2
360.0,30.2
360.5,30.2
361.0,30.2
361.5,30.2
362.0,30.2
362.5,30.2
363.0,30.2
363.5,30.2
364.0,30.2
364.5,30.2
365.0,30.2
365.5,30.2
366.0,30.2
366.5,30.2
367.0,30.2
367.5,30.2
368.0,30.2
368.5,30.1
369.0,30.2
369.5,30.2
370.0,30.2
370.5,30.2
371.0,30.2
371.5,30.2
372.0,30.2
372.5,30.2
373.0,30.2
373.5,30.2
374.0,30.2
374.5,30.2
375.0,30.2
375.5,30.2
376.0,30.2
376.5,30.2
377.0,30.2
377.5,30.2
378.0,30.2
378.5,30.2
379.0,30.2
379.5,30.2
380.0,30.2
380.5,30.2
381.0,30.2
381.5,30.2
382.0,30.2
382.5,30.2
383.0,30.2
383.5,30.2
384.0,30.2
384.5,30.1
385.0,30.2
385.5,30.2
386.0,30.2
386.5,30.2
387.0,30.1
387.5,30.2
388.0,30.1
388.5,30.2
389.0,30.2
389.5,30.2
390.0,30.2
390.5,30.2
391.0,30.2
391.5,30.2
392.0,30.2
392.5,30.2
393.0,30.2
393.5,30.2
394.0,30.2
394.5,30.2
395.0,30.1
395.5,30.1
396.0,30.2
396.5,30.1
397.0,30.1
397.5,30.1
398.0,30.2
398.5,30.2
399.0,30.2
399.5,30.2
400.0,30.1
400.5,30.2
401.0,30.2
401.5,30.2
402.0,30.2
402.5,30.2
403.0,30.2
403.5,30.2
404.0,30.2
404.5,30.2
405.0,30.2
405.5,30.1
406.0,30.2
406.5,30.1
407.0,30.2
407.5,30.1
408.0,30.2
408.5,30.2
409.0,30.2
409.5,30.2
410.0,30.2
410.5,30.2
411.0,30.2
411.5,30.2
412.0,30.2
412.5,30.2
413.0,30.2
413.5,30.2
414.0,30.2
414.5,30.2
415.0,30.2
415.5,30.2
416.0,30.2
416.5,30.2
417.0,30.1
417.5,30.2
418.0,30.1
418.5,30.2
419.0,30.2
419.5,30.2
420.0,30.2
420.5,30.2
421.0,30.2
421.5,30.1
422.0,30.1
422.5,30.1
423.0,30.2
423.5,30.1
424.0,30.2
424.5,30.2
425.0,30.2
425.5,30.2
426.0,30.2
426.5,30.2
427.0,30.2
427.5,30.1
428.0,30.2
428.5,30.2
429.0,30.1
429.5,30.2
430.0,30.1
430.5,30.2
431.0,30.2
431.5,30.1
432.0,30.2
432.5,30.2
433.0,30.2
433.5,30.1
434.0,30.1
434.5,30.2
435.0,30.2
435.5,30.1
436.0,30.2
436.5,30.2
437.0,30.1
437.5,30.1
438.0,30.2
438.5,30.2
439.0,30.2
439.5,30.2
440.0,30.2
440.5,30.2
441.0,30.2
441.5,30.2
442.0,30.1
442.5,30.1
443.0,30.2
443.5,30.2
444.0,30.2
444.5,30.2
445.0,30.1
445.5,30.2
446.0,30.2
446.5,30.2
447.0,30.1
447.5,30.2
448.0,30.2
448.5,30.2
449.0,30.2
449.5,30.1
450.0,30.2
450.5,30.2
451.0,30.2
451.5,30.2
452.0,30.1
452.5,30.1
453.0,30.2
453.5,30.2
454.0,30.2
454.5,30.1
455.0,30.1
455.5,30.2
456.0,30.1
456.5,30.2
457.0,30.1
457.5,30.2
458.0,30.2
458.5,30.2
459.0,30.1
459.5,30.2
460.0,30.2
460.5,30.2
461.0,30.2
461.5,30.1
462.0,30.1
462.5,30.2
463.0,30.2
463.5,30.2
464.0,30.1
464.5,30.1
465.0,30.2
465.5,30.2
466.0,30.2
466.5,30.1
467.0,30.1
467.5,30.2
468.0,30.1
468.5,30.2
469.0,30.1
469.5,30.1
470.0,30.2
470.5,30.1
471.0,30.1
471.5,30.2
472.0,30.1
472.5,30.2
473.0,30.1
473.5,30.2
474.0,30.1
474.5,30.2
475.0,30.2
475.5,30.1
476.0,30.1
476.5,30.2
477.0,30.1
477.5,30.2
478.0,30.2
478.5,30.1
479.0,30.2
479.5,30.2
480.0,30.1
480.5,30.1
481.0,30.2
481.5,30.2
482.0,30.2
482.5,30.2
483.0,30.1
483.5,30.2
484.0,30.1
484.5,30.2
485.0,30.1
485.5,30.1
486.0,30.1
486.5,30.1
487.0,30.1
487.5,30.2
488.0,30.1
488.5,30.1
489.0,30.2
489.5,30.1
490.0,30.2
490.5,30.1
491.0,30.2
491.5,30.1
492.0,30.1
492.5,30.1
493.0,30.2
493.5,30.1
494.0,30.1
494.5,30.1
495.0,30.2
495.5,30.2
496.0,30.2
496.5,30.2
497.0,30.2
497.5,30.1
498.0,30.1
498.5,30.1
499.0,30.1
499.5,30.2
500.0,30.2
500.5,30.1
501.0,30.2
501.5,30.1
502.0,30.1
502.5,30.2
503.0,30.2
503.5,30.1
504.0,30.1
504.5,30.2
505.0,30.1
505.5,30.1
506.0,30.1
506.5,30.1
507.0,30.2
507.5,30.1
508.0,30.1
508.5,30.1
509.0,30.2
509.5,30.1
510.0,30.2
510.5,30.1
511.0,30.1
511.5,30.1
512.0,30.2
512.5,30.1
513.0,30.2
513.5,30.1
514.0,30.1
514.5,30.2
515.0,30.2
515.5,30.2
516.0,30.1
516.5,30.1
517.0,30.2
517.5,30.1
518.0,30.2
518.5,30.1
519.0,30.1
519.5,30.2
520.0,30.2
520.5,30.2
521.0,30.1
521.5,30.2
522.0,30.1
522.5,30.2
523.0,30.2
523.5,30.2
524.0,30.2
524.5,30.2
525.0,30.2
525.5,30.2
526.0,30.2
526.5,30.1
527.0,30.2
527.5,30.1
528.0,30.2
528.5,30.2
529.0,30.2
529.5,30.2
530.0,30.2
530.5,30.2
531.0,30.2
531.5,30.2
532.0,30.2
532.5,30.2
533.0,30.2
533.5,30.2
534.0,30.1
534.5,30.1
535.0,30.2
535.5,30.2
536.0,30.2
536.5,30.2
537.0,30.2
537.5,30.2
538.0,30.2
538.5,30.1
539.0,30.1
539.5,30.2
540.0,30.2
540.5,30.2
541.0,30.2
541.5,30.2
542.0,30.2
542.5,30.2
543.0,30.2
543.5,30.2
544.0,30.1
544.5,30.2
545.0,30.2
545.5,30.2
546.0,30.2
546.5,30.2
547.0,30.2
547.5,30.2
548.0,30.2
548.5,30.2
549.0,30.1
549.5,30.2
550.0,30.2
550.5,30.2
551.0,30.2
551.5,30.2
552.0,30.2
552.5,30.2
553.0,30.1
553.5,30.2
554.0,30.2
554.5,30.2
555.0,30.2
555.5,30.2
556.0,30.2
556.5,30.2
557.0,30.2
557.5,30.2
558.0,30.2
558.5,30.2
559.0,30.2
559.5,30.2
560.0,30.2
560.5,30.2
561.0,30.2
561.5,30.2
562.0,30.2
562.5,30.2
563.0,30.2
563.5,30.2
564.0,30.2
564.5,30.2
565.0,30.2
565.5,30.2
566.0,30.2
566.5,30.2
567.0,30.2
567.5,30.2
568.0,30.2
568.5,30.2
569.0,30.2
569.5,30.2
570.0,30.2
570.5,30.2
571.0,30.2
571.5,30.1
572.0,30.2
572.5,30.2
573.0,30.2
573.5,30.2
574.0,30.2
574.5,30.2
575.0,30.2
575.5,30.2
576.0,30.2
576.5,30.2
577.0,30.2
577.5,30.2
578.0,30.2
578.5,30.2
579.0,30.2
579.5,30.2
580.0,30.2
580.5,30.2
581.0,30.2
581.5,30.2
582.0,30.2
582.5,30.2
583.0,30.2
583.5,30.2
584.0,30.2
584.5,30.2
585.0,30.2
585.5,30.2
586.0,30.2
586.5,30.2
587.0,30.2
587.5,30.2
588.0,30.2
588.5,30.2
589.0,30.2
589.5,30.2
590.0,30.2
590.5,30.2
591.0,30.2
591.5,30.2
592.0,30.2
592.5,30.2
593.0,30.2
593.5,30.2
594.0,30.2
594.5,30.2
595.0,30.2
595.5,30.2
596.0,30.2
596.5,30.2
597.0,30.2
597.5,30.2
598.0,30.2
598.5,30.2
599.0,30.2
599.5,30.2
600.0,30.2
600.5,30.2
601.0,30.2
601.5,30.2
602.0,30.2
602.5,30.2
603.0,30.2
603.5,30.2
604.0,30.2
604.5,30.2
605.0,30.2
605.5,30.2
606.0,30.2
606.5,30.2
607.0,30.2
607.5,30.2
608.0,30.2
608.5,30.2
609.0,30.2
609.5,30.2
610.0,30.2
610.5,30.2
611.0,30.2
611.5,30.2
612.0,30.2
612.5,30.2
613.0,30.2
613.5,30.2
614.0,30.2
614.5,30.2
615.0,30.2
615.5,30.2
616.0,30.2
616.5,30.2
617.0,30.2
617.5,30.2
618.0,30.2
618.5,30.2
619.0,30.2
619.5,30.2
620.0,30.2
620.5,30.2
621.0,30.2
621.5,30.2
622.0,30.2
622.5,30.2
623.0,30.2
623.5,30.2
624.0,30.2
624.5,30.2
625.0,30.2
625.5,30.2
626.0,30.2
626.5,30.2
627.0,30.2
627.5,30.2
628.0,30.2
628.5,30.2
629.0,30.2
629.5,30.2
630.0,30.2
630.5,30.2
631.0,30.2
631.5,30.2
632.0,30.2
632.5,30.2
633.0,30.2
633.5,30.2
634.0,30.2
634.5,30.3
635.0,30.2
635.5,30.2
636.0,30.2
636.5,30.2
637.0,30.2
637.5,30.2
638.0,30.2
638.5,30.2
639.0,30.2
639.5,30.2
640.0,30.2
640.5,30.2
641.0,30.2
641.5,30.2
642.0,30.2
642.5,30.2
643.0,30.2
643.5,30.2
644.0,30.2
644.5,30.2
645.0,30.2
645.5,30.2
646.0,30.2
646.5,30.2
647.0,30.2
647.5,30.2
648.0,30.2
648.5,30.2
649.0,30.2
649.5,30.2
650.0,30.2
650.5,30.2
651.0,30.2
651.5,30.2
652.0,30.2
652.5,30.2
653.0,30.2
653.5,30.2
654.0,30.2
654.5,30.2
655.0,30.2
655.5,30.2
656.0,30.2
656.5,30.2
657.0,30.2
657.5,30.2
658.0,30.2
658.5,30.2
659.0,30.2
659.5,30.2
660.0,30.2
660.5,30.2
661.0,30.2
661.5,30.2
662.0,30.2
662.5,30.2
663.0,30.2
663.5,30.2
664.0,30.2
664.5,30.2
665.0,30.2
665.5,30.2
666.0,30.2
666.5,30.2
667.0,30.2
667.5,30.2
668.0,30.2
668.5,30.2
669.0,30.2
669.5,30.2
670.0,30.2
670.5,30.2
671.0,30.2
671.5,30.2
672.0,30.2
672.5,30.2
673.0,30.2
673.5,30.2
674.0,30.2
674.5,30.2
675.0,30.2
675.5,30.2
676.0,30.2
676.5,30.2
677.0,30.2
677.5,30.2
678.0,30.2
678.5,30.2
679.0,30.2
679.5,30.2
680.0,30.2
680.5,30.2
681.0,30.2
681.5,30.2
682.0,30.2
682.5,30.2
683.0,30.2
683.5,30.2
684.0,30.2
684.5,30.2
685.0,30.2
685.5,30.2
686.0,30.2
686.5,30.2
687.0,30.2
687.5,30.2
688.0,30.2
688.5,30.2
689.0,30.2
689.5,30.2
690.0,30.2
690.5,30.2
691.0,30.2
691.5,30.2
692.0,30.2
692.5,30.2
693.0,30.2
693.5,30.2
694.0,30.2
694.5,30.1
695.0,30.2
695.5,30.2
696.0,30.2
696.5,30.2
697.0,30.2
697.5,30.2
698.0,30.2
698.5,30.2
699.0,30.2
699.5,30.2
700.0,30.1
700.5,30.2
701.0,30.2
701.5,30.2
702.0,30.2
702.5,30.2
703.0,30.2
703.5,30.2
704.0,30.2
704.5,30.2
705.0,30.2
705.5,30.2
706.0,30.2
706.5,30.2
707.0,30.2
707.5,30.2
708.0,30.2
708.5,30.2
709.0,30.2
709.5,30.2
710.0,30.2
710.5,30.2
711.0,30.2
711.5,30.2
712.0,30.2
712.5,30.2
713.0,30.2
713.5,30.2
714.0,30.2
714.5,30.2
715.0,30.2
715.5,30.2
716.0,30.2
716.5,30.2
717.0,30.2
717.5,30.2
718.0,30.2
718.5,30.2
719.0,30.2
719.5,30.2
720.0,30.2
720.5,30.2
721.0,30.2
721.5,30.2
722.0,30.2
722.5,30.2
723.0,30.2
723.5,30.2
724.0,30.2
724.5,30.2
725.0,30.2
725.5,30.2
726.0,30.2
726.5,30.2
727.0,30.2
727.5,30.2
728.0,30.2
728.5,30.2
729.0,30.2
729.5,30.2
730.0,30.2
730.5,30.2
731.0,30.2
731.5,30.2
732.0,30.2
732.5,30.2
733.0,30.2
733.5,30.2
734.0,30.2
734.5,30.2
735.0,30.2
735.5,30.2
736.0,30.2
736.5,30.2
737.0,30.2
737.5,30.2
738.0,30.2
738.5,30.2
739.0,30.2
739.5,30.2
740.0,30.2
740.5,30.2
741.0,30.2
741.5,30.2
742.0,30.2
742.5,30.2
743.0,30.2
743.5,30.2
744.0,30.2
744.5,30.2
745.0,30.2
745.5,30.2
746.0,30.2
746.5,30.2
747.0,30.2
747.5,30.2
748.0,30.2
748.5,30.2
749.0,30.2
749.5,30.2
750.0,30.2
750.5,30.2
751.0,30.2
751.5,30.2
752.0,30.2
752.5,30.2
753.0,30.2
753.5,30.3
754.0,30.2
754.5,30.2
755.0,30.2
755.5,30.2
756.0,30.2
756.5,30.2
757.0,30.2
757.5,30.2
758.0,30.2
758.5,30.2
759.0,30.2
759.5,30.2
760.0,30.2
760.5,30.2
761.0,30.2
761.5,30.2
762.0,30.2
762.5,30.2
763.0,30.2
763.5,30.2
764.0,30.2
764.5,30.2
765.0,30.2
765.5,30.2
766.0,30.2
766.5,30.2
767.0,30.2
767.5,30.2
768.0,30.2
768.5,30.2
769.0,30.2
769.5,30.2
770.0,30.2
770.5,30.2
771.0,30.2
771.5,30.2
772.0,30.2
772.5,30.2
773.0,30.2
773.5,30.2
774.0,30.2
774.5,30.2
775.0,30.2
775.5,30.2
776.0,30.2
776.5,30.2
777.0,30.2
777.5,30.2
778.0,30.2
778.5,30.2
779.0,30.2
779.5,30.2
780.0,30.2
780.5,30.2
781.0,30.2
781.5,30.2
782.0,30.2
782.5,30.2
783.0,30.2
783.5,30.2
784.0,30.2
784.5,30.2
785.0,30.2
785.5,30.2
786.0,30.3
786.5,30.2
787.0,30.2
787.5,30.2
788.0,30.2
788.5,30.3
789.0,30.2
789.5,30.2
790.0,30.2
790.5,30.2
791.0,30.2
791.5,30.2
792.0,30.2
792.5,30.2
793.0,30.2
793.5,30.3
794.0,30.2
794.5,30.2
795.0,30.2
795.5,30.2
796.0,30.2
796.5,30.2
797.0,30.2
797.5,30.2
798.0,30.3
798.5,30.2
799.0,30.2
799.5,30.2
800.0,30.2
800.5,30.2
801.0,30.2
801.5,30.2
802.0,30.2
802.5,30.3
803.0,30.2
803.5,30.2
804.0,30.3
804.5,30.3
805.0,30.3
805.5,30.2
806.0,30.3
806.5,30.2
807.0,30.2
807.5,30.3
808.0,30.2
808.5,30.2
809.0,30.3
809.5,30.3
810.0,30.3
810.5,30.2
811.0,30.2
811.5,30.3
812.0,30.2
812.5,30.3
813.0,30.2
813.5,30.2
814.0,30.2
814.5,30.3
815.0,30.3
815.5,30.2
816.0,30.3
816.5,30.3
817.0,30.2
817.5,30.2
818.0,30.2
818.5,30.2
819.0,30.3
819.5,30.2
820.0,30.2
820.5,30.2
821.0,30.2
821.5,30.3
822.0,30.2
822.5,30.2
823.0,30.2
823.5,30.3
824.0,30.2
824.5,30.2
825.0,30.2
825.5,30.3
826.0,30.3
826.5,30.3
827.0,30.2
827.5,30.2
828.0,30.3
828.5,30.2
829.0,30.3
829.5,30.3
830.0,30.2
830.5,30.2
831.0,30.2
831.5,30.3
832.0,30.3
832.5,30.3
833.0,30.3
833.5,30.2
834.0,30.3
834.5,30.3
835.0,30.3
835.5,30.3
836.0,30.3
836.5,30.3
837.0,30.3
837.5,30.3
838.0,30.3
838.5,30.2
839.0,30.3
839.5,30.2
840.0,30.3
840.5,30.3
841.0,30.2
841.5,30.2
842.0,30.3
842.5,30.3
843.0,30.3
843.5,30.3
844.0,30.2
844.5,30.3
845.0,30.3
845.5,30.2
846.0,30.2
846.5,30.2
847.0,30.3
847.5,30.2
848.0,30.2
848.5,30.3
849.0,30.3
849.5,30.3
850.0,30.3
850.5,30.2
851.0,30.3
851.5,30.3
852.0,30.2
852.5,30.3
853.0,30.2
853.5,30.3
854.0,30.3
854.5,30.3
855.0,30.3
855.5,30.3
856.0,30.3
856.5,30.2
857.0,30.3
857.5,30.2
858.0,30.2
858.5,30.3
859.0,30.3
859.5,30.3
860.0,30.3
860.5,30.2
861.0,30.3
861.5,30.3
862.0,30.3
862.5,30.3
863.0,30.2
863.5,30.2
864.0,30.3
864.5,30.3
865.0,30.3
865.5,30.3
866.0,30.3
866.5,30.3
867.0,30.3
867.5,30.3
868.0,30.3
868.5,30.3
869.0,30.2
869.5,30.3
870.0,30.3
870.5,30.2
871.0,30.3
871.5,30.3
872.0,30.2
872.5,30.3
873.0,30.2
873.5,30.3
874.0,30.2
874.5,30.2
875.0,30.2
875.5,30.3
876.0,30.3
876.5,30.3
877.0,30.3
877.5,30.2
878.0,30.3
878.5,30.3
879.0,30.3
879.5,30.3
880.0,30.3
880.5,30.3
881.0,30.3
881.5,30.3
882.0,30.3
882.5,30.2
883.0,30.3
883.5,30.3
884.0,30.2
884.5,30.3
885.0,30.3
885.5,30.2
886.0,30.2
886.5,30.3
887.0,30.2
887.5,30.2
888.0,30.2
888.5,30.2
889.0,30.3
889.5,30.2
890.0,30.3
890.5,30.2
891.0,30.2
891.5,30.2
892.0,30.3
892.5,30.2
893.0,30.2
893.5,30.2
894.0,30.2
894.5,30.3
895.0,30.2
895.5,30.3
896.0,30.3
896.5,30.2
897.0,30.2
897.5,30.3
898.0,30.2
898.5,30.3
899.0,30.3
899.5,30.2
900.0,30.3
900.5,30.3
901.0,30.3
901.5,30.3
902.0,30.3
902.5,30.3
903.0,30.2
903.5,30.3
904.0,30.2
904.5,30.3
905.0,30.2
905.5,30.2
906.0,30.3
906.5,30.2
907.0,30.2
907.5,30.2
908.0,30.2
908.5,30.2
909.0,30.2
909.5,30.3
910.0,30.2
910.5,30.3
911.0,30.2
911.5,30.3
912.0,30.3
912.5,30.2
913.0,30.3
913.5,30.2
914.0,30.3
914.5,30.2
915.0,30.3
915.5,30.3
916.0,30.2
916.5,30.2
917.0,30.2
917.5,30.2
918.0,30.2
918.5,30.3
919.0,30.2
919.5,30.2
920.0,30.2
920.5,30.2
921.0,30.2
921.5,30.2
922.0,30.3
922.5,30.2
923.0,30.2
923.5,30.3
924.0,30.2
924.5,30.3
925.0,30.3
925.5,30.2
926.0,30.2
926.5,30.2
927.0,30.2
927.5,30.2
928.0,30.2
928.5,30.2
929.0,30.2
929.5,30.3
930.0,30.3
930.5,30.2
931.0,30.2
931.5,30.2
932.0,30.2
932.5,30.2
933.0,30.2
933.5,30.3
934.0,30.2
934.5,30.3
935.0,30.2
935.5,30.2
936.0,30.3
936.5,30.2
937.0,30.2
937.5,30.2
938.0,30.2
938.5,30.2
939.0,30.2
939.5,30.2
940.0,30.2
940.5,30.2
941.0,30.3
941.5,30.2
942.0,30.3
942.5,30.2
943.0,30.2
943.5,30.2
944.0,30.3
944.5,30.2
945.0,30.2
945.5,30.2
946.0,30.2
946.5,30.2
947.0,30.3
947.5,30.2
948.0,30.3
948.5,30.3
949.0,30.3
949.5,30.2
950.0,30.2
950.5,30.2
951.0,30.2
951.5,30.2
952.0,30.3
952.5,30.2
953.0,30.2
953.5,30.2
954.0,30.2
954.5,30.2
955.0,30.3
955.5,30.2
956.0,30.2
956.5,30.3
957.0,30.3
957.5,30.2
958.0,30.2
958.5,30.2
959.0,30.2
959.5,30.2
960.0,30.2
960.5,30.3
961.0,30.3
961.5,30.3
962.0,30.3
962.5,30.2
963.0,30.2
963.5,30.2
964.0,30.2
964.5,30.3
965.0,30.2
965.5,30.2
966.0,30.2
966.5,30.2
967.0,30.3
967.5,30.3
968.0,30.2
968.5,30.2
969.0,30.3
969.5,30.2
970.0,30.3
970.5,30.2
971.0,30.3
971.5,30.3
972.0,30.2
972.5,30.2
973.0,30.3
973.5,30.3
974.0,30.2
974.5,30.3
975.0,30.3
975.5,30.3
976.0,30.2
976.5,30.2
977.0,30.2
977.5,30.2
978.0,30.3
978.5,30.2
979.0,30.2
979.5,30.2
980.0,30.2
980.5,30.2
981.0,30.3
981.5,30.3
982.0,30.2
982.5,30.3
983.0,30.3
983.5,30.2
984.0,30.3
984.5,30.3
985.0,30.2
985.5,30.2
986.0,30.3
986.5,30.3
987.0,30.3
987.5,30.3
988.0,30.3
988.5,30.3
989.0,30.3
989.5,30.3
990.0,30.2
990.5,30.2
991.0,30.2
991.5,30.3
992.0,30.3
992.5,30.3
993.0,30.2
993.5,30.2
994.0,30.3
994.5,30.2
995.0,30.3
995.5,30.3
996.0,30.3
996.5,30.3
997.0,30.3
997.5,30.3
998.0,30.3
998.5,30.3
999.0,30.2
999.5,30.3
1000.0,30.3
1000.5,30.3
1001.0,30.3
1001.5,30.3
1002.0,30.3
1002.5,30.3
1003.0,30.3
1003.5,30.3
1004.0,30.3
1004.5,30.3
1005.0,30.3
1005.5,30.3
1006.0,30.3
1006.5,30.3
1007.0,30.3
1007.5,30.2
1008.0,30.3
1008.5,30.3
1009.0,30.3
1009.5,30.2
1010.0,30.3
1010.5,30.3
1011.0,30.3
1011.5,30.3
1012.0,30.3
1012.5,30.3
1013.0,30.3
1013.5,30.3
1014.0,30.3
1014.5,30.3
1015.0,30.3
1015.5,30.3
1016.0,30.2
1016.5,30.3
1017.0,30.3
1017.5,30.3
1018.0,30.3
1018.5,30.3
1019.0,30.3
1019.5,30.3
1020.0,30.3
1020.5,30.3
1021.0,30.3
1021.5,30.3
1022.0,30.3
1022.5,30.3
1023.0,30.3
1023.5,30.3
1024.0,30.3
1024.5,30.3
1025.0,30.3
1025.5,30.3
1026.0,30.2
1026.5,30.3
1027.0,30.3
1027.5,30.3
1028.0,30.3
1028.5,30.3
1029.0,30.2
1029.5,30.3
1030.0,30.3
1030.5,30.3
1031.0,30.3
1031.5,30.3
1032.0,30.3
1032.5,30.3
1033.0,30.3
1033.5,30.3
1034.0,30.3
1034.5,30.3
1035.0,30.3
1035.5,30.3
1036.0,30.3
1036.5,30.3
1037.0,30.3
1037.5,30.3
1038.0,30.3
1038.5,30.3
1039.0,30.3
1039.5,30.3
1040.0,30.3
1040.5,30.3
1041.0,30.3
1041.5,30.3
1042.0,30.3
1042.5,30.2
1043.0,30.3
1043.5,30.3
1044.0,30.3
1044.5,30.3
1045.0,30.3
1045.5,30.3
1046.0,30.3
1046.5,30.3
1047.0,30.3
1047.5,30.3
1048.0,30.3
1048.5,30.3
1049.0,30.3
1049.5,30.3
1050.0,30.3
1050.5,30.3
1051.0,30.3
1051.5,30.3
1052.0,30.3
1052.5,30.3
1053.0,30.3
1053.5,30.3
1054.0,30.3
1054.5,30.3
1055.0,30.3
1055.5,30.3
1056.0,30.3
1056.5,30.3
1057.0,30.3
1057.5,30.3
1058.0,30.3
1058.5,30.3
1059.0,30.3
1059.5,30.3
1060.0,30.3
1060.5,30.3
1061.0,30.3
1061.5,30.3
1062.0,30.3
1062.5,30.3
1063.0,30.3
1063.5,30.3
1064.0,30.3
1064.5,30.3
1065.0,30.3
1065.5,30.3
1066.0,30.3
1066.5,30.3
1067.0,30.3
1067.5,30.2
1068.0,30.3
1068.5,30.3
1069.0,30.3
1069.5,30.3
1070.0,30.2
1070.5,30.3
1071.0,30.3
1071.5,30.3
1072.0,30.3
1072.5,30.3
1073.0,30.3
1073.5,30.3
1074.0,30.3
1074.5,30.3
1075.0,30.3
1075.5,30.2
1076.0,30.3
1076.5,30.3
1077.0,30.2
1077.5,30.2
1078.0,30.3
1078.5,30.3
1079.0,30.3
1079.5,30.3
1080.0,30.3
1080.5,30.3
1081.0,30.3
1081.5,30.3
1082.0,30.2
1082.5,30.3
1083.0,30.3
1083.5,30.3
1084.0,30.2
1084.5,30.3
1085.0,30.3
1085.5,30.2
1086.0,30.3
1086.5,30.2
1087.0,30.2
1087.5,30.2
1088.0,30.3
1088.5,30.3
1089.0,30.3
1089.5,30.2
1090.0,30.2
1090.5,30.2
1091.0,30.3
1091.5,30.3
1092.0,30.3
1092.5,30.2
1093.0,30.3
1093.5,30.2
1094.0,30.3
1094.5,30.2
1095.0,30.3
1095.5,30.2
1096.0,30.2
1096.5,30.3
1097.0,30.2
1097.5,30.3
1098.0,30.3
1098.5,30.2
1099.0,30.3
1099.5,30.2
1100.0,30.2
1100.5,30.3
1101.0,30.2
1101.5,30.2
1102.0,30.2
1102.5,30.2
1103.0,30.2
1103.5,30.2
1104.0,30.3
1104.5,30.3
1105.0,30.3
1105.5,30.3
1106.0,30.2
1106.5,30.2
1107.0,30.2
1107.5,30.2
1108.0,30.2
1108.5,30.2
1109.0,30.2
1109.5,30.2
1110.0,30.2
1110.5,30.2
1111.0,30.2
1111.5,30.2
1112.0,30.2
1112.5,30.2
1113.0,30.2
1113.5,30.2
1114.0,30.2
1114.5,30.2
1115.0,30.2
1115.5,30.2
1116.0,30.2
1116.5,30.2
1117.0,30.2
1117.5,30.2
1118.0,30.2
1118.5,30.2
1119.0,30.2
1119.5,30.3
1120.0,30.2
1120.5,30.2
1121.0,30.2
1121.5,30.2
1122.0,30.2
1122.5,30.2
1123.0,30.2
1123.5,30.2
1124.0,30.2
1124.5,30.2
1125.0,30.2
1125.5,30.2
1126.0,30.2
1126.5,30.2
1127.0,30.2
1127.5,30.2
1128.0,30.2
1128.5,30.2
1129.0,30.2
1129.5,30.2
1130.0,30.2
1130.5,30.2
1131.0,30.2
1131.5,30.2
1132.0,30.2
1132.5,30.2
1133.0,30.2
1133.5,30.2
1134.0,30.2
1134.5,30.2
1135.0,30.2
1135.5,30.2
1136.0,30.2
1136.5,30.2
1137.0,30.2
1137.5,30.2
1138.0,30.2
1138.5,30.2
1139.0,30.2
1139.5,30.2
1140.0,30.2
1140.5,30.2
1141.0,30.2
1141.5,30.2
1142.0,30.2
1142.5,30.2
1143.0,30.2
1143.5,30.2
1144.0,30.2
1144.5,30.2
1145.0,30.2
1145.5,30.2
1146.0,30.2
1146.5,30.2
1147.0,30.2
1147.5,30.2
1148.0,30.2
1148.5,30.2
1149.0,30.2
1149.5,30.2
1150.0,30.2
1150.5,30.2
1151.0,30.2
1151.5,30.2
1152.0,30.2
1152.5,30.2
1153.0,30.2
1153.5,30.2
1154.0,30.2
1154.5,30.2
1155.0,30.2
1155.5,30.2
1156.0,30.2
1156.5,30.2
1157.0,30.2
1157.5,30.2
1158.0,30.2
1158.5,30.2
1159.0,30.2
1159.5,30.2
1160.0,30.2
1160.5,30.2
1161.0,30.2
1161.5,30.2
1162.0,30.2
1162.5,30.2
1163.0,30.2
1163.5,30.2
1164.0,30.2
1164.5,30.2
1165.0,30.2
1165.5,30.2
1166.0,30.2
1166.5,30.2
1167.0,30.2
1167.5,30.2
1168.0,30.2
1168.5,30.2
1169.0,30.2
1169.5,30.2
1170.0,30.2
1170.5,30.2
1171.0,30.2
1171.5,30.2
1172.0,30.2
1172.5,30.2
1173.0,30.2
1173.5,30.2
1174.0,30.2
1174.5,30.2
1175.0,30.2
1175.5,30.2
1176.0,30.2
1176.5,30.2
1177.0,30.2
1177.5,30.2
1178.0,30.2
1178.5,30.2
1179.0,30.2
1179.5,30.2
1180.0,30.2
1180.5,30.2
1181.0,30.2
1181.5,30.2
1182.0,30.2
1182.5,30.2
1183.0,30.2
1183.5,30.2
1184.0,30.2
1184.5,30.2
1185.0,30.2
1185.5,30.2
1186.0,30.2
1186.5,30.2
1187.0,30.2
1187.5,30.2
1188.0,30.2
1188.5,30.2
1189.0,30.2
1189.5,30.2
1190.0,30.2
1190.5,30.2
1191.0,30.2
1191.5,30.2
1192.0,30.2
1192.5,30.2
1193.0,30.2
1193.5,30.2
1194.0,30.2
1194.5,30.2
1195.0,30.2
1195.5,30.2
1196.0,30.2
1196.5,30.2
1197.0,30.2
1197.5,30.2
1198.0,30.2
1198.5,30.2
1199.0,30.2
1199.5,30.1
1200.0,30.2
1200.5,30.2
1201.0,30.2
1201.5,30.2
1202.0,30.2
1202.5,30.1
1203.0,30.2
1203.5,30.2
1204.0,30.2
1204.5,30.2
1205.0,30.2
1205.5,30.2
1206.0,30.2
1206.5,30.2
1207.0,30.2
1207.5,30.2
1208.0,30.2
1208.5,30.2
1209.0,30.2
1209.5,30.2
1210.0,30.2
1210.5,30.2
1211.0,30.2
1211.5,30.2
1212.0,30.2
1212.5,30.2
1213.0,30.2
1213.5,30.2
1214.0,30.2
1214.5,30.2
1215.0,30.2
1215.5,30.2
1216.0,30.2
1216.5,30.2
1217.0,30.2
1217.5,30.2
1218.0,30.2
1218.5,30.1
1219.0,30.2
1219.5,30.2
1220.0,30.2
1220.5,30.2
1221.0,30.2
1221.5,30.2
1222.0,30.2
1222.5,30.2
1223.0,30.2
1223.5,30.2
1224.0,30.2
1224.5,30.2
1225.0,30.2
1225.5,30.2
1226.0,30.2
1226.5,30.2
1227.0,30.2
1227.5,30.2
1228.0,30.2
1228.5,30.2
1229.0,30.2
1229.5,30.2
1230.0,30.2
1230.5,30.2
1231.0,30.2
1231.5,30.2
1232.0,30.2
1232.5,30.2
1233.0,30.2
1233.5,30.2
1234.0,30.2
1234.5,30.2
1235.0,30.2
1235.5,30.2
1236.0,30.2
1236.5,30.2
1237.0,30.1
1237.5,30.2
1238.0,30.2
1238.5,30.2
1239.0,30.2
1239.5,30.2
1240.0,30.2
1240.5,30.2
1241.0,30.2
1241.5,30.2
1242.0,30.2
1242.5,30.2
1243.0,30.2
1243.5,30.2
1244.0,30.2
1244.5,30.2
1245.0,30.2
1245.5,30.2
1246.0,30.2
1246.5,30.2
1247.0,30.2
1247.5,30.2
1248.0,30.2
1248.5,30.2
1249.0,30.2
1249.5,30.2
1250.0,30.2
1250.5,30.1
1251.0,30.2
1251.5,30.2
1252.0,30.2
1252.5,30.2
1253.0,30.2
1253.5,30.2
1254.0,30.2
1254.5,30.2
1255.0,30.2
1255.5,30.2
1256.0,30.2
1256.5,30.2
1257.0,30.2
1257.5,30.2
1258.0,30.2
1258.5,30.2
1259.0,30.2
1259.5,30.2
1260.0,30.2
1260.5,30.2
1261.0,30.2
1261.5,30.2
1262.0,30.2
1262.5,30.2
1263.0,30.2
1263.5,30.2
1264.0,30.2
1264.5,30.2
1265.0,30.2
1265.5,30.2
1266.0,30.2
1266.5,30.2
1267.0,30.2
1267.5,30.2
1268.0,30.1
1268.5,30.2
1269.0,30.1
1269.5,30.2
1270.0,30.1
1270.5,30.2
1271.0,30.2
1271.5,30.2
1272.0,30.2
1272.5,30.2
1273.0,30.2
1273.5,30.2
1274.0,30.2
1274.5,30.2
1275.0,30.2
1275.5,30.2
1276.0,30.1
1276.5,30.2
1277.0,30.1
1277.5,30.2
1278.0,30.2
1278.5,30.2
1279.0,30.2
1279.5,30.2
1280.0,30.2
1280.5,30.2
1281.0,30.2
1281.5,30.2
1282.0,30.2
1282.5,30.2
1283.0,30.2
1283.5,30.2
1284.0,30.1
1284.5,30.2
1285.0,30.2
1285.5,30.2
1286.0,30.2
1286.5,30.2
1287.0,30.2
1287.5,30.2
1288.0,30.2
1288.5,30.2
1289.0,30.2
1289.5,30.2
1290.0,30.2
1290.5,30.2
1291.0,30.2
1291.5,30.2
1292.0,30.2
1292.5,30.2
1293.0,30.2
1293.5,30.2
1294.0,30.1
1294.5,30.2
1295.0,30.2
1295.5,30.1
1296.0,30.1
1296.5,30.2
1297.0,30.2
1297.5,30.2
1298.0,30.2
1298.5,30.2
1299.0,30.2
1299.5,30.2
1300.0,30.2
1300.5,30.2
1301.0,30.2
1301.5,30.2
1302.0,30.2
1302.5,30.2
1303.0,30.2
1303.5,30.2
1304.0,30.2
1304.5,30.2
1305.0,30.2
1305.5,30.2
1306.0,30.2
1306.5,30.2
1307.0,30.2
1307.5,30.2
1308.0,30.1
1308.5,30.2
1309.0,30.2
1309.5,30.2
1310.0,30.2
1310.5,30.2
1311.0,30.2
1311.5,30.2
1312.0,30.2
1312.5,30.2
1313.0,30.2
1313.5,30.2
1314.0,30.2
1314.5,30.2
1315.0,30.2
1315.5,30.2
1316.0,30.1
1316.5,30.2
1317.0,30.2
1317.5,30.2
1318.0,30.2
1318.5,30.2
1319.0,30.2
1319.5,30.2
1320.0,30.1
1320.5,30.2
1321.0,30.2
1321.5,30.2
1322.0,30.2
1322.5,30.2
1323.0,30.1
1323.5,30.2
1324.0,30.2
1324.5,30.2
1325.0,30.2
1325.5,30.2
1326.0,30.2
1326.5,30.2
1327.0,30.2
1327.5,30.2
1328.0,30.2
1328.5,30.2
1329.0,30.2
1329.5,30.2
1330.0,30.2
1330.5,30.2
1331.0,30.2
1331.5,30.2
1332.0,30.2
1332.5,30.2
1333.0,30.2
1333.5,30.2
1334.0,30.2
1334.5,30.2
1335.0,30.2
1335.5,30.2
1336.0,30.2
1336.5,30.2
1337.0,30.2
1337.5,30.2
1338.0,30.2
1338.5,30.2
1339.0,30.2
1339.5,30.2
1340.0,30.2
1340.5,30.2
1341.0,30.2
1341.5,30.2
1342.0,30.2
1342.5,30.2
1343.0,30.2
1343.5,30.2
1344.0,30.2
1344.5,30.2
1345.0,30.2
1345.5,30.2
1346.0,30.2
1346.5,30.2
1347.0,30.2
1347.5,30.2
1348.0,30.2
1348.5,30.2
1349.0,30.2
1349.5,30.2
1350.0,30.2
1350.5,30.2
1351.0,30.2
1351.5,30.2
1352.0,30.2
1352.5,30.2
1353.0,30.2
1353.5,30.2
1354.0,30.2
1354.5,30.2
1355.0,30.2
1355.5,30.2
1356.0,30.2
1356.5,30.2
1357.0,30.2
1357.5,30.2
1358.0,30.2
1358.5,30.2
1359.0,30.2
1359.5,30.2
1360.0,30.2
1360.5,30.2
1361.0,30.2
1361.5,30.2
1362.0,30.2
1362.5,30.2
1363.0,30.2
1363.5,30.2
1364.0,30.2
1364.5,30.2
1365.0,30.2
1365.5,30.2
1366.0,30.2
1366.5,30.2
1367.0,30.2
1367.5,30.2
1368.0,30.2
1368.5,30.2
1369.0,30.2
1369.5,30.2
1370.0,30.2
1370.5,30.2
1371.0,30.2
1371.5,30.2
1372.0,30.2
1372.5,30.2
1373.0,30.2
1373.5,30.2
1374.0,30.2
1374.5,30.2
1375.0,30.2
1375.5,30.2
1376.0,30.2
1376.5,30.2
1377.0,30.2
1377.5,30.2
1378.0,30.2
1378.5,30.2
1379.0,30.2
1379.5,30.2
1380.0,30.2
1380.5,30.2
1381.0,30.2
1381.5,30.2
1382.0,30.2
1382.5,30.2
1383.0,30.2
1383.5,30.2
1384.0,30.2
1384.5,30.2
1385.0,30.2
1385.5,30.2
1386.0,30.2
1386.5,30.2
1387.0,30.2
1387.5,30.2
1388.0,30.2
1388.5,30.2
1389.0,30.2
1389.5,30.2
1390.0,30.2
1390.5,30.2
1391.0,30.2
1391.5,30.2
1392.0,30.2
1392.5,30.2
1393.0,30.2
1393.5,30.2
1394.0,30.2
1394.5,30.2
1395.0,30.2
1395.5,30.2
1396.0,30.2
1396.5,30.2
1397.0,30.2
1397.5,30.2
1398.0,30.2
1398.5,30.2
1399.0,30.2
1399.5,30.2
1400.0,30.2
1400.5,30.2
1401.0,30.2
1401.5,30.2
1402.0,30.2
1402.5,30.2
1403.0,30.2
1403.5,30.2
1404.0,30.2
1404.5,30.2
1405.0,30.2
1405.5,30.2
1406.0,30.2
1406.5,30.2
1407.0,30.2
1407.5,30.2
1408.0,30.2
1408.5,30.2
1409.0,30.2
1409.5,30.2
1410.0,30.2
1410.5,30.2
1411.0,30.2
1411.5,30.2
1412.0,30.2
1412.5,30.2
1413.0,30.2
1413.5,30.2
1414.0,30.2
1414.5,30.2
1415.0,30.2
1415.5,30.2
1416.0,30.2
1416.5,30.2
1417.0,30.2
1417.5,30.2
1418.0,30.2
1418.5,30.2
1419.0,30.2
1419.5,30.2
1420.0,30.2
1420.5,30.2
1421.0,30.2
1421.5,30.2
1422.0,30.2
1422.5,30.2
1423.0,30.2
1423.5,30.2
1424.0,30.2
1424.5,30.2
1425.0,30.2
1425.5,30.2
1426.0,30.2
1426.5,30.2
1427.0,30.2
1427.5,30.2
1428.0,30.2
1428.5,30.2
1429.0,30.2
1429.5,30.2
1430.0,30.2
1430.5,30.2
1431.0,30.2
1431.5,30.2
1432.0,30.2
1432.5,30.2
1433.0,30.2
1433.5,30.2
1434.0,30.2
1434.5,30.2
1435.0,30.2
1435.5,30.2
1436.0,30.2
1436.5,30.2
1437.0,30.2
1437.5,30.2
1438.0,30.2
1438.5,30.2
1439.0,30.2
1439.5,30.2
1440.0,30.2
1440.5,30.2
1441.0,30.2
1441.5,30.2
1442.0,30.2
1442.5,30.2
1443.0,30.2
1443.5,30.2
1444.0,30.2
1444.5,30.2
1445.0,30.2
1445.5,30.2
1446.0,30.2
1446.5,30.2
1447.0,30.2
1447.5,30.2
1448.0,30.2
1448.5,30.2
1449.0,30.2
1449.5,30.2
1450.0,30.2
1450.5,30.2
1451.0,30.2
1451.5,30.2
1452.0,30.2
1452.5,30.2
1453.0,30.2
1453.5,30.2
1454.0,30.2
1454.5,30.2
1455.0,30.2
1455.5,30.2
1456.0,30.2
1456.5,30.2
1457.0,30.2
1457.5,30.2
1458.0,30.2
1458.5,30.2
1459.0,30.2
1459.5,30.2
1460.0,30.2
1460.5,30.2
1461.0,30.2
1461.5,30.2
1462.0,30.2
1462.5,30.2
1463.0,30.1
1463.5,30.2
1464.0,30.2
1464.5,30.2
1465.0,30.2
1465.5,30.2
1466.0,30.2
1466.5,30.2
1467.0,30.2
1467.5,30.2
1468.0,30.2
1468.5,30.2
1469.0,30.2
1469.5,30.2
1470.0,30.2
1470.5,30.2
1471.0,30.2
1471.5,30.2
1472.0,30.2
1472.5,30.2
1473.0,30.2
1473.5,30.2
1474.0,30.2
1474.5,30.2
1475.0,30.2
1475.5,30.2
1476.0,30.2
1476.5,30.2
1477.0,30.2
1477.5,30.2
1478.0,30.2
1478.5,30.2
1479.0,30.2
1479.5,30.2
1480.0,30.2
1480.5,30.2
1481.0,30.2
1481.5,30.2
1482.0,30.1
1482.5,30.2
1483.0,30.1
1483.5,30.2
1484.0,30.2
1484.5,30.2
1485.0,30.2
1485.5,30.2
1486.0,30.2
1486.5,30.2
1487.0,30.2
1487.5,30.2
1488.0,30.1
1488.5,30.2
1489.0,30.2
1489.5,30.2
1490.0,30.2
1490.5,30.2
1491.0,30.2
1491.5,30.2
1492.0,30.2
1492.5,30.2
1493.0,30.2
1493.5,30.2
1494.0,30.2
1494.5,30.2
1495.0,30.2
1495.5,30.2
1496.0,30.2
1496.5,30.2
1497.0,30.2
1497.5,30.2
1498.0,30.2
1498.5,30.1
1499.0,30.2
1499.5,30.2
1500.0,30.2
1500.5,30.2
1501.0,30.2
1501.5,30.2
1502.0,30.2
1502.5,30.2
1503.0,30.2
1503.5,30.2
1504.0,30.2
1504.5,30.2
1505.0,30.2
1505.5,30.2
1506.0,30.2
1506.5,30.2
1507.0,30.2
1507.5,30.2
1508.0,30.2
1508.5,30.2
1509.0,30.2
1509.5,30.2
1510.0,30.2
1510.5,30.2
1511.0,30.2
1511.5,30.2
1512.0,30.2
1512.5,30.2
1513.0,30.2
1513.5,30.2
1514.0,30.2
1514.5,30.2
1515.0,30.2
1515.5,30.2
1516.0,30.2
1516.5,30.2
1517.0,30.2
1517.5,30.2
1518.0,30.2
1518.5,30.2
1519.0,30.2
1519.5,30.2
1520.0,30.2
1520.5,30.2
1521.0,30.1
1521.5,30.2
1522.0,30.2
1522.5,30.2
1523.0,30.2
1523.5,30.2
1524.0,30.2
1524.5,30.2
1525.0,30.2
1525.5,30.2
1526.0,30.2
1526.5,30.2
1527.0,30.2
1527.5,30.2
1528.0,30.2
1528.5,30.2
1529.0,30.1
1529.5,30.2
1530.0,30.2
1530.5,30.2
1531.0,30.2
1531.5,30.2
1532.0,30.2
1532.5,30.2
1533.0,30.2
1533.5,30.2
1534.0,30.2
1534.5,30.2
1535.0,30.2
1535.5,30.2
1536.0,30.1
1536.5,30.2
1537.0,30.2
1537.5,30.2
1538.0,30.2
1538.5,30.2
1539.0,30.2
1539.5,30.2
1540.0,30.2
1540.5,30.2
1541.0,30.2
1541.5,30.2
1542.0,30.2
1542.5,30.2
1543.0,30.2
1543.5,30.2
1544.0,30.2
1544.5,30.2
1545.0,30.2
1545.5,30.2
1546.0,30.2
1546.5,30.2
1547.0,30.2
1547.5,30.2
1548.0,30.2
1548.5,30.2
1549.0,30.2
1549.5,30.2
1550.0,30.2
1550.5,30.2
1551.0,30.2
1551.5,30.2
1552.0,30.2
1552.5,30.2
1553.0,30.2
1553.5,30.2
1554.0,30.2
1554.5,30.2
1555.0,30.2
1555.5,30.2
1556.0,30.2
1556.5,30.2
1557.0,30.2
1557.5,30.2
1558.0,30.2
1558.5,30.2
1559.0,30.2
1559.5,30.2
1560.0,30.2
1560.5,30.2
1561.0,30.2
1561.5,30.2
1562.0,30.2
1562.5,30.2
1563.0,30.2
1563.5,30.2
1564.0,30.2
1564.5,30.2
1565.0,30.2
1565.5,30.2
1566.0,30.2
1566.5,30.2
1567.0,30.2
1567.5,30.2
1568.0,30.2
1568.5,30.2
1569.0,30.2
1569.5,30.2
1570.0,30.2
1570.5,30.2
1571.0,30.2
1571.5,30.2
1572.0,30.2
1572.5,30.2
1573.0,30.2
1573.5,30.2
1574.0,30.2
1574.5,30.2
1575.0,30.2
1575.5,30.2
1576.0,30.2
1576.5,30.2
1577.0,30.2
1577.5,30.2
1578.0,30.2
1578.5,30.2
1579.0,30.2
1579.5,30.2
1580.0,30.2
1580.5,30.2
1581.0,30.2
1581.5,30.2
1582.0,30.2
1582.5,30.2
1583.0,30.2
1583.5,30.2
1584.0,30.2
1584.5,30.2
1585.0,30.2
1585.5,30.2
1586.0,30.2
1586.5,30.2
1587.0,30.2
1587.5,30.2
1588.0,30.2
1588.5,30.2
1589.0,30.2
1589.5,30.2
1590.0,30.2
1590.5,30.2
1591.0,30.2
1591.5,30.2
1592.0,30.2
1592.5,30.2
1593.0,30.2
1593.5,30.2
1594.0,30.2
1594.5,30.2
1595.0,30.2
1595.5,30.2
1596.0,30.2
1596.5,30.2
1597.0,30.2
1597.5,30.2
1598.0,30.2
1598.5,30.2
1599.0,30.2
1599.5,30.2
1600.0,30.2
1600.5,30.2
1601.0,30.2
1601.5,30.2
1602.0,30.2
1602.5,30.2
1603.0,30.2
1603.5,30.2
1604.0,30.2
1604.5,30.2
1605.0,30.2
1605.5,30.2
1606.0,30.2
1606.5,30.2
1607.0,30.2
1607.5,30.2
1608.0,30.2
1608.5,30.2
1609.0,30.2
1609.5,30.2
1610.0,30.2
1610.5,30.2
1611.0,30.2
1611.5,30.2
1612.0,30.2
1612.5,30.2
1613.0,30.2
1613.5,30.2
1614.0,30.2
1614.5,30.2
1615.0,30.2
1615.5,30.2
1616.0,30.2
1616.5,30.2
1617.0,30.2
1617.5,30.2
1618.0,30.2
1618.5,30.2
1619.0,30.3
1619.5,30.2
1620.0,30.2
1620.5,30.2
1621.0,30.2
1621.5,30.2
1622.0,30.2
1622.5,30.2
1623.0,30.2
1623.5,30.2
1624.0,30.2
1624.5,30.3
1625.0,30.2
1625.5,30.2
1626.0,30.2
1626.5,30.2
1627.0,30.2
1627.5,30.3
1628.0,30.2
1628.5,30.2
1629.0,30.3
1629.5,30.2
1630.0,30.2
1630.5,30.2
1631.0,30.2
1631.5,30.2
1632.0,30.2
1632.5,30.2
1633.0,30.3
1633.5,30.2
1634.0,30.2
1634.5,30.2
1635.0,30.2
1635.5,30.2
1636.0,30.2
1636.5,30.2
1637.0,30.2
1637.5,30.2
1638.0,30.2
1638.5,30.2
1639.0,30.2
1639.5,30.2
1640.0,30.2
1640.5,30.2
1641.0,30.2
1641.5,30.2
1642.0,30.2
1642.5,30.2
1643.0,30.2
1643.5,30.3
1644.0,30.2
1644.5,30.2
1645.0,30.2
1645.5,30.2
1646.0,30.2
1646.5,30.2
1647.0,30.2
1647.5,30.2
1648.0,30.2
1648.5,30.2
1649.0,30.2
1649.5,30.2
1650.0,30.2
1650.5,30.2
1651.0,30.2
1651.5,30.2
1652.0,30.3
1652.5,30.2
1653.0,30.2
1653.5,30.2
1654.0,30.3
1654.5,30.2
1655.0,30.2
1655.5,30.2
1656.0,30.2
1656.5,30.2
1657.0,30.2
1657.5,30.2
1658.0,30.3
1658.5,30.2
1659.0,30.3
1659.5,30.2
1660.0,30.3
1660.5,30.2
1661.0,30.2
1661.5,30.2
1662.0,30.2
1662.5,30.2
1663.0,30.2
1663.5,30.2
1664.0,30.2
1664.5,30.2
1665.0,30.2
1665.5,30.2
1666.0,30.2
1666.5,30.2
1667.0,30.3
1667.5,30.3
1668.0,30.2
1668.5,30.2
1669.0,30.3
1669.5,30.3
1670.0,30.2
1670.5,30.2
1671.0,30.3
1671.5,30.2
1672.0,30.2
1672.5,30.2
1673.0,30.2
1673.5,30.2
1674.0,30.2
1674.5,30.3
1675.0,30.2
1675.5,30.2
1676.0,30.2
1676.5,30.2
1677.0,30.2
1677.5,30.2
1678.0,30.2
1678.5,30.2
1679.0,30.2
1679.5,30.2
1680.0,30.3
1680.5,30.2
1681.0,30.2
1681.5,30.2
1682.0,30.2
1682.5,30.3
1683.0,30.2
1683.5,30.2
1684.0,30.2
1684.5,30.3
1685.0,30.2
1685.5,30.2
1686.0,30.3
1686.5,30.3
1687.0,30.3
1687.5,30.3
1688.0,30.3
1688.5,30.3
1689.0,30.2
1689.5,30.3
1690.0,30.2
1690.5,30.2
1691.0,30.3
1691.5,30.3
1692.0,30.2
1692.5,30.3
1693.0,30.3
1693.5,30.3
1694.0,30.3
1694.5,30.3
1695.0,30.3
1695.5,30.2
1696.0,30.3
1696.5,30.2
1697.0,30.3
1697.5,30.2
1698.0,30.3
1698.5,30.3
1699.0,30.3
1699.5,30.3
1700.0,30.2
1700.5,30.3
1701.0,30.3
1701.5,30.3
1702.0,30.3
1702.5,30.3
1703.0,30.3
1703.5,30.3
1704.0,30.2
1704.5,30.2
1705.0,30.3
1705.5,30.3
1706.0,30.3
1706.5,30.3
1707.0,30.3
1707.5,30.3
1708.0,30.2
1708.5,30.3
1709.0,30.2
1709.5,30.3
1710.0,30.2
1710.5,30.3
1711.0,30.3
1711.5,30.3
1712.0,30.3
1712.5,30.3
1713.0,30.3
1713.5,30.3
1714.0,30.3
1714.5,30.3
1715.0,30.2
1715.5,30.2
1716.0,30.2
1716.5,30.3
1717.0,30.3
1717.5,30.2
1718.0,30.2
1718.5,30.2
1719.0,30.3
1719.5,30.3
1720.0,30.3
1720.5,30.3
1721.0,30.3
1721.5,30.3
1722.0,30.3
1722.5,30.3
1723.0,30.3
1723.5,30.3
1724.0,30.3
1724.5,30.3
1725.0,30.3
1725.5,30.3
1726.0,30.3
1726.5,30.3
1727.0,30.3
1727.5,30.2
1728.0,30.3
1728.5,30.3
1729.0,30.3
1729.5,30.3
1730.0,30.2
1730.5,30.3
1731.0,30.2
1731.5,30.3
1732.0,30.3
1732.5,30.2
1733.0,30.3
1733.5,30.3
1734.0,30.3
1734.5,30.3
1735.0,30.3
1735.5,30.3
1736.0,30.3
1736.5,30.3
1737.0,30.3
1737.5,30.3
1738.0,30.3
1738.5,30.3
1739.0,30.3
1739.5,30.3
1740.0,30.3
1740.5,30.3
1741.0,30.3
1741.5,30.3
1742.0,30.3
1742.5,30.3
1743.0,30.3
1743.5,30.3
1744.0,30.3
1744.5,30.3
1745.0,30.3
1745.5,30.3
1746.0,30.3
1746.5,30.3
1747.0,30.3
1747.5,30.3
1748.0,30.3
1748.5,30.3
1749.0,30.3
1749.5,30.3
1750.0,30.2
1750.5,30.3
1751.0,30.3
1751.5,30.3
1752.0,30.3
1752.5,30.3
1753.0,30.3
1753.5,30.3
1754.0,30.3
1754.5,30.3
1755.0,30.3
1755.5,30.3
1756.0,30.2
1756.5,30.3
1757.0,30.2
1757.5,30.3
1758.0,30.3
1758.5,30.3
1759.0,30.3
1759.5,30.3
1760.0,30.3
1760.5,30.3
1761.0,30.3
1761.5,30.3
1762.0,30.3
1762.5,30.3
1763.0,30.3
1763.5,30.3
1764.0,30.3
1764.5,30.3
1765.0,30.3
1765.5,30.3
1766.0,30.3
1766.5,30.3
1767.0,30.3
1767.5,30.3
1768.0,30.3
1768.5,30.3
1769.0,30.3
1769.5,30.3
1770.0,30.3
1770.5,30.2
1771.0,30.3
1771.5,30.3
1772.0,30.3
1772.5,30.3
1773.0,30.3
1773.5,30.3
1774.0,30.3
1774.5,30.3
1775.0,30.3
1775.5,30.3
1776.0,30.3
1776.5,30.3
1777.0,30.3
1777.5,30.3
1778.0,30.3
1778.5,30.3
1779.0,30.3
1779.5,30.3
1780.0,30.3
1780.5,30.3
1781.0,30.3
1781.5,30.3
1782.0,30.3
1782.5,30.3
1783.0,30.3
1783.5,30.3
1784.0,30.3
1784.5,30.3
1785.0,30.3
1785.5,30.3
1786.0,30.3
1786.5,30.3
1787.0,30.3
1787.5,30.3
1788.0,30.3
1788.5,30.3
1789.0,30.3
1789.5,30.3
1790.0,30.3
1790.5,30.2
1791.0,30.3
1791.5,30.3
1792.0,30.3
1792.5,30.3
1793.0,30.3
1793.5,30.3
1794.0,30.3
1794.5,30.3
1795.0,30.3
1795.5,30.3
1796.0,30.3
1796.5,30.3
1797.0,30.3
1797.5,30.3
1798.0,30.3
1798.5,30.3
1799.0,30.3
1799.5,30.3
1800.0,30.3
1800.5,30.3
1801.0,30.3
1801.5,30.3
1802.0,30.3
1802.5,30.3
1803.0,30.3
1803.5,30.3
1804.0,30.3
1804.5,30.3
1805.0,30.3
1805.5,30.3
1806.0,30.3
1806.5,30.3
1807.0,30.3
1807.5,30.3
1808.0,30.3
1808.5,30.3
1809.0,30.3
1809.5,30.3
1810.0,30.3
1810.5,30.3
1811.0,30.3
1811.5,30.3
1812.0,30.3
1812.5,30.3
1813.0,30.3
1813.5,30.3
1814.0,30.3
1814.5,30.3
1815.0,30.3
1815.5,30.3
1816.0,30.3
1816.5,30.3
1817.0,30.3
1817.5,30.3
1818.0,30.3
1818.5,30.3
1819.0,30.3
1819.5,30.3
1820.0,30.3
1820.5,30.3
1821.0,30.3
1821.5,30.3
1822.0,30.3
1822.5,30.3
1823.0,30.3
1823.5,30.3
1824.0,30.3
1824.5,30.3
1825.0,30.3
1825.5,30.3
1826.0,30.3
1826.5,30.3
1827.0,30.3
1827.5,30.3
1828.0,30.3
1828.5,30.3
1829.0,30.3
1829.5,30.3
1830.0,30.3
1830.5,30.3
1831.0,30.3
1831.5,30.3
1832.0,30.3
1832.5,30.3
1833.0,30.3
1833.5,30.3
1834.0,30.3
1834.5,30.3
1835.0,30.3
1835.5,30.3
1836.0,30.3
1836.5,30.3
1837.0,30.3
1837.5,30.3
1838.0,30.3
1838.5,30.3
1839.0,30.3
1839.5,30.3
1840.0,30.3
1840.5,30.3
1841.0,30.3
1841.5,30.3
1842.0,30.3
1842.5,30.3
1843.0,30.3
1843.5,30.3
1844.0,30.3
1844.5,30.3
1845.0,30.3
1845.5,30.3
1846.0,30.3
1846.5,30.3
1847.0,30.3
1847.5,30.3
1848.0,30.3
1848.5,30.3
1849.0,30.3
1849.5,30.3
1850.0,30.3
1850.5,30.3
1851.0,30.3
1851.5,30.3
1852.0,30.3
1852.5,30.3
1853.0,30.3
1853.5,30.3
1854.0,30.3
1854.5,30.3
1855.0,30.3
1855.5,30.3
1856.0,30.3
1856.5,30.3
1857.0,30.3
1857.5,30.3
1858.0,30.3
1858.5,30.3
1859.0,30.3
1859.5,30.3
1860.0,30.3
1860.5,30.3
1861.0,30.3
1861.5,30.3
1862.0,30.3
1862.5,30.3
1863.0,30.3
1863.5,30.3
1864.0,30.3
1864.5,30.3
1865.0,30.3
1865.5,30.3
1866.0,30.3
1866.5,30.3
1867.0,30.3
1867.5,30.3
1868.0,30.3
1868.5,30.3
1869.0,30.3
1869.5,30.3
1870.0,30.3
1870.5,30.3
1871.0,30.3
1871.5,30.3
1872.0,30.3
1872.5,30.3
1873.0,30.3
1873.5,30.3
1874.0,30.3
1874.5,30.3
1875.0,30.3
1875.5,30.3
1876.0,30.3
1876.5,30.3
1877.0,30.3
1877.5,30.3
1878.0,30.3
1878.5,30.3
1879.0,30.3
1879.5,30.3
1880.0,30.3
1880.5,30.3
1881.0,30.3
1881.5,30.3
1882.0,30.3
1882.5,30.3
1883.0,30.3
1883.5,30.3
1884.0,30.3
1884.5,30.3
1885.0,30.3
1885.5,30.3
1886.0,30.3
1886.5,30.3
1887.0,30.3
1887.5,30.3
1888.0,30.3
1888.5,30.3
1889.0,30.3
1889.5,30.3
1890.0,30.3
1890.5,30.3
1891.0,30.3
1891.5,30.3
1892.0,30.3
1892.5,30.3
1893.0,30.4
1893.5,30.3
1894.0,30.3
1894.5,30.3
1895.0,30.3
1895.5,30.3
1896.0,30.3
1896.5,30.3
1897.0,30.3
1897.5,30.3
1898.0,30.3
1898.5,30.3
1899.0,30.3
1899.5,30.3
1900.0,30.3
1900.5,30.4
1901.0,30.3
1901.5,30.3
1902.0,30.3
1902.5,30.3
1903.0,30.3
1903.5,30.3
1904.0,30.3
1904.5,30.3
1905.0,30.3
1905.5,30.3
1906.0,30.3
1906.5,30.3
1907.0,30.3
1907.5,30.3
1908.0,30.3
1908.5,30.3
1909.0,30.3
1909.5,30.3
1910.0,30.3
1910.5,30.3
1911.0,30.3
1911.5,30.3
1912.0,30.3
1912.5,30.3
1913.0,30.3
1913.5,30.3
1914.0,30.3
1914.5,30.3
1915.0,30.3
1915.5,30.3
1916.0,30.3
1916.5,30.3
1917.0,30.3
1917.5,30.3
1918.0,30.3
1918.5,30.3
1919.0,30.3
1919.5,30.3
1920.0,30.3
1920.5,30.3
1921.0,30.3
1921.5,30.3
1922.0,30.3
1922.5,30.3
1923.0,30.3
1923.5,30.3
1924.0,30.3
1924.5,30.3
1925.0,30.3
1925.5,30.3
1926.0,30.3
1926.5,30.3
1927.0,30.3
1927.5,30.3
1928.0,30.3
1928.5,30.3
1929.0,30.3
1929.5,30.3
1930.0,30.3
1930.5,30.3
1931.0,30.3
1931.5,30.3
1932.0,30.3
1932.5,30.3
1933.0,30.3
1933.5,30.3
1934.0,30.3
1934.5,30.3
1935.0,30.3
1935.5,30.3
1936.0,30.3
1936.5,30.3
1937.0,30.3
1937.5,30.3
1938.0,30.3
1938.5,30.3
1939.0,30.3
1939.5,30.3
1940.0,30.3
1940.5,30.3
1941.0,30.3
1941.5,30.3
1942.0,30.3
1942.5,30.3
1943.0,30.3
1943.5,30.3
1944.0,30.3
1944.5,30.3
1945.0,30.3
1945.5,30.3
1946.0,30.3
1946.5,30.3
1947.0,30.3
1947.5,30.3
1948.0,30.3
1948.5,30.3
1949.0,30.3
1949.5,30.3
1950.0,30.3
1950.5,30.3
1951.0,30.3
1951.5,30.3
1952.0,30.3
1952.5,30.3
1953.0,30.3
1953.5,30.3
1954.0,30.3
1954.5,30.3
1955.0,30.4
1955.5,30.3
1956.0,30.3
1956.5,30.3
1957.0,30.3
1957.5,30.3
1958.0,30.3
1958.5,30.3
1959.0,30.3
1959.5,30.3
1960.0,30.3
1960.5,30.3
1961.0,30.3
1961.5,30.3
1962.0,30.3
1962.5,30.3
1963.0,30.3
1963.5,30.3
1964.0,30.3
1964.5,30.3
1965.0,30.3
1965.5,30.3
1966.0,30.3
1966.5,30.3
1967.0,30.3
1967.5,30.3
1968.0,30.3
1968.5,30.3
1969.0,30.3
1969.5,30.3
1970.0,30.3
1970.5,30.3
1971.0,30.3
1971.5,30.3
1972.0,30.3
1972.5,30.3
1973.0,30.3
1973.5,30.3
1974.0,30.3
1974.5,30.3
1975.0,30.3
1975.5,30.3
1976.0,30.3
1976.5,30.3
1977.0,30.3
1977.5,30.3
1978.0,30.3
1978.5,30.3
1979.0,30.3
1979.5,30.3
1980.0,30.3
1980.5,30.3
1981.0,30.3
1981.5,30.3
1982.0,30.3
1982.5,30.3
1983.0,30.3
1983.5,30.3
1984.0,30.3
1984.5,30.3
1985.0,30.3
1985.5,30.4
1986.0,30.3
1986.5,30.3
1987.0,30.3
1987.5,30.3
1988.0,30.4
1988.5,30.4
1989.0,30.3
1989.5,30.3
1990.0,30.3
1990.5,30.3
1991.0,30.3
1991.5,30.3
1992.0,30.3
1992.5,30.3
1993.0,30.3
1993.5,30.3
1994.0,30.3
1994.5,30.3
1995.0,30.3
1995.5,30.3
1996.0,30.3
1996.5,30.3
1997.0,30.3
1997.5,30.3
1998.0,30.3
1998.5,30.3
1999.0,30.4
1999.5,30.3
2000.0,30.3
2000.5,30.3
2001.0,30.3
2001.5,30.3
2002.0,30.3
2002.5,30.4
2003.0,30.3
2003.5,30.3
2004.0,30.3
2004.5,30.3
2005.0,30.4
2005.5,30.3
2006.0,30.4
2006.5,30.3
2007.0,30.3
2007.5,30.3
2008.0,30.3
2008.5,30.3
2009.0,30.3
2009.5,30.3
2010.0,30.3
2010.5,30.3
2011.0,30.3
2011.5,30.3
2012.0,30.3
2012.5,30.3
2013.0,30.3
2013.5,30.3
2014.0,30.3
2014.5,30.3
2015.0,30.3
2015.5,30.3
2016.0,30.3
2016.5,30.3
2017.0,30.3
2017.5,30.3
2018.0,30.4
2018.5,30.4
2019.0,30.3
2019.5,30.3
2020.0,30.3
2020.5,30.3
2021.0,30.3
2021.5,30.3
2022.0,30.4
2022.5,30.3
2023.0,30.3
2023.5,30.4
2024.0,30.3
2024.5,30.3
2025.0,30.3
2025.5,30.4
2026.0,30.3
2026.5,30.3
2027.0,30.3
2027.5,30.3
2028.0,30.4
2028.5,30.4
2029.0,30.4
2029.5,30.4
2030.0,30.3
2030.5,30.4
2031.0,30.4
2031.5,30.3
2032.0,30.4
2032.5,30.3
2033.0,30.3
2033.5,30.3
2034.0,30.4
2034.5,30.4
2035.0,30.4
2035.5,30.3
2036.0,30.4
2036.5,30.4
2037.0,30.4
2037.5,30.4
2038.0,30.3
2038.5,30.4
2039.0,30.3
2039.5,30.3
2040.0,30.4
2040.5,30.4
2041.0,30.3
2041.5,30.4
2042.0,30.4
2042.5,30.4
2043.0,30.4
2043.5,30.3
2044.0,30.3
2044.5,30.3
2045.0,30.4
2045.5,30.4
2046.0,30.3
2046.5,30.3
2047.0,30.4
2047.5,30.3
2048.0,30.4
2048.5,30.3
2049.0,30.4
2049.5,30.4
2050.0,30.4
2050.5,30.4
2051.0,30.4
2051.5,30.4
2052.0,30.4
2052.5,30.3
2053.0,30.4
2053.5,30.4
2054.0,30.4
2054.5,30.3
2055.0,30.3
2055.5,30.3
2056.0,30.4
2056.5,30.4
2057.0,30.3
2057.5,30.4
2058.0,30.3
2058.5,30.4
2059.0,30.3
2059.5,30.4
2060.0,30.3
2060.5,30.4
2061.0,30.3
2061.5,30.3
2062.0,30.4
2062.5,30.3
2063.0,30.4
2063.5,30.3
2064.0,30.4
2064.5,30.4
2065.0,30.3
2065.5,30.3
2066.0,30.3
2066.5,30.4
2067.0,30.3
2067.5,30.3
2068.0,30.4
2068.5,30.4
2069.0,30.3
2069.5,30.4
2070.0,30.3
2070.5,30.4
2071.0,30.4
2071.5,30.4
2072.0,30.3
2072.5,30.4
2073.0,30.3
2073.5,30.4
2074.0,30.3
2074.5,30.3
2075.0,30.4
2075.5,30.4
2076.0,30.4
2076.5,30.3
2077.0,30.3
2077.5,30.3
2078.0,30.3
2078.5,30.3
2079.0,30.4
2079.5,30.3
2080.0,30.3
2080.5,30.3
2081.0,30.3
2081.5,30.4
2082.0,30.3
2082.5,30.3
2083.0,30.3
2083.5,30.3
2084.0,30.4
2084.5,30.3
2085.0,30.4
2085.5,30.3
2086.0,30.3
2086.5,30.4
2087.0,30.3
2087.5,30.4
2088.0,30.3
2088.5,30.4
2089.0,30.4
2089.5,30.4
2090.0,30.4
2090.5,30.3
2091.0,30.3
2091.5,30.4
2092.0,30.4
2092.5,30.4
2093.0,30.3
2093.5,30.4
2094.0,30.4
2094.5,30.4
2095.0,30.4
2095.5,30.3
2096.0,30.4
2096.5,30.4
2097.0,30.4
2097.5,30.4
2098.0,30.3
2098.5,30.4
2099.0,30.4
2099.5,30.3
2100.0,30.3
2100.5,30.4
2101.0,30.4
2101.5,30.3
2102.0,30.3
2102.5,30.3
2103.0,30.4
2103.5,30.3
2104.0,30.3
2104.5,30.4
2105.0,30.3
2105.5,30.3
2106.0,30.4
2106.5,30.3
2107.0,30.4
2107.5,30.3
2108.0,30.3
2108.5,30.3
2109.0,30.4
2109.5,30.3
2110.0,30.4
2110.5,30.3
2111.0,30.3
2111.5,30.4
2112.0,30.4
2112.5,30.4
2113.0,30.3
2113.5,30.4
2114.0,30.3
2114.5,30.3
2115.0,30.3
2115.5,30.4
2116.0,30.4
2116.5,30.4
2117.0,30.3
2117.5,30.3
2118.0,30.3
2118.5,30.3
2119.0,30.3
2119.5,30.3
2120.0,30.4
2120.5,30.3
2121.0,30.4
2121.5,30.3
2122.0,30.3
2122.5,30.3
2123.0,30.4
2123.5,30.3
2124.0,30.4
2124.5,30.4
2125.0,30.4
2125.5,30.3
2126.0,30.4
2126.5,30.4
2127.0,30.3
2127.5,30.4
2128.0,30.3
2128.5,30.4
2129.0,30.4
2129.5,30.4
2130.0,30.4
2130.5,30.3
2131.0,30.4
2131.5,30.4
2132.0,30.3
2132.5,30.3
2133.0,30.3
2133.5,30.4
2134.0,30.4
2134.5,30.3
2135.0,30.3
2135.5,30.4
2136.0,30.4
2136.5,30.4
2137.0,30.4
2137.5,30.3
2138.0,30.4
2138.5,30.3
2139.0,30.4
2139.5,30.4
2140.0,30.4
2140.5,30.4
2141.0,30.3
2141.5,30.3
2142.0,30.4
2142.5,30.3
2143.0,30.4
2143.5,30.4
2144.0,30.4
2144.5,30.3
2145.0,30.4
2145.5,30.3
2146.0,30.4
2146.5,30.4
2147.0,30.4
2147.5,30.3
2148.0,30.4
2148.5,30.3
2149.0,30.4
2149.5,30.3
2150.0,30.4
2150.5,30.4
2151.0,30.4
2151.5,30.4
2152.0,30.3
2152.5,30.4
2153.0,30.4
2153.5,30.3
2154.0,30.4
2154.5,30.4
2155.0,30.3
2155.5,30.4
2156.0,30.4
2156.5,30.4
2157.0,30.4
2157.5,30.4
2158.0,30.3
2158.5,30.3
2159.0,30.4
2159.5,30.3
2160.0,30.4
2160.5,30.4
2161.0,30.4
2161.5,30.3
2162.0,30.4
2162.5,30.4
2163.0,30.4
2163.5,30.3
2164.0,30.3
2164.5,30.3
2165.0,30.4
2165.5,30.3
2166.0,30.4
2166.5,30.3
2167.0,30.4
2167.5,30.4
2168.0,30.4
2168.5,30.4
2169.0,30.3
2169.5,30.4
2170.0,30.4
2170.5,30.3
2171.0,30.3
2171.5,30.4
2172.0,30.4
2172.5,30.3
2173.0,30.4
2173.5,30.4
2174.0,30.4
2174.5,30.3
2175.0,30.3
2175.5,30.3
2176.0,30.3
2176.5,30.3
2177.0,30.3
2177.5,30.3
2178.0,30.3
2178.5,30.3
2179.0,30.3
2179.5,30.3
2180.0,30.3
2180.5,30.4
2181.0,30.4
2181.5,30.3
2182.0,30.4
2182.5,30.3
2183.0,30.4
2183.5,30.4
2184.0,30.4
2184.5,30.4
2185.0,30.3
2185.5,30.3
2186.0,30.3
2186.5,30.3
2187.0,30.3
2187.5,30.3
2188.0,30.3
2188.5,30.3
2189.0,30.3
2189.5,30.3
2190.0,30.3
2190.5,30.3
2191.0,30.3
2191.5,30.3
2192.0,30.3
2192.5,30.3
2193.0,30.3
2193.5,30.3
2194.0,30.3
2194.5,30.3
2195.0,30.3
2195.5,30.3
2196.0,30.3
2196.5,30.3
2197.0,30.3
2197.5,30.3
2198.0,30.3
2198.5,30.3
2199.0,30.3
2199.5,30.3
2200.0,30.4
2200.5,30.3
2201.0,30.3
2201.5,30.3
2202.0,30.3
2202.5,30.3
2203.0,30.3
2203.5,30.3
2204.0,30.3
2204.5,30.3
2205.0,30.3
2205.5,30.3
2206.0,30.4
2206.5,30.3
2207.0,30.3
2207.5,30.3
2208.0,30.3
2208.5,30.3
2209.0,30.3
2209.5,30.4
2210.0,30.3
2210.5,30.3
2211.0,30.3
2211.5,30.3
2212.0,30.3
2212.5,30.4
2213.0,30.3
2213.5,30.3
2214.0,30.3
2214.5,30.3
2215.0,30.3
2215.5,30.3
2216.0,30.3
2216.5,30.3
2217.0,30.3
2217.5,30.3
2218.0,30.3
2218.5,30.3
2219.0,30.3
2219.5,30.3
2220.0,30.3
2220.5,30.3
2221.0,30.4
2221.5,30.3
2222.0,30.3
2222.5,30.3
2223.0,30.3
2223.5,30.3
2224.0,30.3
2224.5,30.3
2225.0,30.4
2225.5,30.3
2226.0,30.3
2226.5,30.3
2227.0,30.3
2227.5,30.3
2228.0,30.3
2228.5,30.3
2229.0,30.3
2229.5,30.3
2230.0,30.3
2230.5,30.3
2231.0,30.3
2231.5,30.3
2232.0,30.3
2232.5,30.3
2233.0,30.3
2233.5,30.3
2234.0,30.3
2234.5,30.3
2235.0,30.3
2235.5,30.4
2236.0,30.3
2236.5,30.3
2237.0,30.3
2237.5,30.3
2238.0,30.3
2238.5,30.3
2239.0,30.3
2239.5,30.3
2240.0,30.4
2240.5,30.3
2241.0,30.3
2241.5,30.3
2242.0,30.3
2242.5,30.4
2243.0,30.3
2243.5,30.3
2244.0,30.4
2244.5,30.3
2245.0,30.3
2245.5,30.3
2246.0,30.3
2246.5,30.3
2247.0,30.3
2247.5,30.3
2248.0,30.3
2248.5,30.3
2249.0,30.3
2249.5,30.3
2250.0,30.3
2250.5,30.3
2251.0,30.3
2251.5,30.3
2252.0,30.3
2252.5,30.3
2253.0,30.4
2253.5,30.3
2254.0,30.3
2254.5,30.3
2255.0,30.3
2255.5,30.3
2256.0,30.3
2256.5,30.3
2257.0,30.3
2257.5,30.3
2258.0,30.3
2258.5,30.3
2259.0,30.3
2259.5,30.3
2260.0,30.3
2260.5,30.3
2261.0,30.3
2261.5,30.3
2262.0,30.4
2262.5,30.3
2263.0,30.3
2263.5,30.3
2264.0,30.3
2264.5,30.3
2265.0,30.3
2265.5,30.3
2266.0,30.3
2266.5,30.3
2267.0,30.3
2267.5,30.3
2268.0,30.3
2268.5,30.3
2269.0,30.3
2269.5,30.3
2270.0,30.3
2270.5,30.3
2271.0,30.3
2271.5,30.3
2272.0,30.3
2272.5,30.3
2273.0,30.3
2273.5,30.3
2274.0,30.3
2274.5,30.3
2275.0,30.3
2275.5,30.3
2276.0,30.3
2276.5,30.3
2277.0,30.3
2277.5,30.3
2278.0,30.3
2278.5,30.3
2279.0,30.3
2279.5,30.3
2280.0,30.3
2280.5,30.3
2281.0,30.3
2281.5,30.3
2282.0,30.3
2282.5,30.3
2283.0,30.3
2283.5,30.3
2284.0,30.3
2284.5,30.3
2285.0,30.3
2285.5,30.4
2286.0,30.4
2286.5,30.4
2287.0,30.3
2287.5,30.3
2288.0,30.3
2288.5,30.3
2289.0,30.3
2289.5,30.3
2290.0,30.3
2290.5,30.3
2291.0,30.3
2291.5,30.3
2292.0,30.3
2292.5,30.4
2293.0,30.3
2293.5,30.3
2294.0,30.3
2294.5,30.3
2295.0,30.3
2295.5,30.3
2296.0,30.3
2296.5,30.3
2297.0,30.3
2297.5,30.3
2298.0,30.3
2298.5,30.3
2299.0,30.3
2299.5,30.3
2300.0,30.3
2300.5,30.3
2301.0,30.3
2301.5,30.3
2302.0,30.3
2302.5,30.3
2303.0,30.3
2303.5,30.3
2304.0,30.3
2304.5,30.3
2305.0,30.3
2305.5,30.3
2306.0,30.3
2306.5,30.4
2307.0,30.3
2307.5,30.3
2308.0,30.3
2308.5,30.3
2309.0,30.3
2309.5,30.3
2310.0,30.3
2310.5,30.3
2311.0,30.3
2311.5,30.3
2312.0,30.3
2312.5,30.3
2313.0,30.3
2313.5,30.4
2314.0,30.3
2314.5,30.3
2315.0,30.3
2315.5,30.3
2316.0,30.4
2316.5,30.4
2317.0,30.3
2317.5,30.4
2318.0,30.3
2318.5,30.3
2319.0,30.3
2319.5,30.3
2320.0,30.3
2320.5,30.3
2321.0,30.3
2321.5,30.3
2322.0,30.4
2322.5,30.3
2323.0,30.3
2323.5,30.3
2324.0,30.3
2324.5,30.4
2325.0,30.3
2325.5,30.3
2326.0,30.4
2326.5,30.3
2327.0,30.4
2327.5,30.3
2328.0,30.4
2328.5,30.4
2329.0,30.3
2329.5,30.4
2330.0,30.4
2330.5,30.4
2331.0,30.4
2331.5,30.3
2332.0,30.3
2332.5,30.3
2333.0,30.4
2333.5,30.4
2334.0,30.3
2334.5,30.4
2335.0,30.3
2335.5,30.3
2336.0,30.4
2336.5,30.3
2337.0,30.4
2337.5,30.4
2338.0,30.3
2338.5,30.4
2339.0,30.4
2339.5,30.4
2340.0,30.4
2340.5,30.4
2341.0,30.4
2341.5,30.4
2342.0,30.4
2342.5,30.3
2343.0,30.4
2343.5,30.4
2344.0,30.4
2344.5,30.3
2345.0,30.3
2345.5,30.4
2346.0,30.3
2346.5,30.3
2347.0,30.4
2347.5,30.3
2348.0,30.3
2348.5,30.3
2349.0,30.4
2349.5,30.4
2350.0,30.4
2350.5,30.4
2351.0,30.3
2351.5,30.4
2352.0,30.4
2352.5,30.4
2353.0,30.4
2353.5,30.4
2354.0,30.4
2354.5,30.4
2355.0,30.4
2355.5,30.4
2356.0,30.4
2356.5,30.4
2357.0,30.3
2357.5,30.4
2358.0,30.4
2358.5,30.4
2359.0,30.4
2359.5,30.3
2360.0,30.4
2360.5,30.4
2361.0,30.4
2361.5,30.3
2362.0,30.4
2362.5,30.3
2363.0,30.4
2363.5,30.4
2364.0,30.4
2364.5,30.4
2365.0,30.4
2365.5,30.3
2366.0,30.4
2366.5,30.3
2367.0,30.4
2367.5,30.4
2368.0,30.4
2368.5,30.4
2369.0,30.3
2369.5,30.4
2370.0,30.4
2370.5,30.3
2371.0,30.4
2371.5,30.4
2372.0,30.4
2372.5,30.4
2373.0,30.4
2373.5,30.3
2374.0,30.4
2374.5,30.4
2375.0,30.4
2375.5,30.4
2376.0,30.4
2376.5,30.4
2377.0,30.4
2377.5,30.4
2378.0,30.4
2378.5,30.4
2379.0,30.4
2379.5,30.4
2380.0,30.4
2380.5,30.4
2381.0,30.3
2381.5,30.4
2382.0,30.4
2382.5,30.4
2383.0,30.4
2383.5,30.4
2384.0,30.4
2384.5,30.3
2385.0,30.4
2385.5,30.4
2386.0,30.4
2386.5,30.4
2387.0,30.4
2387.5,30.4
2388.0,30.4
2388.5,30.4
2389.0,30.4
2389.5,30.4
2390.0,30.4
2390.5,30.4
2391.0,30.4
2391.5,30.4
2392.0,30.4
2392.5,30.4
2393.0,30.4
2393.5,30.4
2394.0,30.4
2394.5,30.4
2395.0,30.4
2395.5,30.4
2396.0,30.4
2396.5,30.4
2397.0,30.4
2397.5,30.4
2398.0,30.4
2398.5,30.3
2399.0,30.4
2399.5,30.4
2400.0,30.4
2400.5,30.4
2401.0,30.4
2401.5,30.4
2402.0,30.4
2402.5,30.4
2403.0,30.4
2403.5,30.4
2404.0,30.4
2404.5,30.4
2405.0,30.4
2405.5,30.4
2406.0,30.4
2406.5,30.4
2407.0,30.4
2407.5,30.4
2408.0,30.4
2408.5,30.4
2409.0,30.4
2409.5,30.4
2410.0,30.4
2410.5,30.4
2411.0,30.4
2411.5,30.4
2412.0,30.4
2412.5,30.4
2413.0,30.4
2413.5,30.4
2414.0,30.4
2414.5,30.4
2415.0,30.4
2415.5,30.4
2416.0,30.4
2416.5,30.4
2417.0,30.4
2417.5,30.4
2418.0,30.4
2418.5,30.4
2419.0,30.4
2419.5,30.4
2420.0,30.4
2420.5,30.4
2421.0,30.4
2421.5,30.4
2422.0,30.4
2422.5,30.4
2423.0,30.4
2423.5,30.4
2424.0,30.4
2424.5,30.4
2425.0,30.4
2425.5,30.4
2426.0,30.4
2426.5,30.4
2427.0,30.4
2427.5,30.4
2428.0,30.4
2428.5,30.4
2429.0,30.4
2429.5,30.4
2430.0,30.4
2430.5,30.4
2431.0,30.4
2431.5,30.4
2432.0,30.4
2432.5,30.4
2433.0,30.4
2433.5,30.4
2434.0,30.4
2434.5,30.4
2435.0,30.4
2435.5,30.4
2436.0,30.4
2436.5,30.4
2437.0,30.4
2437.5,30.4
2438.0,30.4
2438.5,30.4
2439.0,30.4
2439.5,30.4
2440.0,30.4
2440.5,30.4
2441.0,30.4
2441.5,30.4
2442.0,30.4
2442.5,30.4
2443.0,30.4
2443.5,30.4
2444.0,30.4
2444.5,30.4
2445.0,30.4
2445.5,30.4
2446.0,30.4
2446.5,30.4
2447.0,30.4
2447.5,30.4
2448.0,30.4
2448.5,30.4
2449.0,30.4
2449.5,30.4
2450.0,30.4
2450.5,30.4
2451.0,30.4
2451.5,30.4
2452.0,30.4
2452.5,30.4
2453.0,30.4
2453.5,30.4
2454.0,30.4
2454.5,30.4
2455.0,30.4
2455.5,30.4
2456.0,30.4
2456.5,30.4
2457.0,30.4
2457.5,30.3
2458.0,30.4
2458.5,30.4
2459.0,30.4
2459.5,30.4
2460.0,30.4
2460.5,30.4
2461.0,30.4
2461.5,30.4
2462.0,30.4
2462.5,30.4
2463.0,30.4
2463.5,30.4
2464.0,30.4
2464.5,30.4
2465.0,30.4
2465.5,30.4
2466.0,30.4
2466.5,30.4
2467.0,30.4
2467.5,30.4
2468.0,30.4
2468.5,30.4
2469.0,30.4
2469.5,30.4
2470.0,30.4
2470.5,30.4
2471.0,30.4
2471.5,30.4
2472.0,30.4
2472.5,30.4
2473.0,30.4
2473.5,30.4
2474.0,30.4
2474.5,30.4
2475.0,30.4
2475.5,30.4
2476.0,30.4
2476.5,30.4
2477.0,30.3
2477.5,30.4
2478.0,30.4
2478.5,30.4
2479.0,30.4
2479.5,30.4
2480.0,30.4
2480.5,30.4
2481.0,30.4
2481.5,30.4
2482.0,30.4
2482.5,30.4
2483.0,30.4
2483.5,30.3
2484.0,30.4
2484.5,30.4
2485.0,30.4
2485.5,30.3
2486.0,30.3
2486.5,30.4
2487.0,30.4
2487.5,30.4
2488.0,30.4
2488.5,30.4
2489.0,30.4
2489.5,30.4
2490.0,30.4
2490.5,30.3
2491.0,30.3
2491.5,30.4
2492.0,30.4
2492.5,30.4
2493.0,30.4
2493.5,30.3
2494.0,30.4
2494.5,30.4
2495.0,30.4
2495.5,30.4
2496.0,30.4
2496.5,30.3
2497.0,30.4
2497.5,30.4
2498.0,30.4
2498.5,30.3
2499.0,30.3
2499.5,30.4
2500.0,30.3
2500.5,30.4
2501.0,30.4
2501.5,30.4
2502.0,30.4
2502.5,30.4
2503.0,30.3
2503.5,30.4
2504.0,30.4
2504.5,30.4
2505.0,30.3
2505.5,30.4
2506.0,30.4
2506.5,30.4
2507.0,30.4
2507.5,30.4
2508.0,30.3
2508.5,30.4
2509.0,30.4
2509.5,30.4
2510.0,30.4
2510.5,30.3
2511.0,30.3
2511.5,30.4
2512.0,30.3
2512.5,30.4
2513.0,30.4
2513.5,30.4
2514.0,30.4
2514.5,30.4
2515.0,30.4
2515.5,30.3
2516.0,30.3
2516.5,30.3
2517.0,30.3
2517.5,30.4
2518.0,30.4
2518.5,30.4
2519.0,30.3
2519.5,30.4
2520.0,30.4
2520.5,30.4
2521.0,30.4
2521.5,30.3
2522.0,30.3
2522.5,30.4
2523.0,30.3
2523.5,30.4
2524.0,30.3
2524.5,30.4
2525.0,30.4
2525.5,30.3
2526.0,30.4
2526.5,30.4
2527.0,30.4
2527.5,30.4
2528.0,30.3
2528.5,30.4
2529.0,30.3
2529.5,30.3
2530.0,30.4
2530.5,30.3
2531.0,30.3
2531.5,30.4
2532.0,30.4
2532.5,30.4
2533.0,30.3
2533.5,30.3
2534.0,30.4
2534.5,30.3
2535.0,30.3
2535.5,30.4
2536.0,30.4
2536.5,30.4
2537.0,30.3
2537.5,30.3
2538.0,30.3
2538.5,30.4
2539.0,30.3
2539.5,30.4
2540.0,30.4
2540.5,30.3
2541.0,30.3
2541.5,30.4
2542.0,30.3
2542.5,30.4
2543.0,30.3
2543.5,30.4
2544.0,30.3
2544.5,30.3
2545.0,30.3
2545.5,30.3
2546.0,30.4
2546.5,30.3
2547.0,30.3
2547.5,30.3
2548.0,30.4
2548.5,30.3
2549.0,30.3
2549.5,30.3
2550.0,30.4
2550.5,30.3
2551.0,30.3
2551.5,30.3
2552.0,30.4
2552.5,30.3
2553.0,30.3
2553.5,30.3
2554.0,30.4
2554.5,30.3
2555.0,30.4
2555.5,30.3
2556.0,30.3
2556.5,30.4
2557.0,30.3
2557.5,30.4
2558.0,30.4
2558.5,30.4
2559.0,30.4
2559.5,30.3
2560.0,30.3
2560.5,30.4
2561.0,30.4
2561.5,30.4
2562.0,30.3
2562.5,30.4
2563.0,30.4
2563.5,30.3
2564.0,30.4
2564.5,30.3
2565.0,30.3
2565.5,30.3
2566.0,30.4
2566.5,30.4
2567.0,30.3
2567.5,30.4
2568.0,30.3
2568.5,30.4
2569.0,30.3
2569.5,30.4
2570.0,30.4
2570.5,30.4
2571.0,30.4
2571.5,30.4
2572.0,30.3
2572.5,30.4
2573.0,30.4
2573.5,30.3
2574.0,30.4
2574.5,30.3
2575.0,30.4
2575.5,30.4
2576.0,30.4
2576.5,30.4
2577.0,30.4
2577.5,30.3
2578.0,30.3
2578.5,30.4
2579.0,30.4
2579.5,30.4
2580.0,30.3
2580.5,30.4
2581.0,30.4
2581.5,30.3
2582.0,30.4
2582.5,30.3
2583.0,30.4
2583.5,30.4
2584.0,30.3
2584.5,30.4
2585.0,30.3
2585.5,30.4
2586.0,30.4
2586.5,30.4
2587.0,30.4
2587.5,30.4
2588.0,30.4
2588.5,30.3
2589.0,30.4
2589.5,30.4
2590.0,30.4
2590.5,30.4
2591.0,30.3
2591.5,30.4
2592.0,30.4
2592.5,30.4
2593.0,30.4
2593.5,30.4
2594.0,30.4
2594.5,30.4
2595.0,30.4
2595.5,30.4
2596.0,30.4
2596.5,30.4
2597.0,30.4
2597.5,30.4
2598.0,30.3
2598.5,30.4
2599.0,30.4
2599.5,30.4
2600.0,30.4
2600.5,30.4
2601.0,30.4
2601.5,30.4
2602.0,30.4
2602.5,30.4
2603.0,30.4
2603.5,30.4
2604.0,30.4
2604.5,30.4
2605.0,30.4
2605.5,30.4
2606.0,30.4
2606.5,30.4
2607.0,30.4
2607.5,30.4
2608.0,30.4
2608.5,30.4
2609.0,30.4
2609.5,30.4
2610.0,30.4
2610.5,30.4
2611.0,30.3
2611.5,30.4
2612.0,30.4
2612.5,30.4
2613.0,30.4
2613.5,30.4
2614.0,30.4
2614.5,30.4
2615.0,30.4
2615.5,30.4
2616.0,30.4
2616.5,30.4
2617.0,30.4
2617.5,30.4
2618.0,30.3
2618.5,30.4
2619.0,30.4
2619.5,30.4
2620.0,30.4
2620.5,30.4
2621.0,30.4
2621.5,30.4
2622.0,30.3
2622.5,30.4
2623.0,30.4
2623.5,30.4
2624.0,30.4
2624.5,30.4
2625.0,30.4
2625.5,30.4
2626.0,30.4
2626.5,30.4
2627.0,30.4
2627.5,30.3
2628.0,30.4
2628.5,30.4
2629.0,30.4
2629.5,30.4
2630.0,30.4
2630.5,30.4
2631.0,30.4
2631.5,30.4
2632.0,30.4
2632.5,30.4
2633.0,30.4
2633.5,30.4
2634.0,30.4
2634.5,30.4
2635.0,30.4
2635.5,30.4
2636.0,30.4
2636.5,30.4
2637.0,30.4
2637.5,30.4
2638.0,30.4
2638.5,30.4
2639.0,30.4
2639.5,30.4
2640.0,30.4
2640.5,30.4
2641.0,30.4
2641.5,30.4
2642.0,30.4
2642.5,30.4
2643.0,30.4
2643.5,30.4
2644.0,30.4
2644.5,30.4
2645.0,30.4
2645.5,30.4
2646.0,30.4
2646.5,30.4
2647.0,30.4
2647.5,30.4
2648.0,30.4
2648.5,30.4
2649.0,30.4
2649.5,30.4
2650.0,30.4
2650.5,30.4
2651.0,30.4
2651.5,30.4
2652.0,30.4
2652.5,30.4
2653.0,30.4
2653.5,30.4
2654.0,30.4
2654.5,30.4
2655.0,30.4
2655.5,30.4
2656.0,30.4
2656.5,30.4
2657.0,30.4
2657.5,30.4
2658.0,30.4
2658.5,30.4
2659.0,30.4
2659.5,30.4
2660.0,30.4
2660.5,30.4
2661.0,30.4
2661.5,30.4
2662.0,30.4
2662.5,30.4
2663.0,30.4
2663.5,30.4
2664.0,30.4
2664.5,30.4
2665.0,30.4
2665.5,30.4
2666.0,30.4
2666.5,30.4
2667.0,30.4
2667.5,30.4
2668.0,30.4
2668.5,30.4
2669.0,30.4
2669.5,30.4
2670.0,30.4
2670.5,30.4
2671.0,30.4
2671.5,30.4
2672.0,30.4
2672.5,30.4
2673.0,30.4
2673.5,30.5
2674.0,30.4
2674.5,30.4
2675.0,30.4
2675.5,30.5
2676.0,30.5
2676.5,30.4
2677.0,30.4
2677.5,30.5
2678.0,30.4
2678.5,30.5
2679.0,30.5
2679.5,30.5
2680.0,30.5
2680.5,30.5
2681.0,30.4
2681.5,30.5
2682.0,30.4
2682.5,30.4
2683.0,30.5
2683.5,30.5
2684.0,30.4
2684.5,30.4
2685.0,30.5
2685.5,30.5
2686.0,30.5
2686.5,30.5
2687.0,30.5
2687.5,30.5
2688.0,30.5
2688.5,30.5
2689.0,30.5
2689.5,30.5
2690.0,30.5
2690.5,30.5
2691.0,30.5
2691.5,30.4
2692.0,30.5
2692.5,30.5
2693.0,30.4
2693.5,30.5
2694.0,30.5
2694.5,30.4
2695.0,30.5
2695.5,30.5
2696.0,30.5
2696.5,30.5
2697.0,30.5
2697.5,30.5
2698.0,30.5
2698.5,30.5
2699.0,30.5
2699.5,30.5
2700.0,30.5
2700.5,30.4
2701.0,30.5
2701.5,30.5
2702.0,30.5
2702.5,30.5
2703.0,30.5
2703.5,30.5
2704.0,30.5
2704.5,30.5
2705.0,30.5
2705.5,30.5
2706.0,30.5
2706.5,30.5
2707.0,30.5
2707.5,30.5
2708.0,30.5
2708.5,30.5
2709.0,30.5
2709.5,30.5
2710.0,30.5
2710.5,30.5
2711.0,30.5
2711.5,30.5
2712.0,30.5
2712.5,30.5
2713.0,30.5
2713.5,30.5
2714.0,30.5
2714.5,30.5
2715.0,30.5
2715.5,30.5
2716.0,30.5
2716.5,30.5
2717.0,30.5
2717.5,30.5
2718.0,30.5
2718.5,30.5
2719.0,30.5
2719.5,30.5
2720.0,30.5
2720.5,30.5
2721.0,30.5
2721.5,30.5
2722.0,30.5
2722.5,30.5
2723.0,30.5
2723.5,30.5
2724.0,30.5
2724.5,30.5
2725.0,30.5
2725.5,30.5
2726.0,30.5
2726.5,30.5
2727.0,30.5
2727.5,30.6
2728.0,30.5
2728.5,30.5
2729.0,30.5
2729.5,30.5
2730.0,30.5
2730.5,30.5
2731.0,30.5
2731.5,30.5
2732.0,30.5
2732.5,30.5
2733.0,30.5
2733.5,30.5
2734.0,30.5
2734.5,30.5
2735.0,30.5
2735.5,30.5
2736.0,30.5
2736.5,30.5
2737.0,30.5
2737.5,30.5
2738.0,30.5
2738.5,30.5
2739.0,30.5
2739.5,30.6
2740.0,30.5
2740.5,30.5
2741.0,30.6
2741.5,30.5
2742.0,30.5
2742.5,30.5
2743.0,30.5
2743.5,30.6
2744.0,30.6
2744.5,30.5
2745.0,30.5
2745.5,30.5
2746.0,30.5
2746.5,30.6
2747.0,30.6
2747.5,30.6
2748.0,30.6
2748.5,30.5
2749.0,30.5
2749.5,30.6
2750.0,30.6
2750.5,30.5
2751.0,30.5
2751.5,30.5
2752.0,30.5
2752.5,30.5
2753.0,30.5
2753.5,30.6
2754.0,30.5
2754.5,30.5
2755.0,30.5
2755.5,30.5
2756.0,30.6
2756.5,30.5
2757.0,30.6
2757.5,30.6
2758.0,30.5
2758.5,30.6
2759.0,30.5
2759.5,30.6
2760.0,30.5
2760.5,30.6
2761.0,30.6
2761.5,30.5
2762.0,30.6
2762.5,30.6
2763.0,30.6
2763.5,30.5
2764.0,30.6
2764.5,30.6
2765.0,30.6
2765.5,30.6
2766.0,30.6
2766.5,30.6
2767.0,30.6
2767.5,30.6
2768.0,30.6
2768.5,30.6
2769.0,30.6
2769.5,30.6
2770.0,30.5
2770.5,30.6
2771.0,30.6
2771.5,30.6
2772.0,30.6
2772.5,30.6
2773.0,30.6
2773.5,30.6
2774.0,30.5
2774.5,30.6
2775.0,30.6
2775.5,30.6
2776.0,30.6
2776.5,30.6
2777.0,30.6
2777.5,30.6
2778.0,30.6
2778.5,30.6
2779.0,30.6
2779.5,30.6
2780.0,30.6
2780.5,30.6
2781.0,30.6
2781.5,30.6
2782.0,30.6
2782.5,30.6
2783.0,30.6
2783.5,30.6
2784.0,30.6
2784.5,30.6
2785.0,30.6
2785.5,30.6
2786.0,30.6
2786.5,30.6
2787.0,30.6
2787.5,30.6
2788.0,30.6
2788.5,30.6
2789.0,30.6
2789.5,30.6
2790.0,30.6
2790.5,30.6
2791.0,30.6
2791.5,30.6
2792.0,30.6
2792.5,30.6
2793.0,30.6
2793.5,30.6
2794.0,30.6
2794.5,30.6
2795.0,30.6
2795.5,30.6
2796.0,30.6
2796.5,30.6
2797.0,30.6
2797.5,30.6
2798.0,30.6
2798.5,30.6
2799.0,30.6
2799.5,30.6
2800.0,30.6
2800.5,30.6
2801.0,30.6
2801.5,30.6
2802.0,30.6
2802.5,30.6
2803.0,30.6
2803.5,30.6
2804.0,30.6
2804.5,30.6
2805.0,30.6
2805.5,30.6
2806.0,30.6
2806.5,30.6
2807.0,30.6
2807.5,30.6
2808.0,30.6
2808.5,30.6
2809.0,30.6
2809.5,30.6
2810.0,30.6
2810.5,30.6
2811.0,30.6
2811.5,30.6
2812.0,30.6
2812.5,30.6
2813.0,30.6
2813.5,30.6
2814.0,30.6
2814.5,30.6
2815.0,30.6
2815.5,30.6
2816.0,30.6
2816.5,30.6
2817.0,30.6
2817.5,30.6
2818.0,30.6
2818.5,30.6
2819.0,30.6
2819.5,30.6
2820.0,30.6
2820.5,30.6
2821.0,30.6
2821.5,30.6
2822.0,30.7
2822.5,30.6
2823.0,30.6
2823.5,30.6
2824.0,30.6
2824.5,30.6
2825.0,30.6
2825.5,30.6
2826.0,30.6
2826.5,30.6
2827.0,30.6
2827.5,30.6
2828.0,30.6
2828.5,30.6
2829.0,30.6
2829.5,30.6
2830.0,30.7
2830.5,30.7
2831.0,30.6
2831.5,30.6
2832.0,30.7
2832.5,30.6
2833.0,30.7
2833.5,30.6
2834.0,30.7
2834.5,30.6
2835.0,30.6
2835.5,30.7
2836.0,30.6
2836.5,30.7
2837.0,30.7
2837.5,30.7
2838.0,30.6
2838.5,30.7
2839.0,30.6
2839.5,30.7
2840.0,30.6
2840.5,30.7
2841.0,30.6
2841.5,30.7
2842.0,30.6
2842.5,30.6
2843.0,30.6
2843.5,30.6
2844.0,30.6
2844.5,30.6
2845.0,30.6
2845.5,30.6
2846.0,30.6
2846.5,30.7
2847.0,30.6
2847.5,30.7
2848.0,30.7
2848.5,30.7
2849.0,30.6
2849.5,30.7
2850.0,30.7
2850.5,30.7
2851.0,30.7
2851.5,30.7
2852.0,30.6
2852.5,30.7
2853.0,30.6
2853.5,30.7
2854.0,30.7
2854.5,30.6
2855.0,30.7
2855.5,30.6
2856.0,30.7
2856.5,30.7
2857.0,30.7
2857.5,30.7
2858.0,30.7
2858.5,30.7
2859.0,30.7
2859.5,30.7
2860.0,30.7
2860.5,30.7
2861.0,30.7
2861.5,30.7
2862.0,30.7
2862.5,30.7
2863.0,30.7
2863.5,30.7
2864.0,30.7
2864.5,30.7
2865.0,30.7
2865.5,30.7
2866.0,30.7
2866.5,30.7
2867.0,30.6
2867.5,30.7
2868.0,30.7
2868.5,30.7
2869.0,30.7
2869.5,30.7
2870.0,30.7
2870.5,30.7
2871.0,30.7
2871.5,30.7
2872.0,30.6
2872.5,30.7
2873.0,30.7
2873.5,30.7
2874.0,30.7
2874.5,30.7
2875.0,30.7
2875.5,30.7
2876.0,30.7
2876.5,30.7
2877.0,30.7
2877.5,30.7
2878.0,30.7
2878.5,30.7
2879.0,30.7
2879.5,30.7
2880.0,30.7
2880.5,30.7
2881.0,30.7
2881.5,30.7
2882.0,30.7
2882.5,30.7
2883.0,30.7
2883.5,30.7
2884.0,30.7
2884.5,30.7
2885.0,30.7
2885.5,30.7
2886.0,30.7
2886.5,30.7
2887.0,30.7
2887.5,30.7
2888.0,30.7
2888.5,30.7
2889.0,30.7
2889.5,30.7
2890.0,30.7
2890.5,30.7
2891.0,30.7
2891.5,30.7
2892.0,30.7
2892.5,30.7
2893.0,30.7
2893.5,30.7
2894.0,30.7
2894.5,30.7
2895.0,30.7
2895.5,30.7
2896.0,30.7
2896.5,30.7
2897.0,30.7
2897.5,30.7
2898.0,30.7
2898.5,30.7
2899.0,30.7
2899.5,30.7
2900.0,30.7
2900.5,30.7
2901.0,30.7
2901.5,30.7
2902.0,30.7
2902.5,30.7
2903.0,30.7
2903.5,30.7
2904.0,30.7
2904.5,30.7
2905.0,30.7
2905.5,30.7
2906.0,30.7
2906.5,30.7
2907.0,30.7
2907.5,30.7
2908.0,30.7
2908.5,30.7
2909.0,30.7
2909.5,30.7
2910.0,30.8
2910.5,30.7
2911.0,30.7
2911.5,30.7
2912.0,30.7
2912.5,30.7
2913.0,30.7
2913.5,30.7
2914.0,30.7
2914.5,30.7
2915.0,30.8
2915.5,30.7
2916.0,30.7
2916.5,30.7
2917.0,30.7
2917.5,30.7
2918.0,30.7
2918.5,30.7
2919.0,30.7
2919.5,30.7
2920.0,30.7
2920.5,30.8
2921.0,30.8
2921.5,30.7
2922.0,30.7
2922.5,30.7
2923.0,30.7
2923.5,30.7
2924.0,30.7
2924.5,30.7
2925.0,30.7
2925.5,30.7
2926.0,30.7
2926.5,30.7
2927.0,30.7
2927.5,30.7
2928.0,30.7
2928.5,30.7
2929.0,30.8
2929.5,30.7
2930.0,30.7
2930.5,30.7
2931.0,30.7
2931.5,30.7
2932.0,30.7
2932.5,30.7
2933.0,30.7
2933.5,30.7
2934.0,30.7
2934.5,30.7
2935.0,30.7
2935.5,30.7
2936.0,30.7
2936.5,30.7
2937.0,30.7
2937.5,30.7
2938.0,30.7
2938.5,30.8
2939.0,30.7
2939.5,30.7
2940.0,30.7
2940.5,30.7
2941.0,30.7
2941.5,30.8
2942.0,30.7
2942.5,30.7
2943.0,30.7
2943.5,30.8
2944.0,30.7
2944.5,30.7
2945.0,30.7
2945.5,30.7
2946.0,30.7
2946.5,30.7
2947.0,30.7
2947.5,30.8
2948.0,30.7
2948.5,30.7
2949.0,30.7
2949.5,30.7
2950.0,30.7
2950.5,30.7
2951.0,30.7
2951.5,30.8
2952.0,30.7
2952.5,30.7
2953.0,30.7
2953.5,30.7
2954.0,30.8
2954.5,30.7
2955.0,30.8
2955.5,30.8
2956.0,30.7
2956.5,30.7
2957.0,30.7
2957.5,30.7
2958.0,30.8
2958.5,30.7
2959.0,30.7
2959.5,30.7
2960.0,30.7
2960.5,30.7
2961.0,30.7
2961.5,30.8
2962.0,30.7
2962.5,30.8
2963.0,30.8
2963.5,30.7
2964.0,30.8
2964.5,30.7
2965.0,30.7
2965.5,30.7
2966.0,30.8
2966.5,30.7
2967.0,30.8
2967.5,30.8
2968.0,30.7
2968.5,30.8
2969.0,30.7
2969.5,30.7
2970.0,30.8
2970.5,30.7
2971.0,30.7
2971.5,30.8
2972.0,30.8
2972.5,30.7
2973.0,30.7
2973.5,30.8
2974.0,30.8
2974.5,30.8
2975.0,30.7
2975.5,30.8
2976.0,30.8
2976.5,30.8
2977.0,30.8
2977.5,30.7
2978.0,30.7
2978.5,30.7
2979.0,30.7
2979.5,30.7
2980.0,30.7
2980.5,30.7
2981.0,30.7
2981.5,30.7
2982.0,30.8
2982.5,30.7
2983.0,30.7
2983.5,30.8
2984.0,30.7
2984.5,30.7
2985.0,30.7
2985.5,30.8
2986.0,30.8
2986.5,30.8
2987.0,30.8
2987.5,30.7
2988.0,30.8
2988.5,30.8
2989.0,30.8
2989.5,30.7
2990.0,30.7
2990.5,30.7
2991.0,30.8
2991.5,30.8
2992.0,30.7
2992.5,30.7
2993.0,30.7
2993.5,30.7
2994.0,30.7
2994.5,30.7
2995.0,30.7
2995.5,30.7
2996.0,30.8
2996.5,30.7
2997.0,30.7
2997.5,30.8
2998.0,30.7
2998.5,30.8
2999.0,30.8
2999.5,30.8
3000.0,30.8
3000.5,30.7
3001.0,30.7
3001.5,30.8
3002.0,30.8
3002.5,30.7
3003.0,30.8
3003.5,30.8
3004.0,30.8
3004.5,30.8
3005.0,30.8
3005.5,30.8
3006.0,30.8
3006.5,30.8
3007.0,30.8
3007.5,30.8
3008.0,30.7
3008.5,30.8
3009.0,30.8
3009.5,30.8
3010.0,30.8
3010.5,30.7
3011.0,30.8
3011.5,30.8
3012.0,30.7
3012.5,30.8
3013.0,30.8
3013.5,30.7
3014.0,30.8
3014.5,30.8
3015.0,30.8
3015.5,30.7
3016.0,30.8
3016.5,30.8
3017.0,30.8
3017.5,30.7
3018.0,30.8
3018.5,30.7
3019.0,30.8
3019.5,30.8
3020.0,30.8
3020.5,30.8
3021.0,30.8
3021.5,30.8
3022.0,30.7
3022.5,30.8
3023.0,30.7
3023.5,30.7
3024.0,30.8
3024.5,30.8
3025.0,30.8
3025.5,30.8
3026.0,30.7
3026.5,30.8
3027.0,30.8
3027.5,30.8
3028.0,30.8
3028.5,30.8
3029.0,30.8
3029.5,30.8
3030.0,30.7
3030.5,30.8
3031.0,30.8
3031.5,30.8
3032.0,30.8
3032.5,30.8
3033.0,30.8
3033.5,30.8
3034.0,30.8
3034.5,30.8
3035.0,30.8
3035.5,30.8
3036.0,30.8
3036.5,30.8
3037.0,30.8
3037.5,30.8
3038.0,30.8
3038.5,30.8
3039.0,30.8
3039.5,30.8
3040.0,30.8
3040.5,30.8
3041.0,30.7
3041.5,30.8
3042.0,30.8
3042.5,30.8
3043.0,30.8
3043.5,30.8
3044.0,30.8
3044.5,30.8
3045.0,30.8
3045.5,30.8
3046.0,30.8
3046.5,30.8
3047.0,30.8
3047.5,30.8
3048.0,30.8
3048.5,30.8
3049.0,30.8
3049.5,30.8
3050.0,30.8
3050.5,30.8
3051.0,30.8
3051.5,30.8
3052.0,30.8
3052.5,30.8
3053.0,30.8
3053.5,30.8
3054.0,30.8
3054.5,30.8
3055.0,30.8
3055.5,30.8
3056.0,30.8
3056.5,30.8
3057.0,30.8
3057.5,30.8
3058.0,30.8
3058.5,30.8
3059.0,30.8
3059.5,30.8
3060.0,30.8
3060.5,30.8
3061.0,30.8
3061.5,30.8
3062.0,30.8
3062.5,30.8
3063.0,30.8
3063.5,30.8
3064.0,30.8
3064.5,30.8
3065.0,30.8
3065.5,30.8
3066.0,30.8
3066.5,30.8
3067.0,30.8
3067.5,30.8
3068.0,30.8
3068.5,30.8
3069.0,30.8
3069.5,30.8
3070.0,30.8
3070.5,30.8
3071.0,30.7
3071.5,30.8
3072.0,30.8
3072.5,30.8
3073.0,30.8
3073.5,30.8
3074.0,30.8
3074.5,30.8
3075.0,30.8
3075.5,30.8
3076.0,30.8
3076.5,30.8
3077.0,30.8
3077.5,30.8
3078.0,30.8
3078.5,30.8
3079.0,30.8
3079.5,30.8
3080.0,30.8
3080.5,30.8
3081.0,30.8
3081.5,30.8
3082.0,30.8
3082.5,30.8
3083.0,30.8
3083.5,30.8
3084.0,30.8
3084.5,30.8
3085.0,30.8
3085.5,30.8
3086.0,30.8
3086.5,30.8
3087.0,30.8
3087.5,30.8
3088.0,30.8
3088.5,30.8
3089.0,30.8
3089.5,30.8
3090.0,30.8
3090.5,30.8
3091.0,30.8
3091.5,30.8
3092.0,30.8
3092.5,30.8
3093.0,30.8
3093.5,30.8
3094.0,30.8
3094.5,30.8
3095.0,30.8
3095.5,30.8
3096.0,30.8
3096.5,30.8
3097.0,30.8
3097.5,30.8
3098.0,30.8
3098.5,30.8
3099.0,30.8
3099.5,30.8
3100.0,30.8
3100.5,30.8
3101.0,30.8
3101.5,30.8
3102.0,30.8
3102.5,30.8
3103.0,30.8
3103.5,30.8
3104.0,30.8
3104.5,30.8
3105.0,30.8
3105.5,30.8
3106.0,30.8
3106.5,30.8
3107.0,30.8
3107.5,30.8
3108.0,30.8
3108.5,30.8
3109.0,30.8
3109.5,30.8
3110.0,30.8
3110.5,30.8
3111.0,30.8
3111.5,30.8
3112.0,30.8
3112.5,30.8
3113.0,30.8
3113.5,30.8
3114.0,30.8
3114.5,30.8
3115.0,30.8
3115.5,30.8
3116.0,30.8
3116.5,30.8
3117.0,30.8
3117.5,30.8
3118.0,30.8
3118.5,30.8
3119.0,30.8
3119.5,30.8
3120.0,30.8
3120.5,30.8
3121.0,30.8
3121.5,30.8
3122.0,30.8
3122.5,30.8
3123.0,30.8
3123.5,30.8
3124.0,30.8
3124.5,30.8
3125.0,30.8
3125.5,30.8
3126.0,30.8
3126.5,30.8
3127.0,30.8
3127.5,30.8
3128.0,30.8
3128.5,30.8
3129.0,30.8
3129.5,30.8
3130.0,30.8
3130.5,30.8
3131.0,30.8
3131.5,30.8
3132.0,30.8
3132.5,30.8
3133.0,30.8
3133.5,30.8
3134.0,30.8
3134.5,30.8
3135.0,30.8
3135.5,30.8
3136.0,30.9
3136.5,30.8
3137.0,30.8
3137.5,30.8
3138.0,30.8
3138.5,30.8
3139.0,30.8
3139.5,30.8
3140.0,30.8
3140.5,30.8
3141.0,30.8
3141.5,30.8
3142.0,30.8
3142.5,30.8
3143.0,30.8
3143.5,30.8
3144.0,30.8
3144.5,30.8
3145.0,30.8
3145.5,30.8
3146.0,30.8
3146.5,30.8
3147.0,30.8
3147.5,30.8
3148.0,30.8
3148.5,30.8
3149.0,30.8
3149.5,30.8
3150.0,30.8
3150.5,30.8
3151.0,30.8
3151.5,30.8
3152.0,30.8
3152.5,30.8
3153.0,30.8
3153.5,30.8
3154.0,30.8
3154.5,30.8
3155.0,30.8
3155.5,30.8
3156.0,30.8
3156.5,30.8
3157.0,30.8
3157.5,30.8
3158.0,30.8
3158.5,30.8
3159.0,30.8
3159.5,30.8
3160.0,30.8
3160.5,30.8
3161.0,30.8
3161.5,30.8
3162.0,30.8
3162.5,30.8
3163.0,30.8
3163.5,30.8
3164.0,30.8
3164.5,30.8
3165.0,30.8
3165.5,30.8
3166.0,30.8
3166.5,30.8
3167.0,30.8
3167.5,30.8
3168.0,30.8
3168.5,30.8
3169.0,30.8
3169.5,30.8
3170.0,30.8
3170.5,30.9
3171.0,30.8
3171.5,30.8
3172.0,30.8
3172.5,30.8
3173.0,30.8
3173.5,30.8
3174.0,30.8
3174.5,30.8
3175.0,30.8
3175.5,30.8
3176.0,30.8
3176.5,30.8
3177.0,30.8
3177.5,30.8
3178.0,30.8
3178.5,30.8
3179.0,30.8
3179.5,30.8
3180.0,30.8
3180.5,30.8
3181.0,30.8
3181.5,30.8
3182.0,30.8
3182.5,30.9
3183.0,30.8
3183.5,30.8
3184.0,30.8
3184.5,30.8
3185.0,30.9
3185.5,30.8
3186.0,30.8
3186.5,30.8
3187.0,30.8
3187.5,30.8
3188.0,30.9
3188.5,30.8
3189.0,30.8
3189.5,30.8
3190.0,30.9
3190.5,30.9
3191.0,30.8
3191.5,30.8
3192.0,30.8
3192.5,30.8
3193.0,30.9
3193.5,30.8
3194.0,30.9
3194.5,30.8
3195.0,30.8
3195.5,30.8
3196.0,30.9
3196.5,30.8
3197.0,30.8
3197.5,30.8
3198.0,30.9
3198.5,30.8
3199.0,30.8
3199.5,30.8
3200.0,30.8
3200.5,30.8
3201.0,30.9
3201.5,30.8
3202.0,30.8
3202.5,30.8
3203.0,30.8
3203.5,30.8
3204.0,30.9
3204.5,30.8
3205.0,30.8
3205.5,30.9
3206.0,30.9
3206.5,30.8
3207.0,30.8
3207.5,30.9
3208.0,30.8
3208.5,30.8
3209.0,30.9
3209.5,30.9
3210.0,30.9
3210.5,30.8
3211.0,30.8
3211.5,30.8
3212.0,30.8
3212.5,30.8
3213.0,30.8
3213.5,30.9
3214.0,30.9
3214.5,30.8
3215.0,30.8
3215.5,30.9
3216.0,30.8
3216.5,30.9
3217.0,30.8
3217.5,30.9
3218.0,30.8
3218.5,30.9
3219.0,30.8
3219.5,30.9
3220.0,30.8
3220.5,30.9
3221.0,30.8
3221.5,30.8
3222.0,30.8
3222.5,30.8
3223.0,30.8
3223.5,30.9
3224.0,30.8
3224.5,30.8
3225.0,30.8
3225.5,30.8
3226.0,30.9
3226.5,30.9
3227.0,30.8
3227.5,30.9
3228.0,30.9
3228.5,30.9
3229.0,30.9
3229.5,30.9
3230.0,30.9
3230.5,30.9
3231.0,30.9
3231.5,30.9
3232.0,30.9
3232.5,30.9
3233.0,30.8
3233.5,30.8
3234.0,30.8
3234.5,30.9
3235.0,30.9
3235.5,30.9
3236.0,30.9
3236.5,30.9
3237.0,30.9
3237.5,30.8
3238.0,30.8
3238.5,30.9
3239.0,30.9
3239.5,30.8
3240.0,30.9
3240.5,30.9
3241.0,30.8
3241.5,30.9
3242.0,30.9
3242.5,30.9
3243.0,30.9
3243.5,30.9
3244.0,30.9
3244.5,30.9
3245.0,30.9
3245.5,30.9
3246.0,30.9
3246.5,30.9
3247.0,30.9
3247.5,30.9
3248.0,30.9
3248.5,30.9
3249.0,30.9
3249.5,30.9
3250.0,30.9
3250.5,30.9
3251.0,30.9
3251.5,30.9
3252.0,30.9
3252.5,30.9
3253.0,30.9
3253.5,30.9
3254.0,30.9
3254.5,30.9
3255.0,30.9
3255.5,30.9
3256.0,30.8
3256.5,30.9
3257.0,30.9
3257.5,30.9
3258.0,30.9
3258.5,30.9
3259.0,30.9
3259.5,30.9
3260.0,30.9
3260.5,30.9
3261.0,30.9
3261.5,30.9
3262.0,30.8
3262.5,30.9
3263.0,30.8
3263.5,30.8
3264.0,30.9
3264.5,30.9
3265.0,30.9
3265.5,30.9
3266.0,30.9
3266.5,30.9
3267.0,30.8
3267.5,30.9
3268.0,30.9
3268.5,30.9
3269.0,30.9
3269.5,30.9
3270.0,30.9
3270.5,30.8
3271.0,30.9
3271.5,30.9
3272.0,30.9
3272.5,30.9
3273.0,30.9
3273.5,30.9
3274.0,30.9
3274.5,30.9
3275.0,30.9
3275.5,30.9
3276.0,30.9
3276.5,30.9
3277.0,30.9
3277.5,30.9
3278.0,30.9
3278.5,30.9
3279.0,30.9
3279.5,30.9
3280.0,30.9
3280.5,30.8
3281.0,30.9
3281.5,30.9
3282.0,30.9
3282.5,30.9
3283.0,30.9
3283.5,30.9
3284.0,30.9
3284.5,30.9
3285.0,30.9
3285.5,30.9
3286.0,30.9
3286.5,30.9
3287.0,30.9
3287.5,30.9
3288.0,30.9
3288.5,30.9
3289.0,30.9
3289.5,30.9
3290.0,30.9
3290.5,30.9
3291.0,30.9
3291.5,30.9
3292.0,30.9
3292.5,30.9
3293.0,30.9
3293.5,30.9
3294.0,30.9
3294.5,30.9
3295.0,30.9
3295.5,30.9
3296.0,30.9
3296.5,30.9
3297.0,30.9
3297.5,30.9
3298.0,30.9
3298.5,30.9
3299.0,30.9
3299.5,30.9
3300.0,30.9
3300.5,30.9
3301.0,30.9
3301.5,30.9
3302.0,30.9
3302.5,30.9
3303.0,30.9
3303.5,30.9
3304.0,30.9
3304.5,30.9
3305.0,30.9
3305.5,30.9
3306.0,30.9
3306.5,30.9
3307.0,30.9
3307.5,30.9
3308.0,30.9
3308.5,30.9
3309.0,30.9
3309.5,30.9
3310.0,30.8
3310.5,30.9
3311.0,30.9
3311.5,30.9
3312.0,30.9
3312.5,30.9
3313.0,30.9
3313.5,30.9
3314.0,30.9
3314.5,30.9
3315.0,30.9
3315.5,30.9
3316.0,30.9
3316.5,30.9
3317.0,30.9
3317.5,30.9
3318.0,30.9
3318.5,30.9
3319.0,30.9
3319.5,30.9
3320.0,30.9
3320.5,30.9
3321.0,30.9
3321.5,30.9
3322.0,30.9
3322.5,30.9
3323.0,30.9
3323.5,30.9
3324.0,30.9
3324.5,30.9
3325.0,30.9
3325.5,30.9
3326.0,30.9
3326.5,30.9
3327.0,30.9
3327.5,30.9
3328.0,30.9
3328.5,30.9
3329.0,30.9
3329.5,30.9
3330.0,30.9
3330.5,30.9
3331.0,30.9
3331.5,30.9
3332.0,30.9
3332.5,30.9
3333.0,30.9
3333.5,30.9
3334.0,30.9
3334.5,30.9
3335.0,30.9
3335.5,30.9
3336.0,30.9
3336.5,30.9
3337.0,30.9
3337.5,30.9
3338.0,30.9
3338.5,30.9
3339.0,30.9
3339.5,30.9
3340.0,30.9
3340.5,30.9
3341.0,30.9
3341.5,30.9
3342.0,30.9
3342.5,30.9
3343.0,30.9
3343.5,30.9
3344.0,30.9
3344.5,30.9
3345.0,30.9
3345.5,30.9
3346.0,31
3346.5,30.9
3347.0,30.9
3347.5,30.9
3348.0,30.9
3348.5,30.9
3349.0,31
3349.5,30.9
3350.0,30.9
3350.5,30.9
3351.0,30.9
3351.5,30.9
3352.0,30.9
3352.5,30.9
3353.0,30.9
3353.5,30.9
3354.0,30.9
3354.5,30.9
3355.0,30.9
3355.5,30.9
3356.0,30.9
3356.5,30.9
3357.0,30.9
3357.5,30.9
3358.0,30.9
3358.5,30.9
3359.0,30.9
3359.5,30.9
3360.0,30.9
3360.5,30.9
3361.0,30.9
3361.5,30.9
3362.0,30.9
3362.5,30.9
3363.0,30.9
3363.5,30.9
3364.0,30.9
3364.5,30.9
3365.0,30.9
3365.5,30.9
3366.0,30.9
3366.5,30.9
3367.0,31
3367.5,31
3368.0,30.9
3368.5,30.9
3369.0,30.9
3369.5,30.9
3370.0,30.9
3370.5,30.9
3371.0,30.9
3371.5,30.9
3372.0,30.9
3372.5,30.9
3373.0,30.9
3373.5,30.9
3374.0,30.9
3374.5,30.9
3375.0,30.9
3375.5,31
3376.0,30.9
3376.5,30.9
3377.0,30.9
3377.5,30.9
3378.0,30.9
3378.5,31
3379.0,30.9
3379.5,31
3380.0,30.9
3380.5,31
3381.0,30.9
3381.5,31
3382.0,30.9
3382.5,30.9
3383.0,30.9
3383.5,30.9
3384.0,30.9
3384.5,30.9
3385.0,30.9
3385.5,30.9
3386.0,30.9
3386.5,30.9
3387.0,31
3387.5,30.9
3388.0,30.9
3388.5,30.9
3389.0,30.9
3389.5,31
3390.0,31
3390.5,31
3391.0,31
3391.5,31
3392.0,31
3392.5,31
3393.0,31
3393.5,31
3394.0,30.9
3394.5,31
3395.0,30.9
3395.5,30.9
3396.0,30.9
3396.5,31
3397.0,31
3397.5,30.9
3398.0,31
3398.5,31
3399.0,30.9
3399.5,30.9
3400.0,31
3400.5,30.9
3401.0,31
3401.5,30.9
3402.0,30.9
3402.5,31
3403.0,31
3403.5,31
3404.0,30.9
3404.5,31
3405.0,30.9
3405.5,31
3406.0,31
3406.5,30.9
3407.0,30.9
3407.5,30.9
3408.0,31
3408.5,31
3409.0,30.9
3409.5,30.9
3410.0,30.9
3410.5,31
3411.0,31
3411.5,31
3412.0,31
3412.5,31
3413.0,31
3413.5,31
3414.0,31
3414.5,30.9
3415.0,31
3415.5,31
3416.0,30.9
3416.5,31
3417.0,31
3417.5,31
3418.0,31
3418.5,31
3419.0,31
3419.5,31
3420.0,30.9
3420.5,31
3421.0,31
3421.5,31
3422.0,31
3422.5,30.9
3423.0,31
3423.5,31
3424.0,31
3424.5,31
3425.0,31
3425.5,31
3426.0,31
3426.5,31
3427.0,31
3427.5,31
3428.0,31
3428.5,30.9
3429.0,31
3429.5,31
3430.0,31
3430.5,31
3431.0,31
3431.5,30.9
3432.0,31
3432.5,31
3433.0,31
3433.5,31
3434.0,31
3434.5,31
3435.0,31
3435.5,31
3436.0,31
3436.5,31
3437.0,31
3437.5,31
3438.0,31
3438.5,31
3439.0,31
3439.5,31
3440.0,31
3440.5,31
3441.0,31
3441.5,31
3442.0,31
3442.5,31
3443.0,31
3443.5,31
3444.0,31
3444.5,31
3445.0,31
3445.5,31
3446.0,31
3446.5,31
3447.0,31
3447.5,31
3448.0,31
3448.5,31
3449.0,31
3449.5,31
3450.0,31
3450.5,31
3451.0,31
3451.5,31
3452.0,31
3452.5,31
3453.0,31
3453.5,31
3454.0,31
3454.5,31
3455.0,31
3455.5,31
3456.0,31
3456.5,31
3457.0,31
3457.5,31
3458.0,31
3458.5,31
3459.0,31
3459.5,31
3460.0,31
3460.5,31
3461.0,31
3461.5,31
3462.0,31
3462.5,31
3463.0,31
3463.5,31
3464.0,31
3464.5,31
3465.0,31
3465.5,31
3466.0,31
3466.5,31
3467.0,31
3467.5,31
3468.0,31
3468.5,31
3469.0,31
3469.5,31
3470.0,31
3470.5,31
3471.0,31
3471.5,31
3472.0,31
3472.5,31
3473.0,31
3473.5,31
3474.0,31
3474.5,31
3475.0,31
3475.5,31
3476.0,31
3476.5,31
3477.0,31
3477.5,31
3478.0,31
3478.5,31
3479.0,31
3479.5,31
3480.0,31
3480.5,31
3481.0,31
3481.5,31
3482.0,31
3482.5,31
3483.0,31
3483.5,31
3484.0,31
3484.5,31
3485.0,31
3485.5,31
3486.0,31
3486.5,31
3487.0,31
3487.5,31
3488.0,31
3488.5,31
3489.0,31
3489.5,31
3490.0,31
3490.5,31
3491.0,31
3491.5,31
3492.0,31
3492.5,31
3493.0,31
3493.5,31
3494.0,31
3494.5,31
3495.0,31
3495.5,31
3496.0,31
3496.5,31
3497.0,31
3497.5,31
3498.0,31
3498.5,31
3499.0,31
3499.5,31
3500.0,31
3500.5,31
3501.0,31
3501.5,31
3502.0,31
3502.5,31
3503.0,31.1
3503.5,31
3504.0,31
3504.5,31
3505.0,31
3505.5,31
3506.0,31
3506.5,31
3507.0,31.1
3507.5,31
3508.0,30.9
3508.5,31
3509.0,31
3509.5,31
3510.0,31
3510.5,31
3511.0,31
3511.5,31
3512.0,31
3512.5,31
3513.0,31
3513.5,31
3514.0,31
3514.5,31
3515.0,31
3515.5,31
3516.0,31
3516.5,31
3517.0,31
3517.5,31
3518.0,31
3518.5,31
3519.0,31
3519.5,31.1
3520.0,31
3520.5,31
3521.0,31
3521.5,31
3522.0,31
3522.5,31
3523.0,31
3523.5,31.1
3524.0,31
3524.5,31
3525.0,31
3525.5,31
3526.0,31
3526.5,31.1
3527.0,31
3527.5,31
3528.0,31
3528.5,31
3529.0,31
3529.5,31
3530.0,31
3530.5,31
3531.0,31
3531.5,31
3532.0,31
3532.5,31
3533.0,31
3533.5,31
3534.0,31
3534.5,31
3535.0,31
3535.5,31
3536.0,31.1
3536.5,31
3537.0,31
3537.5,31.1
3538.0,31
3538.5,31
3539.0,31
3539.5,31.1
3540.0,31
3540.5,31
3541.0,31
3541.5,31
3542.0,31
3542.5,31
3543.0,31
3543.5,31
3544.0,31
3544.5,31
3545.0,31
3545.5,31
3546.0,31
3546.5,31
3547.0,31
3547.5,31
3548.0,31
3548.5,31
3549.0,31
3549.5,31
3550.0,31
3550.5,31
3551.0,31
3551.5,31
3552.0,31
3552.5,31.1
3553.0,31
3553.5,31.1
3554.0,31.1
3554.5,31
3555.0,31
3555.5,31.1
3556.0,31
3556.5,31
3557.0,31
3557.5,31
3558.0,31.1
3558.5,31.1
3559.0,31
3559.5,31.1
3560.0,31
3560.5,31
3561.0,31.1
3561.5,31
3562.0,31
3562.5,31
3563.0,31
3563.5,31
3564.0,31
3564.5,31
3565.0,31
3565.5,31
3566.0,31
3566.5,31
3567.0,31
3567.5,31
3568.0,31
3568.5,31
3569.0,31
3569.5,31
3570.0,31
3570.5,31
3571.0,31
3571.5,31.1
3572.0,31
3572.5,31
3573.0,31.1
3573.5,31
3574.0,31
3574.5,31
3575.0,31
3575.5,31.1
3576.0,31
3576.5,31
3577.0,31
3577.5,31.1
3578.0,31
3578.5,31
3579.0,31
3579.5,31
3580.0,31
3580.5,31
3581.0,31
3581.5,31.1
3582.0,31
3582.5,31.1
3583.0,31
3583.5,31.1
3584.0,31
3584.5,31.1
3585.0,31
3585.5,31.1
3586.0,31
3586.5,31
3587.0,31
3587.5,31
3588.0,31
3588.5,31
3589.0,31
3589.5,31.1
3590.0,31.1
3590.5,31
3591.0,31
3591.5,31
3592.0,31.1
3592.5,31.1
3593.0,31
3593.5,31
3594.0,31
3594.5,31
3595.0,31
3595.5,31
3596.0,31.1
3596.5,31.1
3597.0,31
3597.5,31.1
3598.0,31
3598.5,31.1
3599.0,31.1
3599.5,31
3600.0,31.1
3600.5,31.1
3601.0,31.1
3601.5,31.1
3602.0,31.1
3602.5,31.1
3603.0,31.1
3603.5,31.1
3604.0,31.1
3604.5,31.1
3605.0,31
3605.5,31
3606.0,31.1
3606.5,31.1
3607.0,31.1
3607.5,31
3608.0,31
3608.5,31
3609.0,31
3609.5,31
3610.0,31
3610.5,31
3611.0,31.1
3611.5,31.1
3612.0,31
3612.5,31.1
3613.0,31.1
3613.5,31.1
3614.0,31.1
3614.5,31.1
3615.0,31.1
3615.5,31.1
3616.0,31.1
3616.5,31.1
3617.0,31
3617.5,31.1
3618.0,31
3618.5,31.1
3619.0,31
3619.5,31.1
3620.0,31
3620.5,31
3621.0,31.1
3621.5,31.1
3622.0,31.1
3622.5,31.1
3623.0,31
3623.5,31
3624.0,31.1
3624.5,31.1
3625.0,31.1
3625.5,31.1
3626.0,31
3626.5,31.1
3627.0,31.1
3627.5,31.1
3628.0,31.1
3628.5,31.1
3629.0,31.1
3629.5,31.1
3630.0,31.1
3630.5,31.1
3631.0,31.1
3631.5,31.1
3632.0,31
3632.5,31
3633.0,31.1
3633.5,31.1
3634.0,31
3634.5,31.1
3635.0,31
3635.5,31
3636.0,31.1
3636.5,31.1
3637.0,31.1
3637.5,31.1
3638.0,31.1
3638.5,31.1
3639.0,31.1
3639.5,31.1
3640.0,31.1
3640.5,31.1
3641.0,31.1
3641.5,31.1
3642.0,31.1
3642.5,31.1
3643.0,31.1
3643.5,31.1
3644.0,31.1
3644.5,31.1
3645.0,31.1
3645.5,31.1
3646.0,31.1
3646.5,31.1
3647.0,31.1
3647.5,31.1
3648.0,31.1
3648.5,31.1
3649.0,31.1
3649.5,31.1
3650.0,31.1
3650.5,31.1
3651.0,31.1
3651.5,31.1
3652.0,31.1
3652.5,31.1
3653.0,31.1
3653.5,31.1
3654.0,31.1
3654.5,31.1
3655.0,31.1
3655.5,31.1
3656.0,31.1
3656.5,31.1
3657.0,31.1
3657.5,31.1
3658.0,31.1
3658.5,31.1
3659.0,31.1
3659.5,31.1
3660.0,31.1
3660.5,31.1
3661.0,31.1
3661.5,31.1
3662.0,31.1
3662.5,31.1
3663.0,31.1
3663.5,31.1
3664.0,31.1
3664.5,31.1
3665.0,31.1
3665.5,31.1
3666.0,31.1
3666.5,31.1
3667.0,31.1
3667.5,31.1
3668.0,31.1
3668.5,31.1
3669.0,31.1
3669.5,31.1
3670.0,31.1
3670.5,31.1
3671.0,31.1
3671.5,31.1
3672.0,31.1
3672.5,31.1
3673.0,31.1
3673.5,31.1
3674.0,31.1
3674.5,31.1
3675.0,31.1
3675.5,31.1
3676.0,31.1
3676.5,31.1
3677.0,31.1
3677.5,31.1
3678.0,31.1
3678.5,31.1
3679.0,31.1
3679.5,31.1
3680.0,31.2
3680.5,31.1
3681.0,31.1
3681.5,31.1
3682.0,31.1
3682.5,31.1
3683.0,31.1
3683.5,31.1
3684.0,31.1
3684.5,31.1
3685.0,31.1
3685.5,31.1
3686.0,31.2
3686.5,31.1
3687.0,31.1
3687.5,31.1
3688.0,31.1
3688.5,31.2
3689.0,31.2
3689.5,31.1
3690.0,31.1
3690.5,31.1
3691.0,31.1
3691.5,31.1
3692.0,31.1
3692.5,31.1
3693.0,31.1
3693.5,31.1
3694.0,31.1
3694.5,31.1
3695.0,31.2
3695.5,31.1
3696.0,31.1
3696.5,31.1
3697.0,31.2
3697.5,31.1
3698.0,31.1
3698.5,31.1
3699.0,31.2
3699.5,31.2
3700.0,31.1
3700.5,31.1
3701.0,31.1
3701.5,31.1
3702.0,31.1
3702.5,31.1
3703.0,31.2
3703.5,31.2
3704.0,31.1
3704.5,31.2
3705.0,31.1
3705.5,31.2
3706.0,31.2
3706.5,31.2
3707.0,31.1
3707.5,31.1
3708.0,31.1
3708.5,31.2
3709.0,31.1
3709.5,31.2
3710.0,31.1
3710.5,31.2
3711.0,31.1
3711.5,31.2
3712.0,31.1
3712.5,31.1
3713.0,31.2
3713.5,31.2
3714.0,31.2
3714.5,31.1
3715.0,31.1
3715.5,31.2
3716.0,31.1
3716.5,31.2
3717.0,31.2
3717.5,31.1
3718.0,31.2
3718.5,31.2
3719.0,31.1
3719.5,31.2
3720.0,31.2
3720.5,31.2
3721.0,31.1
3721.5,31.2
3722.0,31.2
3722.5,31.2
3723.0,31.2
3723.5,31.1
3724.0,31.2
3724.5,31.2
3725.0,31.2
3725.5,31.2
3726.0,31.2
3726.5,31.2
3727.0,31.2
3727.5,31.2
3728.0,31.2
3728.5,31.2
3729.0,31.2
3729.5,31.2
3730.0,31.2
3730.5,31.2
3731.0,31.2
3731.5,31.1
3732.0,31.1
3732.5,31.1
3733.0,31.2
3733.5,31.2
3734.0,31.2
3734.5,31.2
3735.0,31.2
3735.5,31.2
3736.0,31.2
3736.5,31.2
3737.0,31.2
3737.5,31.2
3738.0,31.1
3738.5,31.2
3739.0,31.2
3739.5,31.2
3740.0,31.2
3740.5,31.2
3741.0,31.1
3741.5,31.2
3742.0,31.2
3742.5,31.2
3743.0,31.2
3743.5,31.2
3744.0,31.2
3744.5,31.2
3745.0,31.2
3745.5,31.2
3746.0,31.2
3746.5,31.2
3747.0,31.2
3747.5,31.2
3748.0,31.2
3748.5,31.2
3749.0,31.2
3749.5,31.2
3750.0,31.2
3750.5,31.2
3751.0,31.2
3751.5,31.2
3752.0,31.2
3752.5,31.2
3753.0,31.2
3753.5,31.2
3754.0,31.2
3754.5,31.2
3755.0,31.2
3755.5,31.2
3756.0,31.2
3756.5,31.2
3757.0,31.2
3757.5,31.2
3758.0,31.2
3758.5,31.2
3759.0,31.2
3759.5,31.2
3760.0,31.2
3760.5,31.2
3761.0,31.2
3761.5,31.2
3762.0,31.2
3762.5,31.2
3763.0,31.2
3763.5,31.2
3764.0,31.2
3764.5,31.2
3765.0,31.2
3765.5,31.2
3766.0,31.2
3766.5,31.2
3767.0,31.2
3767.5,31.2
3768.0,31.2
3768.5,31.2
3769.0,31.2
3769.5,31.2
3770.0,31.2
3770.5,31.2
3771.0,31.2
3771.5,31.2
3772.0,31.2
3772.5,31.2
3773.0,31.3
3773.5,31.2
3774.0,31.2
3774.5,31.2
3775.0,31.2
3775.5,31.2
3776.0,31.2
3776.5,31.2
3777.0,31.2
3777.5,31.2
3778.0,31.2
3778.5,31.2
3779.0,31.2
3779.5,31.2
3780.0,31.2
3780.5,31.2
3781.0,31.2
3781.5,31.2
3782.0,31.2
3782.5,31.2
3783.0,31.2
3783.5,31.2
3784.0,31.2
3784.5,31.2
3785.0,31.3
3785.5,31.2
3786.0,31.2
3786.5,31.2
3787.0,31.2
3787.5,31.2
3788.0,31.2
3788.5,31.3
3789.0,31.2
3789.5,31.2
3790.0,31.2
3790.5,31.2
3791.0,31.2
3791.5,31.2
3792.0,31.2
3792.5,31.2
3793.0,31.3
3793.5,31.3
3794.0,31.2
3794.5,31.2
3795.0,31.2
3795.5,31.2
3796.0,31.2
3796.5,31.3
3797.0,31.2
3797.5,31.2
3798.0,31.2
3798.5,31.3
3799.0,31.3
3799.5,31.3
3800.0,31.2
3800.5,31.2
3801.0,31.2
3801.5,31.2
3802.0,31.2
3802.5,31.2
3803.0,31.2
3803.5,31.3
3804.0,31.2
3804.5,31.2
3805.0,31.2
3805.5,31.2
3806.0,31.2
3806.5,31.2
3807.0,31.2
3807.5,31.2
3808.0,31.2
3808.5,31.2
3809.0,31.3
3809.5,31.2
3810.0,31.3
3810.5,31.2
3811.0,31.2
3811.5,31.2
3812.0,31.2
3812.5,31.3
3813.0,31.2
3813.5,31.3
3814.0,31.2
3814.5,31.2
3815.0,31.3
3815.5,31.2
3816.0,31.2
3816.5,31.3
3817.0,31.2
3817.5,31.2
3818.0,31.3
3818.5,31.3
3819.0,31.2
3819.5,31.3
3820.0,31.3
3820.5,31.3
3821.0,31.3
3821.5,31.2
3822.0,31.3
3822.5,31.3
3823.0,31.2
3823.5,31.3
3824.0,31.3
3824.5,31.3
3825.0,31.2
3825.5,31.3
3826.0,31.2
3826.5,31.3
3827.0,31.3
3827.5,31.3
3828.0,31.2
3828.5,31.2
3829.0,31.3
3829.5,31.3
3830.0,31.3
3830.5,31.3
3831.0,31.3
3831.5,31.3
3832.0,31.3
3832.5,31.3
3833.0,31.3
3833.5,31.3
3834.0,31.3
3834.5,31.3
3835.0,31.3
3835.5,31.2
3836.0,31.3
3836.5,31.3
3837.0,31.2
3837.5,31.3
3838.0,31.3
3838.5,31.3
3839.0,31.3
3839.5,31.3
3840.0,31.3
3840.5,31.3
3841.0,31.3
3841.5,31.3
3842.0,31.2
3842.5,31.3
3843.0,31.3
3843.5,31.3
3844.0,31.3
3844.5,31.3
3845.0,31.3
3845.5,31.3
3846.0,31.3
3846.5,31.3
3847.0,31.3
3847.5,31.3
3848.0,31.3
3848.5,31.3
3849.0,31.3
3849.5,31.3
3850.0,31.3
3850.5,31.3
3851.0,31.3
3851.5,31.3
3852.0,31.3
3852.5,31.3
3853.0,31.3
3853.5,31.2
3854.0,31.3
3854.5,31.2
3855.0,31.3
3855.5,31.3
3856.0,31.3
3856.5,31.3
3857.0,31.3
3857.5,31.3
3858.0,31.3
3858.5,31.3
3859.0,31.3
3859.5,31.3
3860.0,31.3
3860.5,31.3
3861.0,31.3
3861.5,31.3
3862.0,31.2
3862.5,31.3
3863.0,31.3
3863.5,31.2
3864.0,31.3
3864.5,31.3
3865.0,31.3
3865.5,31.3
3866.0,31.3
3866.5,31.3
3867.0,31.3
3867.5,31.3
3868.0,31.3
3868.5,31.3
3869.0,31.3
3869.5,31.3
3870.0,31.3
3870.5,31.3
3871.0,31.3
3871.5,31.3
3872.0,31.3
3872.5,31.3
3873.0,31.3
3873.5,31.3
3874.0,31.3
3874.5,31.3
3875.0,31.3
3875.5,31.3
3876.0,31.3
3876.5,31.3
3877.0,31.3
3877.5,31.3
3878.0,31.3
3878.5,31.3
3879.0,31.3
3879.5,31.3
3880.0,31.3
3880.5,31.3
3881.0,31.3
3881.5,31.3
3882.0,31.3
3882.5,31.3
3883.0,31.3
3883.5,31.3
3884.0,31.3
3884.5,31.3
3885.0,31.3
3885.5,31.3
3886.0,31.3
3886.5,31.3
3887.0,31.3
3887.5,31.3
3888.0,31.3
3888.5,31.3
3889.0,31.3
3889.5,31.3
3890.0,31.3
3890.5,31.3
3891.0,31.3
3891.5,31.3
3892.0,31.3
3892.5,31.3
3893.0,31.3
3893.5,31.3
3894.0,31.3
3894.5,31.3
3895.0,31.3
3895.5,31.3
3896.0,31.3
3896.5,31.3
3897.0,31.3
3897.5,31.3
3898.0,31.3
3898.5,31.3
3899.0,31.3
3899.5,31.3
3900.0,31.3
3900.5,31.3
3901.0,31.3
3901.5,31.3
3902.0,31.3
3902.5,31.3
3903.0,31.3
3903.5,31.3
3904.0,31.3
3904.5,31.3
3905.0,31.3
3905.5,31.3
3906.0,31.3
3906.5,31.3
3907.0,31.3
3907.5,31.3
3908.0,31.3
3908.5,31.3
3909.0,31.3
3909.5,31.3
3910.0,31.3
3910.5,31.3
3911.0,31.3
3911.5,31.3
3912.0,31.3
3912.5,31.3
3913.0,31.3
3913.5,31.3
3914.0,31.3
3914.5,31.3
3915.0,31.3
3915.5,31.3
3916.0,31.3
3916.5,31.3
3917.0,31.3
3917.5,31.3
3918.0,31.3
3918.5,31.3
3919.0,31.3
3919.5,31.3
3920.0,31.3
3920.5,31.3
3921.0,31.3
3921.5,31.3
3922.0,31.3
3922.5,31.4
3923.0,31.3
3923.5,31.3
3924.0,31.3
3924.5,31.3
3925.0,31.3
3925.5,31.3
3926.0,31.3
3926.5,31.3
3927.0,31.3
3927.5,31.3
3928.0,31.3
3928.5,31.3
3929.0,31.3
3929.5,31.3
3930.0,31.3
3930.5,31.3
3931.0,31.3
3931.5,31.3
3932.0,31.3
3932.5,31.3
3933.0,31.3
3933.5,31.3
3934.0,31.3
3934.5,31.3
3935.0,31.3
3935.5,31.3
3936.0,31.3
3936.5,31.3
3937.0,31.3
3937.5,31.3
3938.0,31.3
3938.5,31.3
3939.0,31.3
3939.5,31.3
3940.0,31.3
3940.5,31.4
3941.0,31.3
3941.5,31.4
3942.0,31.3
3942.5,31.3
3943.0,31.3
3943.5,31.3
3944.0,31.3
3944.5,31.3
3945.0,31.3
3945.5,31.3
3946.0,31.3
3946.5,31.3
3947.0,31.3
3947.5,31.3
3948.0,31.3
3948.5,31.3
3949.0,31.3
3949.5,31.3
3950.0,31.3
3950.5,31.3
3951.0,31.3
3951.5,31.3
3952.0,31.3
3952.5,31.3
3953.0,31.3
3953.5,31.3
3954.0,31.3
3954.5,31.3
3955.0,31.3
3955.5,31.3
3956.0,31.4
3956.5,31.3
3957.0,31.3
3957.5,31.3
3958.0,31.3
3958.5,31.3
3959.0,31.4
3959.5,31.3
3960.0,31.3
3960.5,31.3
3961.0,31.3
3961.5,31.3
3962.0,31.4
3962.5,31.3
3963.0,31.3
3963.5,31.4
3964.0,31.3
3964.5,31.3
3965.0,31.3
3965.5,31.4
3966.0,31.3
3966.5,31.4
3967.0,31.4
3967.5,31.4
3968.0,31.3
3968.5,31.3
3969.0,31.3
3969.5,31.3
3970.0,31.3
3970.5,31.3
3971.0,31.4
3971.5,31.4
3972.0,31.3
3972.5,31.3
3973.0,31.3
3973.5,31.3
3974.0,31.3
3974.5,31.4
3975.0,31.3
3975.5,31.3
3976.0,31.3
3976.5,31.3
3977.0,31.4
3977.5,31.3
3978.0,31.4
3978.5,31.4
3979.0,31.4
3979.5,31.4
3980.0,31.3
3980.5,31.3
3981.0,31.3
3981.5,31.4
3982.0,31.4
3982.5,31.4
3983.0,31.4
3983.5,31.4
3984.0,31.3
3984.5,31.4
3985.0,31.4
3985.5,31.4
3986.0,31.4
3986.5,31.3
3987.0,31.4
3987.5,31.3
3988.0,31.4
3988.5,31.4
3989.0,31.4
3989.5,31.4
3990.0,31.4
3990.5,31.3
3991.0,31.4
3991.5,31.3
3992.0,31.4
3992.5,31.4
3993.0,31.4
3993.5,31.4
3994.0,31.4
3994.5,31.3
3995.0,31.3
3995.5,31.3
3996.0,31.4
3996.5,31.4
3997.0,31.4
3997.5,31.4
3998.0,31.4
3998.5,31.4
3999.0,31.4
3999.5,31.4
4000.0,31.3
4000.5,31.3
4001.0,31.4
4001.5,31.4
4002.0,31.4
4002.5,31.4
4003.0,31.4
4003.5,31.4
4004.0,31.4
4004.5,31.4
4005.0,31.4
4005.5,31.4
4006.0,31.4
4006.5,31.4
4007.0,31.3
4007.5,31.3
4008.0,31.4
4008.5,31.4
4009.0,31.4
4009.5,31.4
4010.0,31.4
4010.5,31.3
4011.0,31.4
4011.5,31.4
4012.0,31.4
4012.5,31.4
4013.0,31.4
4013.5,31.4
4014.0,31.4
4014.5,31.4
4015.0,31.4
4015.5,31.4
4016.0,31.4
4016.5,31.4
4017.0,31.4
4017.5,31.4
4018.0,31.3
4018.5,31.4
4019.0,31.4
4019.5,31.4
4020.0,31.4
4020.5,31.4
4021.0,31.4
4021.5,31.3
4022.0,31.4
4022.5,31.4
4023.0,31.4
4023.5,31.4
4024.0,31.4
4024.5,31.4
4025.0,31.4
4025.5,31.4
4026.0,31.4
4026.5,31.4
4027.0,31.4
4027.5,31.4
4028.0,31.4
4028.5,31.4
4029.0,31.4
4029.5,31.4
4030.0,31.4
4030.5,31.4
4031.0,31.4
4031.5,31.4
4032.0,31.4
4032.5,31.4
4033.0,31.4
4033.5,31.4
4034.0,31.4
4034.5,31.4
4035.0,31.4
4035.5,31.4
4036.0,31.4
4036.5,31.4
4037.0,31.4
4037.5,31.4
4038.0,31.4
4038.5,31.4
4039.0,31.4
4039.5,31.4
4040.0,31.4
4040.5,31.3
4041.0,31.4
4041.5,31.4
4042.0,31.4
4042.5,31.4
4043.0,31.4
4043.5,31.4
4044.0,31.4
4044.5,31.4
4045.0,31.4
4045.5,31.4
4046.0,31.4
4046.5,31.4
4047.0,31.4
4047.5,31.4
4048.0,31.4
4048.5,31.4
4049.0,31.4
4049.5,31.3
4050.0,31.4
4050.5,31.4
4051.0,31.4
4051.5,31.4
4052.0,31.4
4052.5,31.4
4053.0,31.3
4053.5,31.3
4054.0,31.4
4054.5,31.4
4055.0,31.4
4055.5,31.4
4056.0,31.4
4056.5,31.4
4057.0,31.4
4057.5,31.4
4058.0,31.4
4058.5,31.4
4059.0,31.3
4059.5,31.3
4060.0,31.4
4060.5,31.4
4061.0,31.4
4061.5,31.4
4062.0,31.4
4062.5,31.4
4063.0,31.4
4063.5,31.4
4064.0,31.4
4064.5,31.4
4065.0,31.4
4065.5,31.4
4066.0,31.4
4066.5,31.3
4067.0,31.4
4067.5,31.4
4068.0,31.4
4068.5,31.4
4069.0,31.4
4069.5,31.4
4070.0,31.4
4070.5,31.3
4071.0,31.4
4071.5,31.4
4072.0,31.4
4072.5,31.4
4073.0,31.4
4073.5,31.4
4074.0,31.4
4074.5,31.4
4075.0,31.4
4075.5,31.3
4076.0,31.4
4076.5,31.4
4077.0,31.4
4077.5,31.4
4078.0,31.4
4078.5,31.4
4079.0,31.4
4079.5,31.4
4080.0,31.4
4080.5,31.4
4081.0,31.4
4081.5,31.4
4082.0,31.4
4082.5,31.4
4083.0,31.4
4083.5,31.4
4084.0,31.4
4084.5,31.4
4085.0,31.4
4085.5,31.4
4086.0,31.3
4086.5,31.4
4087.0,31.4
4087.5,31.4
4088.0,31.4
4088.5,31.4
4089.0,31.4
4089.5,31.4
4090.0,31.4
4090.5,31.4
4091.0,31.4
4091.5,31.4
4092.0,31.4
4092.5,31.4
4093.0,31.4
4093.5,31.4
4094.0,31.4
4094.5,31.4
4095.0,31.4
4095.5,31.4
4096.0,31.4
4096.5,31.4
4097.0,31.4
4097.5,31.4
4098.0,31.4
4098.5,31.4
4099.0,31.4
4099.5,31.4
4100.0,31.4
4100.5,31.4
4101.0,31.4
4101.5,31.4
4102.0,31.4
4102.5,31.4
4103.0,31.4
4103.5,31.4
4104.0,31.4
4104.5,31.4
4105.0,31.4
4105.5,31.4
4106.0,31.4
4106.5,31.4
4107.0,31.4
4107.5,31.4
4108.0,31.4
4108.5,31.4
4109.0,31.4
4109.5,31.4
4110.0,31.4
4110.5,31.4
4111.0,31.3
4111.5,31.4
4112.0,31.4
4112.5,31.4
4113.0,31.4
4113.5,31.4
4114.0,31.4
4114.5,31.4
4115.0,31.4
4115.5,31.4
4116.0,31.4
4116.5,31.4
4117.0,31.4
4117.5,31.4
4118.0,31.4
4118.5,31.4
4119.0,31.4
4119.5,31.4
4120.0,31.4
4120.5,31.4
4121.0,31.4
4121.5,31.4
4122.0,31.4
4122.5,31.4
4123.0,31.4
4123.5,31.4
4124.0,31.4
4124.5,31.4
4125.0,31.4
4125.5,31.4
4126.0,31.4
4126.5,31.4
4127.0,31.4
4127.5,31.4
4128.0,31.4
4128.5,31.4
4129.0,31.4
4129.5,31.4
4130.0,31.4
4130.5,31.4
4131.0,31.4
4131.5,31.4
4132.0,31.4
4132.5,31.4
4133.0,31.4
4133.5,31.4
4134.0,31.4
4134.5,31.4
4135.0,31.4
4135.5,31.4
4136.0,31.4
4136.5,31.4
4137.0,31.4
4137.5,31.4
4138.0,31.4
4138.5,31.4
4139.0,31.4
4139.5,31.4
4140.0,31.4
4140.5,31.4
4141.0,31.4
4141.5,31.4
4142.0,31.4
4142.5,31.4
4143.0,31.4
4143.5,31.4
4144.0,31.4
4144.5,31.4
4145.0,31.3
4145.5,31.4
4146.0,31.4
4146.5,31.4
4147.0,31.4
4147.5,31.4
4148.0,31.4
4148.5,31.4
4149.0,31.4
4149.5,31.4
4150.0,31.4
4150.5,31.4
4151.0,31.4
4151.5,31.4
4152.0,31.4
4152.5,31.3
4153.0,31.4
4153.5,31.3
4154.0,31.4
4154.5,31.4
4155.0,31.4
4155.5,31.4
4156.0,31.4
4156.5,31.4
4157.0,31.4
4157.5,31.4
4158.0,31.4
4158.5,31.4
4159.0,31.4
4159.5,31.4
4160.0,31.4
4160.5,31.4
4161.0,31.4
4161.5,31.4
4162.0,31.4
4162.5,31.4
4163.0,31.4
4163.5,31.3
4164.0,31.4
4164.5,31.4
4165.0,31.4
4165.5,31.4
4166.0,31.4
4166.5,31.4
4167.0,31.4
4167.5,31.4
4168.0,31.4
4168.5,31.4
4169.0,31.4
4169.5,31.4
4170.0,31.4
4170.5,31.4
4171.0,31.3
4171.5,31.4
4172.0,31.4
4172.5,31.4
4173.0,31.4
4173.5,31.4
4174.0,31.3
4174.5,31.4
4175.0,31.4
4175.5,31.4
4176.0,31.4
4176.5,31.4
4177.0,31.4
4177.5,31.4
4178.0,31.4
4178.5,31.4
4179.0,31.4
4179.5,31.3
4180.0,31.4
4180.5,31.3
4181.0,31.3
4181.5,31.4
4182.0,31.4
4182.5,31.4
4183.0,31.4
4183.5,31.4
4184.0,31.3
4184.5,31.3
4185.0,31.4
4185.5,31.4
4186.0,31.4
4186.5,31.3
4187.0,31.4
4187.5,31.3
4188.0,31.4
4188.5,31.3
4189.0,31.4
4189.5,31.4
4190.0,31.4
4190.5,31.4
4191.0,31.3
4191.5,31.4
4192.0,31.4
4192.5,31.4
4193.0,31.3
4193.5,31.3
4194.0,31.4
4194.5,31.4
4195.0,31.3
4195.5,31.4
4196.0,31.4
4196.5,31.4
4197.0,31.3
4197.5,31.4
4198.0,31.4
4198.5,31.3
4199.0,31.4
4199.5,31.4
4200.0,31.3
4200.5,31.3
4201.0,31.4
4201.5,31.4
4202.0,31.4
4202.5,31.4
4203.0,31.3
4203.5,31.4
4204.0,31.3
4204.5,31.4
4205.0,31.3
4205.5,31.3
4206.0,31.3
4206.5,31.3
4207.0,31.4
4207.5,31.3
4208.0,31.3
4208.5,31.3
4209.0,31.3
4209.5,31.3
4210.0,31.3
4210.5,31.3
4211.0,31.3
4211.5,31.3
4212.0,31.4
4212.5,31.3
4213.0,31.3
4213.5,31.3
4214.0,31.3
4214.5,31.3
4215.0,31.3
4215.5,31.3
4216.0,31.3
4216.5,31.3
4217.0,31.3
4217.5,31.3
4218.0,31.3
4218.5,31.4
4219.0,31.3
4219.5,31.3
4220.0,31.4
4220.5,31.3
4221.0,31.3
4221.5,31.3
4222.0,31.3
4222.5,31.3
4223.0,31.3
4223.5,31.3
4224.0,31.3
4224.5,31.3
4225.0,31.3
4225.5,31.4
4226.0,31.3
4226.5,31.3
4227.0,31.3
4227.5,31.3
4228.0,31.4
4228.5,31.3
4229.0,31.3
4229.5,31.3
4230.0,31.3
4230.5,31.3
4231.0,31.3
4231.5,31.3
4232.0,31.3
4232.5,31.3
4233.0,31.3
4233.5,31.3
4234.0,31.3
4234.5,31.3
4235.0,31.3
4235.5,31.3
4236.0,31.3
4236.5,31.3
4237.0,31.3
4237.5,31.3
4238.0,31.3
4238.5,31.3
4239.0,31.3
4239.5,31.3
4240.0,31.3
4240.5,31.3
4241.0,31.3
4241.5,31.3
4242.0,31.3
4242.5,31.3
4243.0,31.3
4243.5,31.3
4244.0,31.3
4244.5,31.3
4245.0,31.3
4245.5,31.3
4246.0,31.3
4246.5,31.3
4247.0,31.3
4247.5,31.3
4248.0,31.3
4248.5,31.3
4249.0,31.3
4249.5,31.3
4250.0,31.3
4250.5,31.3
4251.0,31.3
4251.5,31.3
4252.0,31.3
4252.5,31.3
4253.0,31.3
4253.5,31.3
4254.0,31.3
4254.5,31.3
4255.0,31.3
4255.5,31.3
4256.0,31.3
4256.5,31.3
4257.0,31.3
4257.5,31.3
4258.0,31.3
4258.5,31.3
4259.0,31.3
4259.5,31.3
4260.0,31.3
4260.5,31.3
4261.0,31.3
4261.5,31.3
4262.0,31.2
4262.5,31.3
4263.0,31.3
4263.5,31.3
4264.0,31.3
4264.5,31.3
4265.0,31.3
4265.5,31.3
4266.0,31.3
4266.5,31.3
4267.0,31.3
4267.5,31.3
4268.0,31.3
4268.5,31.2
4269.0,31.3
4269.5,31.3
4270.0,31.3
4270.5,31.3
4271.0,31.2
4271.5,31.3
4272.0,31.3
4272.5,31.3
4273.0,31.2
4273.5,31.3
4274.0,31.3
4274.5,31.3
4275.0,31.3
4275.5,31.2
4276.0,31.2
4276.5,31.2
4277.0,31.3
4277.5,31.3
4278.0,31.3
4278.5,31.2
4279.0,31.3
4279.5,31.2
4280.0,31.3
4280.5,31.2
4281.0,31.2
4281.5,31.3
4282.0,31.3
4282.5,31.2
4283.0,31.3
4283.5,31.2
4284.0,31.2
4284.5,31.2
4285.0,31.3
4285.5,31.2
4286.0,31.2
4286.5,31.2
4287.0,31.3
4287.5,31.3
4288.0,31.2
4288.5,31.2
4289.0,31.2
4289.5,31.3
4290.0,31.2
4290.5,31.2
4291.0,31.2
4291.5,31.2
4292.0,31.2
4292.5,31.2
4293.0,31.2
4293.5,31.2
4294.0,31.2
4294.5,31.2
4295.0,31.2
4295.5,31.2
4296.0,31.3
4296.5,31.2
4297.0,31.2
4297.5,31.2
4298.0,31.2
4298.5,31.2
4299.0,31.3
4299.5,31.3
4300.0,31.2
4300.5,31.2
4301.0,31.3
4301.5,31.2
4302.0,31.2
4302.5,31.2
4303.0,31.2
4303.5,31.2
4304.0,31.3
4304.5,31.2
4305.0,31.2
4305.5,31.2
4306.0,31.2
4306.5,31.2
4307.0,31.2
4307.5,31.2
4308.0,31.2
4308.5,31.2
4309.0,31.2
4309.5,31.2
4310.0,31.2
4310.5,31.2
4311.0,31.2
4311.5,31.2
4312.0,31.2
4312.5,31.2
4313.0,31.2
4313.5,31.2
4314.0,31.2
4314.5,31.2
4315.0,31.2
4315.5,31.2
4316.0,31.2
4316.5,31.2
4317.0,31.2
4317.5,31.2
4318.0,31.2
4318.5,31.2
4319.0,31.2
4319.5,31.2
4320.0,31.2
4320.5,31.2
4321.0,31.2
4321.5,31.2
4322.0,31.2
4322.5,31.2
4323.0,31.2
4323.5,31.2
4324.0,31.2
4324.5,31.2
4325.0,31.2
4325.5,31.2
4326.0,31.2
4326.5,31.2
4327.0,31.2
4327.5,31.2
4328.0,31.2
4328.5,31.2
4329.0,31.2
4329.5,31.2
4330.0,31.2
4330.5,31.2
4331.0,31.2
4331.5,31.2
4332.0,31.2
4332.5,31.2
4333.0,31.2
4333.5,31.2
4334.0,31.2
4334.5,31.2
4335.0,31.2
4335.5,31.2
4336.0,31.2
4336.5,31.2
4337.0,31.2
4337.5,31.2
4338.0,31.2
4338.5,31.2
4339.0,31.2
4339.5,31.2
4340.0,31.2
4340.5,31.2
4341.0,31.2
4341.5,31.2
4342.0,31.2
4342.5,31.2
4343.0,31.1
4343.5,31.2
4344.0,31.2
4344.5,31.2
4345.0,31.2
4345.5,31.2
4346.0,31.2
4346.5,31.1
4347.0,31.1
4347.5,31.2
4348.0,31.2
4348.5,31.1
4349.0,31.1
4349.5,31.2
4350.0,31.1
4350.5,31.2
4351.0,31.1
4351.5,31.1
4352.0,31.1
4352.5,31.1
4353.0,31.2
4353.5,31.1
4354.0,31.1
4354.5,31.1
4355.0,31.1
4355.5,31.1
4356.0,31.1
4356.5,31.1
4357.0,31.1
4357.5,31.1
4358.0,31.1
4358.5,31.1
4359.0,31.1
4359.5,31.1
4360.0,31.1
4360.5,31.1
4361.0,31.1
4361.5,31.1
4362.0,31.1
4362.5,31.1
4363.0,31.1
4363.5,31.1
4364.0,31.1
4364.5,31.1
4365.0,31.1
4365.5,31.1
4366.0,31.1
4366.5,31.1
4367.0,31.1
4367.5,31.1
4368.0,31.1
4368.5,31.1
4369.0,31.1
4369.5,31.1
4370.0,31.1
4370.5,31.1
4371.0,31.1
4371.5,31.1
4372.0,31.1
4372.5,31.1
4373.0,31.1
4373.5,31.1
4374.0,31.1
4374.5,31.1
4375.0,31.1
4375.5,31.1
4376.0,31.1
4376.5,31.1
4377.0,31.1
4377.5,31.1
4378.0,31.1
4378.5,31.1
4379.0,31.1
4379.5,31.1
4380.0,31.1
4380.5,31.1
4381.0,31.1
4381.5,31.1
4382.0,31.1
4382.5,31.1
4383.0,31.1
4383.5,31.1
4384.0,31.1
4384.5,31.1
4385.0,31.1
4385.5,31.1
4386.0,31.1
4386.5,31.1
4387.0,31.1
4387.5,31.1
4388.0,31.1
4388.5,31.1
4389.0,31.1
4389.5,31.1
4390.0,31.1
4390.5,31.1
4391.0,31.1
4391.5,31.1
4392.0,31.1
4392.5,31.1
4393.0,31.1
4393.5,31.1
4394.0,31.1
4394.5,31.1
4395.0,31.1
4395.5,31.1
4396.0,31.1
4396.5,31.1
4397.0,31.1
4397.5,31.1
4398.0,31.1
4398.5,31.1
4399.0,31.1
4399.5,31.1
4400.0,31.1
4400.5,31.1
4401.0,31.1
4401.5,31.2
4402.0,31.1
4402.5,31.1
4403.0,31.1
4403.5,31.1
4404.0,31.1
4404.5,31.1
4405.0,31.1
4405.5,31.1
4406.0,31.1
4406.5,31.1
4407.0,31.1
4407.5,31.1
4408.0,31.1
4408.5,31.1
4409.0,31.1
4409.5,31.1
4410.0,31.1
4410.5,31.1
4411.0,31.1
4411.5,31.1
4412.0,31.1
4412.5,31.1
4413.0,31.1
4413.5,31.1
4414.0,31.1
4414.5,31.1
4415.0,31.1
4415.5,31.1
4416.0,31.1
4416.5,31.1
4417.0,31.1
4417.5,31.1
4418.0,31.1
4418.5,31.1
4419.0,31.1
4419.5,31.1
4420.0,31.1
4420.5,31.1
4421.0,31.1
4421.5,31.1
4422.0,31.1
4422.5,31.1
4423.0,31.1
4423.5,31.1
4424.0,31.1
4424.5,31.1
4425.0,31.1
4425.5,31.1
4426.0,31.1
4426.5,31.1
4427.0,31.1
4427.5,31.1
4428.0,31.1
4428.5,31.1
4429.0,31.1
4429.5,31.1
4430.0,31.1
4430.5,31.1
4431.0,31.1
4431.5,31.1
4432.0,31.1
4432.5,31.1
4433.0,31.2
4433.5,31.1
4434.0,31.1
4434.5,31.1
4435.0,31.1
4435.5,31.1
4436.0,31.1
4436.5,31.1
4437.0,31.1
4437.5,31.1
4438.0,31.1
4438.5,31.1
4439.0,31.1
4439.5,31.1
4440.0,31.1
4440.5,31.1
4441.0,31.1
4441.5,31.1
4442.0,31.1
4442.5,31.1
4443.0,31.1
4443.5,31.1
4444.0,31.1
4444.5,31.1
4445.0,31.1
4445.5,31.1
4446.0,31.1
4446.5,31.1
4447.0,31.1
4447.5,31.1
4448.0,31.1
4448.5,31.1
4449.0,31.1
4449.5,31.1
4450.0,31.1
4450.5,31.1
4451.0,31.1
4451.5,31.1
4452.0,31.1
4452.5,31.1
4453.0,31.1
4453.5,31.1
4454.0,31.1
4454.5,31.1
4455.0,31.1
4455.5,31.1
4456.0,31.1
4456.5,31.1
4457.0,31.1
4457.5,31.1
4458.0,31.1
4458.5,31.1
4459.0,31.1
4459.5,31.1
4460.0,31.1
4460.5,31.1
4461.0,31.1
4461.5,31.1
4462.0,31.1
4462.5,31.1
4463.0,31.1
4463.5,31.1
4464.0,31.1
4464.5,31.1
4465.0,31.1
4465.5,31.1
4466.0,31.1
4466.5,31.1
4467.0,31.1
4467.5,31.1
4468.0,31.1
4468.5,31.1
4469.0,31.1
4469.5,31.1
4470.0,31.1
4470.5,31.1
4471.0,31.1
4471.5,31.1
4472.0,31.1
4472.5,31.1
4473.0,31.1
4473.5,31.1
4474.0,31.1
4474.5,31.1
4475.0,31.1
4475.5,31.1
4476.0,31.1
4476.5,31.1
4477.0,31.1
4477.5,31.1
4478.0,31.1
4478.5,31.1
4479.0,31.1
4479.5,31.1
4480.0,31.1
4480.5,31.1
4481.0,31.1
4481.5,31.1
4482.0,31.1
4482.5,31.1
4483.0,31.1
4483.5,31.1
4484.0,31.1
4484.5,31.1
4485.0,31.1
4485.5,31.1
4486.0,31.1
4486.5,31.1
4487.0,31.1
4487.5,31.1
4488.0,31.1
4488.5,31.1
4489.0,31.1
4489.5,31.1
4490.0,31.1
4490.5,31.1
4491.0,31.1
4491.5,31.1
4492.0,31.1
4492.5,31.1
4493.0,31.1
4493.5,31.1
4494.0,31.1
4494.5,31.1
4495.0,31.1
4495.5,31.1
4496.0,31.1
4496.5,31.1
4497.0,31.1
4497.5,31.1
4498.0,31.1
4498.5,31.1
4499.0,31.1
4499.5,31.1
4500.0,31.1
4500.5,31.1
4501.0,31.1
4501.5,31.1
4502.0,31.1
4502.5,31.1
4503.0,31.1
4503.5,31.1
4504.0,31.1
4504.5,31.1
4505.0,31.1
4505.5,31.1
4506.0,31.1
4506.5,31.1
4507.0,31.1
4507.5,31.1
4508.0,31.1
4508.5,31.1
4509.0,31.1
4509.5,31.1
4510.0,31.1
4510.5,31.1
4511.0,31.1
4511.5,31.1
4512.0,31.1
4512.5,31.1
4513.0,31.1
4513.5,31.1
4514.0,31.1
4514.5,31.1
4515.0,31.1
4515.5,31.1
4516.0,31.1
4516.5,31.1
4517.0,31.1
4517.5,31.1
4518.0,31.1
4518.5,31.1
4519.0,31.1
4519.5,31.1
4520.0,31.1
4520.5,31.1
4521.0,31.1
4521.5,31.1
4522.0,31.1
4522.5,31.1
4523.0,31.1
4523.5,31.1
4524.0,31.1
4524.5,31.1
4525.0,31.1
4525.5,31.1
4526.0,31.1
4526.5,31
4527.0,31.1
4527.5,31.1
4528.0,31.1
4528.5,31.1
4529.0,31.1
4529.5,31.1
4530.0,31.1
4530.5,31.1
4531.0,31.1
4531.5,31.1
4532.0,31.1
4532.5,31.1
4533.0,31.1
4533.5,31.1
4534.0,31.1
4534.5,31.1
4535.0,31.1
4535.5,31.1
4536.0,31.1
4536.5,31.1
4537.0,31.1
4537.5,31.1
4538.0,31.1
4538.5,31.1
4539.0,31.1
4539.5,31.1
4540.0,31.1
4540.5,31.1
4541.0,31.1
4541.5,31.1
4542.0,31.1
4542.5,31.1
4543.0,31.1
4543.5,31.1
4544.0,31.1
4544.5,31.1
4545.0,31.1
4545.5,31.1
4546.0,31.1
4546.5,31.1
4547.0,31.1
4547.5,31.1
4548.0,31.1
4548.5,31.1
4549.0,31.1
4549.5,31.1
4550.0,31.1
4550.5,31.1
4551.0,31.1
4551.5,31.1
4552.0,31.1
4552.5,31.1
4553.0,31.1
4553.5,31.1
4554.0,31.1
4554.5,31.1
4555.0,31.1
4555.5,31.1
4556.0,31.1
4556.5,31.1
4557.0,31.1
4557.5,31.1
4558.0,31.1
4558.5,31.1
4559.0,31.1
4559.5,31.1
4560.0,31.1
4560.5,31.1
4561.0,31.1
4561.5,31.1
4562.0,31
4562.5,31.1
4563.0,31.1
4563.5,31.1
4564.0,31.1
4564.5,31.1
4565.0,31.1
4565.5,31.1
4566.0,31
4566.5,31
4567.0,31.1
4567.5,31.1
4568.0,31.1
4568.5,31.1
4569.0,31.1
4569.5,31.1
4570.0,31.1
4570.5,31.1
4571.0,31.1
4571.5,31.1
4572.0,31.1
4572.5,31.1
4573.0,31.1
4573.5,31.1
4574.0,31
4574.5,31.1
4575.0,31.1
4575.5,31
4576.0,31.1
4576.5,31.1
4577.0,31
4577.5,31
4578.0,31.1
4578.5,31
4579.0,31.1
4579.5,31
4580.0,31
4580.5,31.1
4581.0,31.1
4581.5,31.1
4582.0,31.1
4582.5,31.1
4583.0,31
4583.5,31
4584.0,31.1
4584.5,31.1
4585.0,31.1
4585.5,31.1
4586.0,31
4586.5,31
4587.0,31.1
4587.5,31
4588.0,31.1
4588.5,31
4589.0,31.1
4589.5,31.1
4590.0,31
4590.5,31
4591.0,31
4591.5,31.1
4592.0,31.1
4592.5,31.1
4593.0,31
4593.5,31
4594.0,31
4594.5,31
4595.0,31
4595.5,31
4596.0,31.1
4596.5,31.1
4597.0,31.1
4597.5,31.1
4598.0,31
4598.5,31
4599.0,31
4599.5,31.1
4600.0,31.1
4600.5,31
4601.0,31
4601.5,31.1
4602.0,31
4602.5,31
4603.0,31
4603.5,31
4604.0,31
4604.5,31
4605.0,31
4605.5,31.1
4606.0,31
4606.5,31.1
4607.0,31
4607.5,31
4608.0,31.1
4608.5,31
4609.0,31
4609.5,31
4610.0,31
4610.5,31
4611.0,31
4611.5,31
4612.0,31
4612.5,31
4613.0,31.1
4613.5,31.1
4614.0,31
4614.5,31
4615.0,31.1
4615.5,31
4616.0,31
4616.5,31
4617.0,30.9
4617.5,31.1
4618.0,31.1
4618.5,31
4619.0,31
4619.5,31
4620.0,31
4620.5,31
4621.0,31
4621.5,31
4622.0,31
4622.5,31
4623.0,31
4623.5,31
4624.0,31
4624.5,31
4625.0,31
4625.5,31
4626.0,31
4626.5,31
4627.0,31
4627.5,31
4628.0,31
4628.5,31
4629.0,31
4629.5,31
4630.0,31
4630.5,31
4631.0,31
4631.5,31
4632.0,31
4632.5,31
4633.0,31
4633.5,31
4634.0,31
4634.5,31
4635.0,31
4635.5,31
4636.0,31
4636.5,31
4637.0,31
4637.5,31
4638.0,30.9
4638.5,31
4639.0,31
4639.5,31
4640.0,30.9
4640.5,31
4641.0,30.9
4641.5,31
4642.0,31
4642.5,31
4643.0,30.9
4643.5,31
4644.0,30.9
4644.5,31
4645.0,30.9
4645.5,31
4646.0,30.9
4646.5,31
4647.0,30.9
4647.5,31
4648.0,31
4648.5,31
4649.0,31
4649.5,30.9
4650.0,31
4650.5,31
4651.0,30.9
4651.5,31
4652.0,30.9
4652.5,30.9
4653.0,30.9
4653.5,30.9
4654.0,30.9
4654.5,31
4655.0,30.9
4655.5,30.9
4656.0,30.9
4656.5,31
4657.0,31
4657.5,30.9
4658.0,31
4658.5,30.9
4659.0,30.9
4659.5,31
4660.0,30.9
4660.5,30.9
4661.0,30.9
4661.5,30.9
4662.0,30.9
4662.5,30.9
4663.0,30.9
4663.5,30.9
4664.0,30.9
4664.5,30.9
4665.0,30.9
4665.5,31
4666.0,30.9
4666.5,30.9
4667.0,30.9
4667.5,30.9
4668.0,30.9
4668.5,31
4669.0,30.9
4669.5,30.9
4670.0,30.9
4670.5,30.9
4671.0,30.9
4671.5,30.9
4672.0,30.9
4672.5,30.9
4673.0,30.9
4673.5,30.9
4674.0,30.9
4674.5,30.9
4675.0,30.9
4675.5,30.9
4676.0,30.9
4676.5,30.9
4677.0,30.9
4677.5,30.9
4678.0,30.9
4678.5,30.9
4679.0,30.9
4679.5,30.9
4680.0,30.9
4680.5,30.9
4681.0,30.9
4681.5,30.9
4682.0,30.9
4682.5,30.9
4683.0,30.9
4683.5,30.9
4684.0,30.9
4684.5,30.9
4685.0,30.9
4685.5,30.9
4686.0,30.9
4686.5,30.9
4687.0,30.9
4687.5,30.9
4688.0,30.9
4688.5,30.9
4689.0,30.9
4689.5,30.9
4690.0,30.9
4690.5,30.9
4691.0,30.9
4691.5,30.9
4692.0,30.9
4692.5,30.9
4693.0,30.9
4693.5,30.9
4694.0,30.9
4694.5,30.9
4695.0,30.9
4695.5,30.9
4696.0,30.9
4696.5,30.9
4697.0,30.9
4697.5,30.9
4698.0,30.9
4698.5,30.9
4699.0,30.9
4699.5,30.9
4700.0,30.9
4700.5,30.9
4701.0,30.9
4701.5,30.9
4702.0,30.9
4702.5,30.9
4703.0,30.9
4703.5,30.9
4704.0,30.9
4704.5,30.9
4705.0,30.9
4705.5,30.9
4706.0,30.9
4706.5,30.9
4707.0,30.9
4707.5,30.9
4708.0,30.9
4708.5,30.9
4709.0,30.9
4709.5,30.9
4710.0,30.9
4710.5,30.9
4711.0,30.9
4711.5,30.9
4712.0,30.9
4712.5,30.9
4713.0,30.9
4713.5,30.9
4714.0,30.9
4714.5,30.9
4715.0,30.9
4715.5,30.9
4716.0,30.9
4716.5,30.9
4717.0,30.9
4717.5,30.9
4718.0,30.9
4718.5,30.9
4719.0,30.9
4719.5,30.9
4720.0,30.9
4720.5,30.9
4721.0,30.9
4721.5,30.9
4722.0,30.9
4722.5,30.9
4723.0,30.9
4723.5,30.9
4724.0,30.9
4724.5,30.9
4725.0,30.9
4725.5,30.9
4726.0,30.9
4726.5,30.8
4727.0,30.9
4727.5,30.9
4728.0,30.9
4728.5,30.9
4729.0,30.9
4729.5,30.9
4730.0,30.9
4730.5,30.9
4731.0,30.8
4731.5,30.8
4732.0,30.8
4732.5,30.8
4733.0,30.8
4733.5,30.9
4734.0,30.9
4734.5,30.8
4735.0,30.8
4735.5,30.8
4736.0,30.9
4736.5,30.9
4737.0,30.9
4737.5,30.9
4738.0,30.8
4738.5,30.9
4739.0,30.9
4739.5,30.8
4740.0,30.9
4740.5,30.8
4741.0,30.9
4741.5,30.8
4742.0,30.8
4742.5,30.9
4743.0,30.8
4743.5,30.8
4744.0,30.8
4744.5,30.8
4745.0,30.8
4745.5,30.8
4746.0,30.8
4746.5,30.8
4747.0,30.8
4747.5,30.8
4748.0,30.8
4748.5,30.8
4749.0,30.8
4749.5,30.8
4750.0,30.8
4750.5,30.8
4751.0,30.8
4751.5,30.8
4752.0,30.9
4752.5,30.9
4753.0,30.8
4753.5,30.9
4754.0,30.8
4754.5,30.9
4755.0,30.9
4755.5,30.8
4756.0,30.8
4756.5,30.8
4757.0,30.9
4757.5,30.8
4758.0,30.8
4758.5,30.8
4759.0,30.8
4759.5,30.8
4760.0,30.9
4760.5,30.8
4761.0,30.8
4761.5,30.8
4762.0,30.8
4762.5,30.9
4763.0,30.8
4763.5,30.8
4764.0,30.8
4764.5,30.8
4765.0,30.8
4765.5,30.9
4766.0,30.9
4766.5,30.8
4767.0,30.8
4767.5,30.8
4768.0,30.8
4768.5,30.8
4769.0,30.8
4769.5,30.9
4770.0,30.8
4770.5,30.8
4771.0,30.9
4771.5,30.8
4772.0,30.8
4772.5,30.8
4773.0,30.9
4773.5,30.8
4774.0,30.8
4774.5,30.8
4775.0,30.8
4775.5,30.9
4776.0,30.8
4776.5,30.9
4777.0,30.8
4777.5,30.8
4778.0,30.9
4778.5,30.8
4779.0,30.9
4779.5,30.8
4780.0,30.8
4780.5,30.8
4781.0,30.9
4781.5,30.9
4782.0,30.9
4782.5,30.8
4783.0,30.9
4783.5,30.8
4784.0,30.8
4784.5,30.8
4785.0,30.8
4785.5,30.8
4786.0,30.8
4786.5,30.9
4787.0,30.8
4787.5,30.8
4788.0,30.9
4788.5,30.8
4789.0,30.9
4789.5,30.8
4790.0,30.9
4790.5,30.8
4791.0,30.8
4791.5,30.9
4792.0,30.8
4792.5,30.8
4793.0,30.8
4793.5,30.8
4794.0,30.8
4794.5,30.8
4795.0,30.8
4795.5,30.8
4796.0,30.8
4796.5,30.8
4797.0,30.8
4797.5,30.8
4798.0,30.8
4798.5,30.9
4799.0,30.8
4799.5,30.8
4800.0,30.8
4800.5,30.8
4801.0,30.8
4801.5,30.8
4802.0,30.8
4802.5,30.8
4803.0,30.8
4803.5,30.8
4804.0,30.9
4804.5,30.8
4805.0,30.8
4805.5,30.8
4806.0,30.8
4806.5,30.8
4807.0,30.8
4807.5,30.8
4808.0,30.9
4808.5,30.8
4809.0,30.8
4809.5,30.9
4810.0,30.8
4810.5,30.8
4811.0,30.8
4811.5,30.9
4812.0,30.9
4812.5,30.8
4813.0,30.9
4813.5,30.8
4814.0,30.8
4814.5,30.8
4815.0,30.8
4815.5,30.8
4816.0,30.9
4816.5,30.8
4817.0,30.8
4817.5,30.8
4818.0,30.9
4818.5,30.8
4819.0,30.9
4819.5,30.8
4820.0,30.8
4820.5,30.8
4821.0,30.8
4821.5,30.9
4822.0,30.8
4822.5,30.9
4823.0,30.8
4823.5,30.8
4824.0,30.8
4824.5,30.8
4825.0,30.8
4825.5,30.8
4826.0,30.8
4826.5,30.9
4827.0,30.8
4827.5,30.9
4828.0,30.9
4828.5,30.8
4829.0,30.9
4829.5,30.9
4830.0,30.8
4830.5,30.8
4831.0,30.8
4831.5,30.8
4832.0,30.8
4832.5,30.9
4833.0,30.9
4833.5,30.8
4834.0,30.8
4834.5,30.9
4835.0,30.8
4835.5,30.9
4836.0,30.8
4836.5,30.8
4837.0,30.9
4837.5,30.8
4838.0,30.9
4838.5,30.9
4839.0,30.8
4839.5,30.8
4840.0,30.8
4840.5,30.9
4841.0,30.9
4841.5,30.8
4842.0,30.8
4842.5,30.9
4843.0,30.8
4843.5,30.9
4844.0,30.8
4844.5,30.8
4845.0,30.9
4845.5,30.9
4846.0,30.9
4846.5,30.8
4847.0,30.9
4847.5,30.9
4848.0,30.9
4848.5,30.9
4849.0,30.9
4849.5,30.9
4850.0,30.9
4850.5,30.9
4851.0,30.9
4851.5,30.9
4852.0,30.9
4852.5,30.8
4853.0,30.8
4853.5,30.9
4854.0,30.8
4854.5,30.9
4855.0,30.9
4855.5,30.9
4856.0,30.9
4856.5,30.9
4857.0,30.9
4857.5,30.9
4858.0,30.8
4858.5,30.8
4859.0,30.8
4859.5,30.8
4860.0,30.8
4860.5,30.9
4861.0,30.9
4861.5,30.9
4862.0,30.8
4862.5,30.9
4863.0,30.9
4863.5,30.9
4864.0,30.9
4864.5,30.9
4865.0,30.9
4865.5,30.9
4866.0,30.8
4866.5,30.9
4867.0,30.9
4867.5,30.9
4868.0,30.8
4868.5,30.9
4869.0,30.9
4869.5,30.9
4870.0,30.9
4870.5,30.9
4871.0,30.9
4871.5,30.9
4872.0,30.9
4872.5,30.9
4873.0,30.9
4873.5,30.9
4874.0,30.9
4874.5,30.9
4875.0,30.9
4875.5,30.9
4876.0,30.9
4876.5,30.9
4877.0,30.9
4877.5,30.9
4878.0,30.9
4878.5,30.9
4879.0,30.9
4879.5,30.9
4880.0,30.9
4880.5,30.9
4881.0,30.9
4881.5,30.9
4882.0,30.9
4882.5,30.9
4883.0,30.9
4883.5,30.9
4884.0,30.9
4884.5,30.9
4885.0,30.9
4885.5,30.9
4886.0,30.9
4886.5,30.9
4887.0,30.9
4887.5,30.9
4888.0,30.9
4888.5,30.9
4889.0,30.9
4889.5,30.9
4890.0,30.9
4890.5,30.9
4891.0,30.9
4891.5,30.9
4892.0,30.9
4892.5,30.9
4893.0,30.9
4893.5,30.9
4894.0,30.9
4894.5,30.9
4895.0,30.9
4895.5,30.9
4896.0,30.9
4896.5,30.9
4897.0,30.9
4897.5,30.9
4898.0,30.9
4898.5,30.9
4899.0,30.9
4899.5,30.9
4900.0,30.9
4900.5,30.9
4901.0,30.9
4901.5,30.9
4902.0,30.9
4902.5,30.9
4903.0,30.9
4903.5,30.9
4904.0,30.9
4904.5,30.9
4905.0,30.9
4905.5,30.9
4906.0,30.9
4906.5,30.9
4907.0,30.9
4907.5,30.9
4908.0,30.9
4908.5,30.9
4909.0,30.9
4909.5,30.9
4910.0,30.9
4910.5,30.9
4911.0,30.9
4911.5,30.9
4912.0,30.9
4912.5,30.9
4913.0,30.9
4913.5,30.9
4914.0,30.9
4914.5,30.9
4915.0,30.9
4915.5,30.9
4916.0,30.9
4916.5,30.9
4917.0,30.9
4917.5,30.9
4918.0,30.9
4918.5,30.9
4919.0,30.9
4919.5,30.9
4920.0,30.9
4920.5,30.9
4921.0,30.9
4921.5,30.9
4922.0,30.9
4922.5,30.9
4923.0,30.9
4923.5,30.9
4924.0,30.9
4924.5,30.9
4925.0,30.9
4925.5,30.9
4926.0,30.9
4926.5,30.9
4927.0,30.9
4927.5,30.9
4928.0,30.9
4928.5,30.9
4929.0,31
4929.5,30.9
4930.0,30.9
4930.5,30.9
4931.0,30.9
4931.5,30.9
4932.0,30.9
4932.5,30.9
4933.0,30.9
4933.5,30.9
4934.0,30.9
4934.5,30.9
4935.0,30.9
4935.5,30.9
4936.0,30.9
4936.5,30.9
4937.0,30.9
4937.5,30.9
4938.0,30.9
4938.5,30.9
4939.0,30.9
4939.5,30.9
4940.0,30.9
4940.5,30.9
4941.0,30.9
4941.5,30.9
4942.0,30.9
4942.5,30.9
4943.0,30.9
4943.5,30.9
4944.0,30.9
4944.5,30.9
4945.0,30.9
4945.5,30.9
4946.0,30.9
4946.5,30.9
4947.0,30.9
4947.5,30.9
4948.0,30.9
4948.5,30.9
4949.0,30.9
4949.5,30.9
4950.0,30.9
4950.5,30.9
4951.0,30.9
4951.5,30.9
4952.0,30.9
4952.5,30.9
4953.0,30.9
4953.5,30.9
4954.0,30.9
4954.5,30.9
4955.0,30.9
4955.5,30.9
4956.0,30.9
4956.5,30.9
4957.0,31
4957.5,30.9
4958.0,30.9
4958.5,30.9
4959.0,30.9
4959.5,30.9
4960.0,31
4960.5,30.9
4961.0,30.9
4961.5,30.9
4962.0,30.9
4962.5,31
4963.0,30.9
4963.5,30.9
4964.0,30.9
4964.5,30.9
4965.0,30.9
4965.5,30.9
4966.0,30.9
4966.5,30.9
4967.0,31
4967.5,30.9
4968.0,30.9
4968.5,30.9
4969.0,30.9
4969.5,30.9
4970.0,30.9
4970.5,30.9
4971.0,30.9
4971.5,30.9
4972.0,30.9
4972.5,30.9
4973.0,30.9
4973.5,30.9
4974.0,30.9
4974.5,31
4975.0,30.9
4975.5,30.9
4976.0,30.9
4976.5,31
4977.0,31
4977.5,30.9
4978.0,30.9
4978.5,30.9
4979.0,30.9
4979.5,30.9
4980.0,31
4980.5,31
4981.0,31
4981.5,30.9
4982.0,31
4982.5,31
4983.0,30.9
4983.5,30.9
4984.0,30.9
4984.5,31
4985.0,31
4985.5,30.9
4986.0,31
4986.5,31
4987.0,30.9
4987.5,30.9
4988.0,30.9
4988.5,30.9
4989.0,30.9
4989.5,30.9
4990.0,30.9
4990.5,30.9
4991.0,30.9
4991.5,30.9
4992.0,30.9
4992.5,31
4993.0,31
4993.5,30.9
4994.0,31
4994.5,30.9
4995.0,30.9
4995.5,31
4996.0,30.9
4996.5,31
4997.0,31
4997.5,31
4998.0,31
4998.5,30.9
4999.0,31
4999.5,31
5000.0,30.9
5000.5,31
5001.0,30.9
5001.5,30.9
5002.0,30.9
5002.5,30.9
5003.0,31
5003.5,31
5004.0,31
5004.5,30.9
5005.0,30.9
5005.5,30.9
5006.0,31
5006.5,30.9
5007.0,31
5007.5,31
5008.0,31
5008.5,31
5009.0,30.9
5009.5,30.9
5010.0,31
5010.5,30.9
5011.0,31
5011.5,30.9
5012.0,30.9
5012.5,31
5013.0,30.9
5013.5,31
5014.0,31
5014.5,31
5015.0,31
5015.5,31
5016.0,31
5016.5,30.9
5017.0,31
5017.5,31
5018.0,30.9
5018.5,31
5019.0,30.9
5019.5,31
5020.0,30.9
5020.5,30.9
5021.0,31
5021.5,31
5022.0,31
5022.5,31
5023.0,30.9
5023.5,30.9
5024.0,31
5024.5,31
5025.0,31
5025.5,30.9
5026.0,31
5026.5,31
5027.0,31
5027.5,31
5028.0,31
5028.5,31
5029.0,30.9
5029.5,31
5030.0,31
5030.5,31
5031.0,31
5031.5,31
5032.0,31
5032.5,31
5033.0,31
5033.5,31
5034.0,31
5034.5,31
5035.0,31
5035.5,30.9
5036.0,31
5036.5,31
5037.0,31
5037.5,30.9
5038.0,31
5038.5,31
5039.0,31
5039.5,31
5040.0,31
5040.5,31
5041.0,31
5041.5,31
5042.0,31
5042.5,31
5043.0,31
5043.5,31
5044.0,31
5044.5,31
5045.0,31
5045.5,31
5046.0,31
5046.5,31.1
5047.0,31
5047.5,30.9
5048.0,31
5048.5,31
5049.0,31
5049.5,31
5050.0,31.1
5050.5,31
5051.0,31
5051.5,31
5052.0,30.9
5052.5,31
5053.0,31
5053.5,31
5054.0,31
5054.5,31
5055.0,31
5055.5,31
5056.0,31
5056.5,31
5057.0,31
5057.5,31.1
5058.0,31
5058.5,31
5059.0,31
5059.5,31.1
5060.0,31
5060.5,31
5061.0,31
5061.5,31
5062.0,31.1
5062.5,31
5063.0,31.1
5063.5,31
5064.0,31
5064.5,31
5065.0,31
5065.5,31
5066.0,31.1
5066.5,31
5067.0,31
5067.5,31
5068.0,31
5068.5,31
5069.0,31
5069.5,31.1
5070.0,31
5070.5,31
5071.0,31
5071.5,31
5072.0,31.1
5072.5,31
5073.0,31
5073.5,31
5074.0,31.1
5074.5,31
5075.0,31
5075.5,31.1
5076.0,31
5076.5,31.1
5077.0,31
5077.5,31
5078.0,31.1
5078.5,31
5079.0,31
5079.5,31
5080.0,31.1
5080.5,31.1
5081.0,31.1
5081.5,31
5082.0,31.1
5082.5,31.1
5083.0,31.1
5083.5,31.1
5084.0,31.1
5084.5,31.1
5085.0,31.1
5085.5,31
5086.0,31.1
5086.5,31
5087.0,31.1
5087.5,31.1
5088.0,31.1
5088.5,31.1
5089.0,31.1
5089.5,31
5090.0,31
5090.5,31.1
5091.0,31.1
5091.5,31.1
5092.0,31.1
5092.5,31.1
5093.0,31
5093.5,31.1
5094.0,31.1
5094.5,31.1
5095.0,31.1
5095.5,31.1
5096.0,31.1
5096.5,31.1
5097.0,31.1
5097.5,31.1
5098.0,31.1
5098.5,31.1
5099.0,31.1
5099.5,31.1
5100.0,31.1
5100.5,31.1
5101.0,31.1
5101.5,31.1
5102.0,31.1
5102.5,31.1
5103.0,31.1
5103.5,31.1
5104.0,31.1
5104.5,31.1
5105.0,31.1
5105.5,31.1
5106.0,31.1
5106.5,31.1
5107.0,31
5107.5,31.1
5108.0,31.1
5108.5,31.1
5109.0,31.1
5109.5,31.1
5110.0,31.1
5110.5,31.1
5111.0,31.1
5111.5,31.1
5112.0,31.1
5112.5,31.1
5113.0,31.1
5113.5,31.1
5114.0,31.1
5114.5,31.1
5115.0,31.1
5115.5,31.1
5116.0,31.1
5116.5,31.1
5117.0,31.1
5117.5,31.1
5118.0,31.1
5118.5,31.1
5119.0,31.1
5119.5,31.1
5120.0,31.1
5120.5,31.1
5121.0,31.1
5121.5,31.1
5122.0,31.1
5122.5,31.1
5123.0,31.1
5123.5,31.1
5124.0,31.1
5124.5,31.1
5125.0,31.1
5125.5,31.1
5126.0,31.1
5126.5,31.1
5127.0,31.1
5127.5,31.1
5128.0,31.1
5128.5,31.1
5129.0,31.1
5129.5,31.1
5130.0,31.1
5130.5,31.1
5131.0,31.1
5131.5,31.1
5132.0,31.1
5132.5,31.1
5133.0,31.1
5133.5,31.1
5134.0,31.1
5134.5,31.2
5135.0,31.1
5135.5,31.1
5136.0,31.1
5136.5,31.1
5137.0,31.1
5137.5,31.1
5138.0,31.2
5138.5,31.1
5139.0,31.1
5139.5,31.1
5140.0,31.1
5140.5,31.1
5141.0,31.2
5141.5,31.1
5142.0,31.2
5142.5,31.1
5143.0,31.1
5143.5,31.1
5144.0,31.1
5144.5,31.1
5145.0,31.1
5145.5,31.1
5146.0,31.1
5146.5,31.2
5147.0,31.2
5147.5,31.1
5148.0,31.1
5148.5,31.2
5149.0,31.1
5149.5,31.2
5150.0,31.2
5150.5,31.1
5151.0,31.1
5151.5,31.2
5152.0,31.2
5152.5,31.2
5153.0,31.2
5153.5,31.2
5154.0,31.2
5154.5,31.2
5155.0,31.2
5155.5,31.2
5156.0,31.2
5156.5,31.2
5157.0,31.2
5157.5,31.2
5158.0,31.2
5158.5,31.2
5159.0,31.2
5159.5,31.2
5160.0,31.2
5160.5,31.2
5161.0,31.2
5161.5,31.2
5162.0,31.2
5162.5,31.2
5163.0,31.2
5163.5,31.2
5164.0,31.2
5164.5,31.2
5165.0,31.2
5165.5,31.2
5166.0,31.2
5166.5,31.2
5167.0,31.2
5167.5,31.2
5168.0,31.2
5168.5,31.2
5169.0,31.2
5169.5,31.2
5170.0,31.2
5170.5,31.2
5171.0,31.2
5171.5,31.2
5172.0,31.2
5172.5,31.2
5173.0,31.2
5173.5,31.2
5174.0,31.2
5174.5,31.3
5175.0,31.2
5175.5,31.2
5176.0,31.2
5176.5,31.2
5177.0,31.2
5177.5,31.2
5178.0,31.2
5178.5,31.2
5179.0,31.2
5179.5,31.2
5180.0,31.2
5180.5,31.2
5181.0,31.2
5181.5,31.2
5182.0,31.2
5182.5,31.2
5183.0,31.2
5183.5,31.3
5184.0,31.3
5184.5,31.2
5185.0,31.2
5185.5,31.2
5186.0,31.2
5186.5,31.2
5187.0,31.2
5187.5,31.2
5188.0,31.2
5188.5,31.2
5189.0,31.2
5189.5,31.2
5190.0,31.2
5190.5,31.2
5191.0,31.2
5191.5,31.2
5192.0,31.2
5192.5,31.2
5193.0,31.2
5193.5,31.2
5194.0,31.3
5194.5,31.2
5195.0,31.3
5195.5,31.2
5196.0,31.3
5196.5,31.2
5197.0,31.2
5197.5,31.3
5198.0,31.2
5198.5,31.2
5199.0,31.3
5199.5,31.3
5200.0,31.3
5200.5,31.2
5201.0,31.2
5201.5,31.3
5202.0,31.3
5202.5,31.2
5203.0,31.2
5203.5,31.3
5204.0,31.2
5204.5,31.3
5205.0,31.3
5205.5,31.3
5206.0,31.3
5206.5,31.3
5207.0,31.3
5207.5,31.3
5208.0,31.3
5208.5,31.3
5209.0,31.3
5209.5,31.3
5210.0,31.3
5210.5,31.3
5211.0,31.2
5211.5,31.3
5212.0,31.3
5212.5,31.3
5213.0,31.3
5213.5,31.3
5214.0,31.2
5214.5,31.3
5215.0,31.3
5215.5,31.3
5216.0,31.3
5216.5,31.3
5217.0,31.3
5217.5,31.3
5218.0,31.3
5218.5,31.3
5219.0,31.3
5219.5,31.3
5220.0,31.3
5220.5,31.3
5221.0,31.3
5221.5,31.3
5222.0,31.3
5222.5,31.3
5223.0,31.3
5223.5,31.3
5224.0,31.3
5224.5,31.3
5225.0,31.3
5225.5,31.3
5226.0,31.3
5226.5,31.3
5227.0,31.3
5227.5,31.3
5228.0,31.3
5228.5,31.3
5229.0,31.3
5229.5,31.3
5230.0,31.3
5230.5,31.3
5231.0,31.3
5231.5,31.3
5232.0,31.3
5232.5,31.3
5233.0,31.3
5233.5,31.3
5234.0,31.3
5234.5,31.3
5235.0,31.3
5235.5,31.3
5236.0,31.4
5236.5,31.3
5237.0,31.3
5237.5,31.3
5238.0,31.3
5238.5,31.3
5239.0,31.3
5239.5,31.3
5240.0,31.3
5240.5,31.3
5241.0,31.3
5241.5,31.4
5242.0,31.3
5242.5,31.3
5243.0,31.4
5243.5,31.3
5244.0,31.3
5244.5,31.4
5245.0,31.3
5245.5,31.3
5246.0,31.3
5246.5,31.3
5247.0,31.3
5247.5,31.3
5248.0,31.3
5248.5,31.4
5249.0,31.3
5249.5,31.4
5250.0,31.3
5250.5,31.3
5251.0,31.3
5251.5,31.3
5252.0,31.3
5252.5,31.3
5253.0,31.4
5253.5,31.3
5254.0,31.4
5254.5,31.3
5255.0,31.4
5255.5,31.4
5256.0,31.3
5256.5,31.4
5257.0,31.3
5257.5,31.3
5258.0,31.4
5258.5,31.4
5259.0,31.4
5259.5,31.3
5260.0,31.3
5260.5,31.3
5261.0,31.4
5261.5,31.4
5262.0,31.3
5262.5,31.4
5263.0,31.3
5263.5,31.4
5264.0,31.4
5264.5,31.4
5265.0,31.4
5265.5,31.3
5266.0,31.4
5266.5,31.4
5267.0,31.4
5267.5,31.3
5268.0,31.3
5268.5,31.4
5269.0,31.4
5269.5,31.4
5270.0,31.3
5270.5,31.3
5271.0,31.3
5271.5,31.4
5272.0,31.3
5272.5,31.4
5273.0,31.4
5273.5,31.4
5274.0,31.3
5274.5,31.4
5275.0,31.4
5275.5,31.4
5276.0,31.4
5276.5,31.4
5277.0,31.4
5277.5,31.4
5278.0,31.4
5278.5,31.4
5279.0,31.4
5279.5,31.4
5280.0,31.4
5280.5,31.4
5281.0,31.4
5281.5,31.4
5282.0,31.4
5282.5,31.3
5283.0,31.4
5283.5,31.4
5284.0,31.3
5284.5,31.4
5285.0,31.4
5285.5,31.4
5286.0,31.4
5286.5,31.4
5287.0,31.4
5287.5,31.4
5288.0,31.4
5288.5,31.4
5289.0,31.4
5289.5,31.4
5290.0,31.4
5290.5,31.4
5291.0,31.4
5291.5,31.4
5292.0,31.4
5292.5,31.4
5293.0,31.4
5293.5,31.4
5294.0,31.4
5294.5,31.4
5295.0,31.4
5295.5,31.4
5296.0,31.4
5296.5,31.4
5297.0,31.4
5297.5,31.4
5298.0,31.4
5298.5,31.4
5299.0,31.4
5299.5,31.4
5300.0,31.4
5300.5,31.4
5301.0,31.4
5301.5,31.4
5302.0,31.4
5302.5,31.3
5303.0,31.4
5303.5,31.4
5304.0,31.4
5304.5,31.4
5305.0,31.4
5305.5,31.4
5306.0,31.4
5306.5,31.4
5307.0,31.4
5307.5,31.4
5308.0,31.4
5308.5,31.4
5309.0,31.4
5309.5,31.4
5310.0,31.3
5310.5,31.4
5311.0,31.4
5311.5,31.4
5312.0,31.4
5312.5,31.4
5313.0,31.4
5313.5,31.4
5314.0,31.4
5314.5,31.4
5315.0,31.3
5315.5,31.4
5316.0,31.4
5316.5,31.4
5317.0,31.4
5317.5,31.4
5318.0,31.4
5318.5,31.4
5319.0,31.4
5319.5,31.4
5320.0,31.4
5320.5,31.4
5321.0,31.4
5321.5,31.4
5322.0,31.4
5322.5,31.4
5323.0,31.4
5323.5,31.4
5324.0,31.4
5324.5,31.4
5325.0,31.4
5325.5,31.4
5326.0,31.4
5326.5,31.4
5327.0,31.4
5327.5,31.4
5328.0,31.4
5328.5,31.4
5329.0,31.4
5329.5,31.4
5330.0,31.4
5330.5,31.4
5331.0,31.4
5331.5,31.4
5332.0,31.4
5332.5,31.4
5333.0,31.4
5333.5,31.4
5334.0,31.4
5334.5,31.4
5335.0,31.4
5335.5,31.4
5336.0,31.4
5336.5,31.4
5337.0,31.4
5337.5,31.4
5338.0,31.4
5338.5,31.3
5339.0,31.4
5339.5,31.4
5340.0,31.4
5340.5,31.4
5341.0,31.4
5341.5,31.4
5342.0,31.4
5342.5,31.4
5343.0,31.4
5343.5,31.4
5344.0,31.4
5344.5,31.4
5345.0,31.4
5345.5,31.4
5346.0,31.4
5346.5,31.4
5347.0,31.4
5347.5,31.4
5348.0,31.4
5348.5,31.4
5349.0,31.4
5349.5,31.4
5350.0,31.4
5350.5,31.4
5351.0,31.4
5351.5,31.4
5352.0,31.4
5352.5,31.4
5353.0,31.4
5353.5,31.4
5354.0,31.4
5354.5,31.4
5355.0,31.4
5355.5,31.4
5356.0,31.4
5356.5,31.4
5357.0,31.4
5357.5,31.4
5358.0,31.4
5358.5,31.4
5359.0,31.4
5359.5,31.3
5360.0,31.4
5360.5,31.4
5361.0,31.3
5361.5,31.4
5362.0,31.4
5362.5,31.4
5363.0,31.4
5363.5,31.4
5364.0,31.4
5364.5,31.4
5365.0,31.4
5365.5,31.4
5366.0,31.4
5366.5,31.4
5367.0,31.4
5367.5,31.4
5368.0,31.4
5368.5,31.4
5369.0,31.4
5369.5,31.4
5370.0,31.4
5370.5,31.4
5371.0,31.4
5371.5,31.4
5372.0,31.4
5372.5,31.4
5373.0,31.4
5373.5,31.4
5374.0,31.4
5374.5,31.4
5375.0,31.4
5375.5,31.4
5376.0,31.4
5376.5,31.4
5377.0,31.4
5377.5,31.4
5378.0,31.4
5378.5,31.4
5379.0,31.4
5379.5,31.4
5380.0,31.4
5380.5,31.4
5381.0,31.4
5381.5,31.4
5382.0,31.4
5382.5,31.4
5383.0,31.4
5383.5,31.4
5384.0,31.4
5384.5,31.4
5385.0,31.4
5385.5,31.4
5386.0,31.4
5386.5,31.4
5387.0,31.4
5387.5,31.4
5388.0,31.4
5388.5,31.4
5389.0,31.4
5389.5,31.4
5390.0,31.4
5390.5,31.4
5391.0,31.4
5391.5,31.4
5392.0,31.4
5392.5,31.4
5393.0,31.4
5393.5,31.4
5394.0,31.4
5394.5,31.4
5395.0,31.4
5395.5,31.4
5396.0,31.4
5396.5,31.4
5397.0,31.3
5397.5,31.4
5398.0,31.4
5398.5,31.4
5399.0,31.4
5399.5,31.4
5400.0,31.3
5400.5,31.4
5401.0,31.4
5401.5,31.4
5402.0,31.4
5402.5,31.4
5403.0,31.4
5403.5,31.4
5404.0,31.4
5404.5,31.4
5405.0,31.4
5405.5,31.4
5406.0,31.4
5406.5,31.3
5407.0,31.4
5407.5,31.4
5408.0,31.4
5408.5,31.4
5409.0,31.4
5409.5,31.4
5410.0,31.4
5410.5,31.4
5411.0,31.4
5411.5,31.4
5412.0,31.4
5412.5,31.4
5413.0,31.4
5413.5,31.4
5414.0,31.4
5414.5,31.4
5415.0,31.4
5415.5,31.4
5416.0,31.3
5416.5,31.3
5417.0,31.4
5417.5,31.4
5418.0,31.4
5418.5,31.4
5419.0,31.4
5419.5,31.4
5420.0,31.4
5420.5,31.4
5421.0,31.4
5421.5,31.4
5422.0,31.4
5422.5,31.4
5423.0,31.4
5423.5,31.4
5424.0,31.4
5424.5,31.4
5425.0,31.4
5425.5,31.4
5426.0,31.4
5426.5,31.4
5427.0,31.4
5427.5,31.4
5428.0,31.4
5428.5,31.4
5429.0,31.4
5429.5,31.4
5430.0,31.4
5430.5,31.4
5431.0,31.4
5431.5,31.4
5432.0,31.4
5432.5,31.4
5433.0,31.4
5433.5,31.4
5434.0,31.4
5434.5,31.4
5435.0,31.4
5435.5,31.4
5436.0,31.4
5436.5,31.4
5437.0,31.4
5437.5,31.4
5438.0,31.4
5438.5,31.4
5439.0,31.4
5439.5,31.4
5440.0,31.4
5440.5,31.4
5441.0,31.4
5441.5,31.3
5442.0,31.4
5442.5,31.4
5443.0,31.4
5443.5,31.4
5444.0,31.3
5444.5,31.4
5445.0,31.4
5445.5,31.4
5446.0,31.3
5446.5,31.4
5447.0,31.4
5447.5,31.4
5448.0,31.4
5448.5,31.4
5449.0,31.4
5449.5,31.4
5450.0,31.4
5450.5,31.4
5451.0,31.4
5451.5,31.4
5452.0,31.4
5452.5,31.4
5453.0,31.4
5453.5,31.4
5454.0,31.4
5454.5,31.4
5455.0,31.4
5455.5,31.4
5456.0,31.4
5456.5,31.4
5457.0,31.4
5457.5,31.4
5458.0,31.4
5458.5,31.4
5459.0,31.4
5459.5,31.4
5460.0,31.4
5460.5,31.3
5461.0,31.4
5461.5,31.4
5462.0,31.4
5462.5,31.4
5463.0,31.4
5463.5,31.4
5464.0,31.4
5464.5,31.4
5465.0,31.4
5465.5,31.4
5466.0,31.4
5466.5,31.3
5467.0,31.4
5467.5,31.4
5468.0,31.4
5468.5,31.4
5469.0,31.4
5469.5,31.4
5470.0,31.4
5470.5,31.4
5471.0,31.4
5471.5,31.4
5472.0,31.4
5472.5,31.4
5473.0,31.4
5473.5,31.4
5474.0,31.4
5474.5,31.4
5475.0,31.4
5475.5,31.4
5476.0,31.4
5476.5,31.4
5477.0,31.3
5477.5,31.4
5478.0,31.4
5478.5,31.4
5479.0,31.4
5479.5,31.4
5480.0,31.4
5480.5,31.4
5481.0,31.4
5481.5,31.4
5482.0,31.4
5482.5,31.4
5483.0,31.4
5483.5,31.4
5484.0,31.4
5484.5,31.4
5485.0,31.4
5485.5,31.4
5486.0,31.4
5486.5,31.4
5487.0,31.4
5487.5,31.4
5488.0,31.3
5488.5,31.4
5489.0,31.4
5489.5,31.3
5490.0,31.4
5490.5,31.4
5491.0,31.4
5491.5,31.4
5492.0,31.4
5492.5,31.4
5493.0,31.3
5493.5,31.4
5494.0,31.4
5494.5,31.4
5495.0,31.4
5495.5,31.4
5496.0,31.4
5496.5,31.4
5497.0,31.4
5497.5,31.4
5498.0,31.4
5498.5,31.4
5499.0,31.4
5499.5,31.4
5500.0,31.4
5500.5,31.4
5501.0,31.4
5501.5,31.4
5502.0,31.4
5502.5,31.4
5503.0,31.4
5503.5,31.4
5504.0,31.4
5504.5,31.4
5505.0,31.3
5505.5,31.4
5506.0,31.3
5506.5,31.4
5507.0,31.3
5507.5,31.4
5508.0,31.4
5508.5,31.4
5509.0,31.4
5509.5,31.4
5510.0,31.4
5510.5,31.4
5511.0,31.4
5511.5,31.4
5512.0,31.4
5512.5,31.4
5513.0,31.4
5513.5,31.4
5514.0,31.4
5514.5,31.3
5515.0,31.4
5515.5,31.4
5516.0,31.3
5516.5,31.4
5517.0,31.4
5517.5,31.4
5518.0,31.4
5518.5,31.4
5519.0,31.3
5519.5,31.4
5520.0,31.4
5520.5,31.4
5521.0,31.3
5521.5,31.4
5522.0,31.4
5522.5,31.4
5523.0,31.3
5523.5,31.3
5524.0,31.4
5524.5,31.3
5525.0,31.4
5525.5,31.4
5526.0,31.4
5526.5,31.4
5527.0,31.3
5527.5,31.4
5528.0,31.4
5528.5,31.3
5529.0,31.4
5529.5,31.3
5530.0,31.4
5530.5,31.4
5531.0,31.4
5531.5,31.4
5532.0,31.3
5532.5,31.4
5533.0,31.4
5533.5,31.4
5534.0,31.3
5534.5,31.4
5535.0,31.4
5535.5,31.4
5536.0,31.3
5536.5,31.3
5537.0,31.4
5537.5,31.4
5538.0,31.4
5538.5,31.3
5539.0,31.4
5539.5,31.4
5540.0,31.4
5540.5,31.3
5541.0,31.3
5541.5,31.4
5542.0,31.4
5542.5,31.4
5543.0,31.4
5543.5,31.4
5544.0,31.4
5544.5,31.4
5545.0,31.3
5545.5,31.3
5546.0,31.4
5546.5,31.4
5547.0,31.4
5547.5,31.4
5548.0,31.4
5548.5,31.4
5549.0,31.4
5549.5,31.4
5550.0,31.4
5550.5,31.4
5551.0,31.4
5551.5,31.4
5552.0,31.4
5552.5,31.4
5553.0,31.3
5553.5,31.4
5554.0,31.3
5554.5,31.4
5555.0,31.4
5555.5,31.4
5556.0,31.4
5556.5,31.4
5557.0,31.4
5557.5,31.4
5558.0,31.4
5558.5,31.4
5559.0,31.4
5559.5,31.4
5560.0,31.3
5560.5,31.3
5561.0,31.4
5561.5,31.4
5562.0,31.4
5562.5,31.4
5563.0,31.4
5563.5,31.4
5564.0,31.3
5564.5,31.4
5565.0,31.4
5565.5,31.4
5566.0,31.4
5566.5,31.4
5567.0,31.4
5567.5,31.4
5568.0,31.4
5568.5,31.4
5569.0,31.4
5569.5,31.4
5570.0,31.4
5570.5,31.4
5571.0,31.4
5571.5,31.4
5572.0,31.4
5572.5,31.4
5573.0,31.4
5573.5,31.4
5574.0,31.4
5574.5,31.4
5575.0,31.4
5575.5,31.4
5576.0,31.4
5576.5,31.4
5577.0,31.4
5577.5,31.4
5578.0,31.4
5578.5,31.4
5579.0,31.4
5579.5,31.4
5580.0,31.4
5580.5,31.4
5581.0,31.4
5581.5,31.4
5582.0,31.4
5582.5,31.4
5583.0,31.4
5583.5,31.4
5584.0,31.4
5584.5,31.4
5585.0,31.4
5585.5,31.4
5586.0,31.4
5586.5,31.4
5587.0,31.4
5587.5,31.4
5588.0,31.4
5588.5,31.4
5589.0,31.4
5589.5,31.4
5590.0,31.4
5590.5,31.4
5591.0,31.4
5591.5,31.4
5592.0,31.4
5592.5,31.4
5593.0,31.4
5593.5,31.4
5594.0,31.4
5594.5,31.4
5595.0,31.4
5595.5,31.4
5596.0,31.4
5596.5,31.4
5597.0,31.4
5597.5,31.4
5598.0,31.4
5598.5,31.4
5599.0,31.4
5599.5,31.4
5600.0,31.4
5600.5,31.4
5601.0,31.4
5601.5,31.4
5602.0,31.4
5602.5,31.4
5603.0,31.4
5603.5,31.4
5604.0,31.4
5604.5,31.4
5605.0,31.4
5605.5,31.4
5606.0,31.4
5606.5,31.4
5607.0,31.4
5607.5,31.4
5608.0,31.4
5608.5,31.4
5609.0,31.4
5609.5,31.4
5610.0,31.4
5610.5,31.4
5611.0,31.4
5611.5,31.4
5612.0,31.4
5612.5,31.4
5613.0,31.4
5613.5,31.4
5614.0,31.4
5614.5,31.4
5615.0,31.4
5615.5,31.4
5616.0,31.4
5616.5,31.4
5617.0,31.4
5617.5,31.4
5618.0,31.4
5618.5,31.4
5619.0,31.4
5619.5,31.4
5620.0,31.4
5620.5,31.4
5621.0,31.4
5621.5,31.4
5622.0,31.4
5622.5,31.4
5623.0,31.4
5623.5,31.4
5624.0,31.4
5624.5,31.4
5625.0,31.4
5625.5,31.4
5626.0,31.4
5626.5,31.4
5627.0,31.4
5627.5,31.4
5628.0,31.4
5628.5,31.4
5629.0,31.4
5629.5,31.4
5630.0,31.4
5630.5,31.4
5631.0,31.4
5631.5,31.4
5632.0,31.4
5632.5,31.4
5633.0,31.4
5633.5,31.4
5634.0,31.4
5634.5,31.4
5635.0,31.4
5635.5,31.4
5636.0,31.4
5636.5,31.4
5637.0,31.4
5637.5,31.4
5638.0,31.4
5638.5,31.4
5639.0,31.4
5639.5,31.4
5640.0,31.4
5640.5,31.4
5641.0,31.4
5641.5,31.4
5642.0,31.4
5642.5,31.4
5643.0,31.4
5643.5,31.4
5644.0,31.4
5644.5,31.4
5645.0,31.4
5645.5,31.5
5646.0,31.4
5646.5,31.4
5647.0,31.4
5647.5,31.4
5648.0,31.4
5648.5,31.4
5649.0,31.4
5649.5,31.4
5650.0,31.4
5650.5,31.4
5651.0,31.4
5651.5,31.4
5652.0,31.4
5652.5,31.4
5653.0,31.4
5653.5,31.4
5654.0,31.4
5654.5,31.4
5655.0,31.4
5655.5,31.4
5656.0,31.4
5656.5,31.4
5657.0,31.4
5657.5,31.4
5658.0,31.4
5658.5,31.4
5659.0,31.4
5659.5,31.4
5660.0,31.4
5660.5,31.4
5661.0,31.4
5661.5,31.4
5662.0,31.4
5662.5,31.4
5663.0,31.4
5663.5,31.4
5664.0,31.4
5664.5,31.4
5665.0,31.4
5665.5,31.4
5666.0,31.4
5666.5,31.4
5667.0,31.4
5667.5,31.4
5668.0,31.4
5668.5,31.4
5669.0,31.4
5669.5,31.4
5670.0,31.4
5670.5,31.4
5671.0,31.4
5671.5,31.4
5672.0,31.4
5672.5,31.4
5673.0,31.4
5673.5,31.4
5674.0,31.4
5674.5,31.4
5675.0,31.4
5675.5,31.4
5676.0,31.4
5676.5,31.4
5677.0,31.4
5677.5,31.4
5678.0,31.4
5678.5,31.4
5679.0,31.4
5679.5,31.4
5680.0,31.4
5680.5,31.4
5681.0,31.4
5681.5,31.4
5682.0,31.4
5682.5,31.4
5683.0,31.4
5683.5,31.4
5684.0,31.4
5684.5,31.4
5685.0,31.4
5685.5,31.4
5686.0,31.4
5686.5,31.4
5687.0,31.4
5687.5,31.4
5688.0,31.4
5688.5,31.4
5689.0,31.4
5689.5,31.4
5690.0,31.4
5690.5,31.4
5691.0,31.4
5691.5,31.4
5692.0,31.4
5692.5,31.4
5693.0,31.4
5693.5,31.4
5694.0,31.4
5694.5,31.4
5695.0,31.4
5695.5,31.4
5696.0,31.4
5696.5,31.4
5697.0,31.4
5697.5,31.4
5698.0,31.4
5698.5,31.4
5699.0,31.4
5699.5,31.4
5700.0,31.4
5700.5,31.4
5701.0,31.4
5701.5,31.4
5702.0,31.4
5702.5,31.4
5703.0,31.4
5703.5,31.4
5704.0,31.4
5704.5,31.4
5705.0,31.4
5705.5,31.4
5706.0,31.4
5706.5,31.4
5707.0,31.4
5707.5,31.4
5708.0,31.4
5708.5,31.4
5709.0,31.4
5709.5,31.4
5710.0,31.4
5710.5,31.4
5711.0,31.4
5711.5,31.4
5712.0,31.4
5712.5,31.4
5713.0,31.4
5713.5,31.4
5714.0,31.4
5714.5,31.4
5715.0,31.4
5715.5,31.4
5716.0,31.4
5716.5,31.4
5717.0,31.4
5717.5,31.4
5718.0,31.4
5718.5,31.4
5719.0,31.4
5719.5,31.4
5720.0,31.4
5720.5,31.4
5721.0,31.4
5721.5,31.4
5722.0,31.4
5722.5,31.4
5723.0,31.4
5723.5,31.4
5724.0,31.4
5724.5,31.4
5725.0,31.4
5725.5,31.4
5726.0,31.4
5726.5,31.4
5727.0,31.4
5727.5,31.4
5728.0,31.4
5728.5,31.4
5729.0,31.4
5729.5,31.4
5730.0,31.4
5730.5,31.4
5731.0,31.4
5731.5,31.4
5732.0,31.4
5732.5,31.4
5733.0,31.3
5733.5,31.4
5734.0,31.3
5734.5,31.4
5735.0,31.4
5735.5,31.4
5736.0,31.4
5736.5,31.4
5737.0,31.4
5737.5,31.4
5738.0,31.4
5738.5,31.4
5739.0,31.4
5739.5,31.4
5740.0,31.4
5740.5,31.4
5741.0,31.4
5741.5,31.4
5742.0,31.4
5742.5,31.4
5743.0,31.4
5743.5,31.4
5744.0,31.4
5744.5,31.4
5745.0,31.4
5745.5,31.4
5746.0,31.4
5746.5,31.4
5747.0,31.4
5747.5,31.4
5748.0,31.4
5748.5,31.4
5749.0,31.4
5749.5,31.4
5750.0,31.4
5750.5,31.4
5751.0,31.4
5751.5,31.4
5752.0,31.4
5752.5,31.4
5753.0,31.4
5753.5,31.4
5754.0,31.4
5754.5,31.4
5755.0,31.4
5755.5,31.4
5756.0,31.4
5756.5,31.4
5757.0,31.4
5757.5,31.4
5758.0,31.4
5758.5,31.4
5759.0,31.4
5759.5,31.4
5760.0,31.4
5760.5,31.4
5761.0,31.4
5761.5,31.4
5762.0,31.4
5762.5,31.4
5763.0,31.4
5763.5,31.4
5764.0,31.4
5764.5,31.4
5765.0,31.4
5765.5,31.4
5766.0,31.4
5766.5,31.4
5767.0,31.4
5767.5,31.4
5768.0,31.4
5768.5,31.4
5769.0,31.3
5769.5,31.4
5770.0,31.4
5770.5,31.4
5771.0,31.4
5771.5,31.4
5772.0,31.4
5772.5,31.4
5773.0,31.4
5773.5,31.4
5774.0,31.4
5774.5,31.4
5775.0,31.4
5775.5,31.4
5776.0,31.4
5776.5,31.4
5777.0,31.4
5777.5,31.4
5778.0,31.4
5778.5,31.4
5779.0,31.4
5779.5,31.4
5780.0,31.4
5780.5,31.4
5781.0,31.4
5781.5,31.4
5782.0,31.4
5782.5,31.4
5783.0,31.4
5783.5,31.4
5784.0,31.4
5784.5,31.4
5785.0,31.4
5785.5,31.4
5786.0,31.4
5786.5,31.4
5787.0,31.4
5787.5,31.4
5788.0,31.3
5788.5,31.4
5789.0,31.4
5789.5,31.4
5790.0,31.4
5790.5,31.4
5791.0,31.4
5791.5,31.4
5792.0,31.4
5792.5,31.4
5793.0,31.4
5793.5,31.4
5794.0,31.4
5794.5,31.4
5795.0,31.4
5795.5,31.4
5796.0,31.4
5796.5,31.4
5797.0,31.4
5797.5,31.4
5798.0,31.4
5798.5,31.4
5799.0,31.3
5799.5,31.4
5800.0,31.4
5800.5,31.4
5801.0,31.3
5801.5,31.4
5802.0,31.3
5802.5,31.4
5803.0,31.4
5803.5,31.4
5804.0,31.4
5804.5,31.4
5805.0,31.4
5805.5,31.3
5806.0,31.4
5806.5,31.4
5807.0,31.4
5807.5,31.4
5808.0,31.4
5808.5,31.3
5809.0,31.3
5809.5,31.3
5810.0,31.3
5810.5,31.3
5811.0,31.4
5811.5,31.3
5812.0,31.4
5812.5,31.4
5813.0,31.3
5813.5,31.3
5814.0,31.4
5814.5,31.4
5815.0,31.4
5815.5,31.3
5816.0,31.3
5816.5,31.3
5817.0,31.3
5817.5,31.3
5818.0,31.4
5818.5,31.3
5819.0,31.4
5819.5,31.3
5820.0,31.3
5820.5,31.3
5821.0,31.3
5821.5,31.4
5822.0,31.4
5822.5,31.4
5823.0,31.4
5823.5,31.3
5824.0,31.3
5824.5,31.3
5825.0,31.3
5825.5,31.3
5826.0,31.3
5826.5,31.3
5827.0,31.3
5827.5,31.3
5828.0,31.3
5828.5,31.3
5829.0,31.3
5829.5,31.4
5830.0,31.3
5830.5,31.3
5831.0,31.3
5831.5,31.3
5832.0,31.3
5832.5,31.3
5833.0,31.3
5833.5,31.3
5834.0,31.3
5834.5,31.4
5835.0,31.3
5835.5,31.3
5836.0,31.3
5836.5,31.3
5837.0,31.3
5837.5,31.4
5838.0,31.3
5838.5,31.3
5839.0,31.3
5839.5,31.3
5840.0,31.3
5840.5,31.3
5841.0,31.3
5841.5,31.3
5842.0,31.3
5842.5,31.3
5843.0,31.3
5843.5,31.3
5844.0,31.3
5844.5,31.3
5845.0,31.3
5845.5,31.3
5846.0,31.3
5846.5,31.3
5847.0,31.3
5847.5,31.3
5848.0,31.3
5848.5,31.3
5849.0,31.3
5849.5,31.3
5850.0,31.3
5850.5,31.3
5851.0,31.3
5851.5,31.3
5852.0,31.3
5852.5,31.3
5853.0,31.3
5853.5,31.3
5854.0,31.3
5854.5,31.3
5855.0,31.3
5855.5,31.3
5856.0,31.3
5856.5,31.3
5857.0,31.3
5857.5,31.3
5858.0,31.3
5858.5,31.2
5859.0,31.3
5859.5,31.3
5860.0,31.3
5860.5,31.3
5861.0,31.3
5861.5,31.3
5862.0,31.3
5862.5,31.3
5863.0,31.3
5863.5,31.3
5864.0,31.3
5864.5,31.3
5865.0,31.3
5865.5,31.3
5866.0,31.3
5866.5,31.3
5867.0,31.3
5867.5,31.3
5868.0,31.3
5868.5,31.3
5869.0,31.3
5869.5,31.3
5870.0,31.3
5870.5,31.3
5871.0,31.3
5871.5,31.2
5872.0,31.3
5872.5,31.3
5873.0,31.3
5873.5,31.3
5874.0,31.3
5874.5,31.3
5875.0,31.3
5875.5,31.2
5876.0,31.3
5876.5,31.2
5877.0,31.3
5877.5,31.3
5878.0,31.3
5878.5,31.3
5879.0,31.2
5879.5,31.2
5880.0,31.3
5880.5,31.2
5881.0,31.3
5881.5,31.2
5882.0,31.2
5882.5,31.3
5883.0,31.3
5883.5,31.2
5884.0,31.2
5884.5,31.2
5885.0,31.3
5885.5,31.2
5886.0,31.2
5886.5,31.2
5887.0,31.2
5887.5,31.2
5888.0,31.3
5888.5,31.3
5889.0,31.3
5889.5,31.2
5890.0,31.2
5890.5,31.3
5891.0,31.2
5891.5,31.2
5892.0,31.2
5892.5,31.2
5893.0,31.2
5893.5,31.3
5894.0,31.2
5894.5,31.2
5895.0,31.3
5895.5,31.2
5896.0,31.2
5896.5,31.3
5897.0,31.2
5897.5,31.3
5898.0,31.2
5898.5,31.2
5899.0,31.2
5899.5,31.2
5900.0,31.2
5900.5,31.2
5901.0,31.2
5901.5,31.2
5902.0,31.2
5902.5,31.2
5903.0,31.2
5903.5,31.2
5904.0,31.2
5904.5,31.2
5905.0,31.2
5905.5,31.2
5906.0,31.2
5906.5,31.2
5907.0,31.2
5907.5,31.2
5908.0,31.2
5908.5,31.2
5909.0,31.2
5909.5,31.2
5910.0,31.2
5910.5,31.2
5911.0,31.2
5911.5,31.2
5912.0,31.2
5912.5,31.2
5913.0,31.2
5913.5,31.2
5914.0,31.2
5914.5,31.2
5915.0,31.2
5915.5,31.2
5916.0,31.2
5916.5,31.2
5917.0,31.2
5917.5,31.2
5918.0,31.2
5918.5,31.2
5919.0,31.2
5919.5,31.2
5920.0,31.2
5920.5,31.2
5921.0,31.2
5921.5,31.2
5922.0,31.2
5922.5,31.2
5923.0,31.2
5923.5,31.2
5924.0,31.2
5924.5,31.2
5925.0,31.2
5925.5,31.2
5926.0,31.2
5926.5,31.2
5927.0,31.2
5927.5,31.2
5928.0,31.2
5928.5,31.2
5929.0,31.2
5929.5,31.2
5930.0,31.2
5930.5,31.2
5931.0,31.2
5931.5,31.2
5932.0,31.2
5932.5,31.2
5933.0,31.2
5933.5,31.2
5934.0,31.2
5934.5,31.2
5935.0,31.1
5935.5,31.2
5936.0,31.2
5936.5,31.2
5937.0,31.2
5937.5,31.2
5938.0,31.2
5938.5,31.2
5939.0,31.2
5939.5,31.2
5940.0,31.2
5940.5,31.2
5941.0,31.2
5941.5,31.2
5942.0,31.2
5942.5,31.2
5943.0,31.2
5943.5,31.2
5944.0,31.2
5944.5,31.1
5945.0,31.2
5945.5,31.2
5946.0,31.1
5946.5,31.2
5947.0,31.2
5947.5,31.2
5948.0,31.2
5948.5,31.2
5949.0,31.2
5949.5,31.2
5950.0,31.2
5950.5,31.1
5951.0,31.1
5951.5,31.1
5952.0,31.2
5952.5,31.2
5953.0,31.1
5953.5,31.2
5954.0,31.1
5954.5,31.2
5955.0,31.1
5955.5,31.2
5956.0,31.1
5956.5,31.1
5957.0,31.1
5957.5,31.1
5958.0,31.1
5958.5,31.1
5959.0,31.2
5959.5,31.1
5960.0,31.2
5960.5,31.2
5961.0,31.1
5961.5,31.1
5962.0,31.1
5962.5,31.2
5963.0,31.2
5963.5,31.2
5964.0,31.2
5964.5,31.2
5965.0,31.1
5965.5,31.2
5966.0,31.2
5966.5,31.1
5967.0,31.1
5967.5,31.1
5968.0,31.1
5968.5,31.2
5969.0,31.2
5969.5,31.1
5970.0,31.2
5970.5,31.1
5971.0,31.1
5971.5,31.2
5972.0,31.1
5972.5,31.1
5973.0,31.2
5973.5,31.1
5974.0,31.1
5974.5,31.2
5975.0,31.1
5975.5,31.1
5976.0,31.1
5976.5,31.1
5977.0,31.2
5977.5,31.1
5978.0,31.1
5978.5,31.1
5979.0,31.1
5979.5,31.1
5980.0,31.1
5980.5,31.1
5981.0,31.1
5981.5,31.1
5982.0,31.2
5982.5,31.2
5983.0,31.1
5983.5,31.2
5984.0,31.1
5984.5,31.1
5985.0,31.1
5985.5,31.1
5986.0,31.2
5986.5,31.1
5987.0,31.1
5987.5,31.2
5988.0,31.1
5988.5,31.2
5989.0,31.1
5989.5,31.1
5990.0,31.1
5990.5,31.1
5991.0,31.1
5991.5,31.1
5992.0,31.1
5992.5,31.1
5993.0,31.1
5993.5,31.1
5994.0,31.2
5994.5,31.1
5995.0,31.2
5995.5,31.1
5996.0,31.1
5996.5,31.1
5997.0,31.1
5997.5,31.1
5998.0,31.1
5998.5,31.1
5999.0,31.1
5999.5,31.1
6000.0,31.1
6000.5,31.1
6001.0,31.1
6001.5,31.1
6002.0,31.1
6002.5,31.1
6003.0,31.1
6003.5,31.1
6004.0,31.1
6004.5,31.1
6005.0,31.1
6005.5,31.1
6006.0,31.1
6006.5,31.1
6007.0,31.1
6007.5,31.1
6008.0,31.1
6008.5,31.1
6009.0,31.1
6009.5,31.1
6010.0,31.1
6010.5,31.1
6011.0,31.1
6011.5,31.1
6012.0,31.1
6012.5,31.1
6013.0,31.1
6013.5,31.1
6014.0,31.1
6014.5,31.1
6015.0,31.1
6015.5,31.1
6016.0,31.1
6016.5,31.1
6017.0,31.1
6017.5,31.1
6018.0,31.1
6018.5,31.1
6019.0,31.1
6019.5,31.1
6020.0,31.1
6020.5,31.1
6021.0,31.1
6021.5,31.1
6022.0,31.1
6022.5,31.1
6023.0,31.1
6023.5,31.1
6024.0,31.1
6024.5,31.1
6025.0,31.1
6025.5,31.1
6026.0,31.1
6026.5,31.1
6027.0,31.1
6027.5,31.1
6028.0,31.1
6028.5,31.1
6029.0,31.1
6029.5,31.1
6030.0,31.1
6030.5,31.1
6031.0,31.1
6031.5,31.1
6032.0,31.1
6032.5,31.1
6033.0,31.1
6033.5,31.1
6034.0,31.1
6034.5,31.1
6035.0,31.1
6035.5,31.1
6036.0,31.1
6036.5,31.1
6037.0,31.1
6037.5,31
6038.0,31.1
6038.5,31.1
6039.0,31.1
6039.5,31.1
6040.0,31.1
6040.5,31.1
6041.0,31.1
6041.5,31.1
6042.0,31.1
6042.5,31.1
6043.0,31.1
6043.5,31.1
6044.0,31.1
6044.5,31.1
6045.0,31.1
6045.5,31.1
6046.0,31.1
6046.5,31.1
6047.0,31.1
6047.5,31.1
6048.0,31.1
6048.5,31.1
6049.0,31.1
6049.5,31.1
6050.0,31.1
6050.5,31.1
6051.0,31.1
6051.5,31.1
6052.0,31.1
6052.5,31.1
6053.0,31.1
6053.5,31.1
6054.0,31.1
6054.5,31.1
6055.0,31.1
6055.5,31.1
6056.0,31
6056.5,31.1
6057.0,31.1
6057.5,31.1
6058.0,31.1
6058.5,31.1
6059.0,31.1
6059.5,31.1
6060.0,31.1
6060.5,31.1
6061.0,31.1
6061.5,31.1
6062.0,31.1
6062.5,31.1
6063.0,31.1
6063.5,31.1
6064.0,31
6064.5,31.1
6065.0,31
6065.5,31.1
6066.0,31.1
6066.5,31.1
6067.0,31.1
6067.5,31.1
6068.0,31.1
6068.5,31.1
6069.0,31.1
6069.5,31
6070.0,31.1
6070.5,31.1
6071.0,31
6071.5,31
6072.0,31.1
6072.5,31
6073.0,31
6073.5,31.1
6074.0,31
6074.5,31
6075.0,31
6075.5,31.1
6076.0,31.1
6076.5,31.1
6077.0,31.1
6077.5,31.1
6078.0,31.1
6078.5,31
6079.0,31.1
6079.5,31.1
6080.0,31
6080.5,31
6081.0,31.1
6081.5,31.1
6082.0,31.1
6082.5,31
6083.0,31.1
6083.5,31
6084.0,31
6084.5,31
6085.0,31
6085.5,31.1
6086.0,31.1
6086.5,31
6087.0,31
6087.5,31.1
6088.0,31
6088.5,31.1
6089.0,31
6089.5,31.1
6090.0,31.1
6090.5,31.1
6091.0,31
6091.5,31
6092.0,31.1
6092.5,31.1
6093.0,31
6093.5,31
6094.0,31
6094.5,31.1
6095.0,31
6095.5,31
6096.0,31.1
6096.5,31.1
6097.0,31
6097.5,31
6098.0,31
6098.5,31
6099.0,31.1
6099.5,31
6100.0,31
6100.5,31.1
6101.0,31
6101.5,31.1
6102.0,31
6102.5,31
6103.0,31
6103.5,30.9
6104.0,31
6104.5,31
6105.0,31
6105.5,31
6106.0,31
6106.5,31.1
6107.0,31
6107.5,31
6108.0,31
6108.5,31
6109.0,31
6109.5,31
6110.0,31
6110.5,31
6111.0,31
6111.5,31
6112.0,31
6112.5,31
6113.0,31
6113.5,31
6114.0,31
6114.5,31
6115.0,31
6115.5,31
6116.0,31
6116.5,31
6117.0,31
6117.5,31
6118.0,31
6118.5,31
6119.0,31
6119.5,31
6120.0,31
6120.5,31
6121.0,31
6121.5,31
6122.0,31
6122.5,31
6123.0,31
6123.5,31
6124.0,31
6124.5,31
6125.0,31
6125.5,31
6126.0,31.1
6126.5,30.9
6127.0,31
6127.5,31
6128.0,31
6128.5,31
6129.0,31
6129.5,31
6130.0,31
6130.5,31
6131.0,31
6131.5,31.1
6132.0,31
6132.5,31
6133.0,31
6133.5,31
6134.0,31
6134.5,31
6135.0,31
6135.5,31
6136.0,31
6136.5,31
6137.0,31
6137.5,31
6138.0,31.1
6138.5,31
6139.0,31
6139.5,31
6140.0,31
6140.5,31
6141.0,31
6141.5,31
6142.0,31
6142.5,31
6143.0,31
6143.5,30.9
6144.0,31
6144.5,31
6145.0,31
6145.5,31
6146.0,31
6146.5,31
6147.0,31
6147.5,30.9
6148.0,31
6148.5,31
6149.0,31
6149.5,31
6150.0,31
6150.5,31
6151.0,31
6151.5,31
6152.0,31
6152.5,31
6153.0,31
6153.5,31
6154.0,31
6154.5,31
6155.0,31
6155.5,30.9
6156.0,31
6156.5,31
6157.0,31
6157.5,31
6158.0,31
6158.5,31
6159.0,31
6159.5,31
6160.0,31
6160.5,31
6161.0,31
6161.5,31
6162.0,31
6162.5,31
6163.0,30.9
6163.5,30.9
6164.0,31
6164.5,31
6165.0,31
6165.5,31
6166.0,30.9
6166.5,31
6167.0,31
6167.5,31
6168.0,31
6168.5,31
6169.0,31
6169.5,30.9
6170.0,31
6170.5,30.9
6171.0,31
6171.5,31
6172.0,31
6172.5,30.9
6173.0,31
6173.5,31
6174.0,30.9
6174.5,31
6175.0,30.9
6175.5,30.9
6176.0,31
6176.5,31
6177.0,30.9
6177.5,31
6178.0,31
6178.5,30.9
6179.0,30.9
6179.5,31
6180.0,31
6180.5,31
6181.0,31
6181.5,31
6182.0,30.9
6182.5,31
6183.0,30.9
6183.5,30.9
6184.0,31
6184.5,31
6185.0,30.9
6185.5,31
6186.0,31
6186.5,31
6187.0,31
6187.5,30.9
6188.0,31
6188.5,31
6189.0,30.9
6189.5,30.9
6190.0,30.9
6190.5,31
6191.0,30.9
6191.5,31
6192.0,30.9
6192.5,31
6193.0,30.9
6193.5,31
6194.0,31
6194.5,31
6195.0,30.9
6195.5,31
6196.0,30.9
6196.5,30.9
6197.0,31
6197.5,30.9
6198.0,30.9
6198.5,31
6199.0,30.9
6199.5,30.9
6200.0,31
6200.5,30.9
6201.0,30.9
6201.5,30.9
6202.0,31
6202.5,30.9
6203.0,31
6203.5,30.9
6204.0,31
6204.5,30.9
6205.0,30.9
6205.5,30.9
6206.0,30.9
6206.5,31
6207.0,30.9
6207.5,30.9
6208.0,30.9
6208.5,31
6209.0,30.9
6209.5,30.9
6210.0,30.9
6210.5,30.9
6211.0,30.9
6211.5,30.9
6212.0,31
6212.5,30.9
6213.0,31
6213.5,30.9
6214.0,30.9
6214.5,30.9
6215.0,30.9
6215.5,30.9
6216.0,30.9
6216.5,31
6217.0,31
6217.5,30.9
6218.0,31
6218.5,31
6219.0,31
6219.5,30.9
6220.0,30.9
6220.5,30.9
6221.0,30.9
6221.5,31
6222.0,30.9
6222.5,30.9
6223.0,30.9
6223.5,30.9
6224.0,30.9
6224.5,31
6225.0,30.9
6225.5,31
6226.0,30.9
6226.5,30.9
6227.0,30.9
6227.5,31
6228.0,31
6228.5,30.9
6229.0,30.9
6229.5,31
6230.0,30.9
6230.5,30.9
6231.0,30.9
6231.5,30.9
6232.0,30.9
6232.5,30.9
6233.0,30.9
6233.5,31
6234.0,30.9
6234.5,30.9
6235.0,30.9
6235.5,31
6236.0,30.9
6236.5,30.9
6237.0,30.9
6237.5,30.9
6238.0,30.9
6238.5,30.9
6239.0,30.9
6239.5,30.9
6240.0,30.9
6240.5,30.9
6241.0,30.9
6241.5,30.9
6242.0,30.9
6242.5,30.9
6243.0,30.9
6243.5,30.9
6244.0,30.9
6244.5,30.9
6245.0,30.9
6245.5,30.9
6246.0,30.9
6246.5,30.9
6247.0,30.9
6247.5,30.9
6248.0,30.9
6248.5,30.9
6249.0,30.9
6249.5,31
6250.0,30.9
6250.5,30.9
6251.0,30.9
6251.5,30.9
6252.0,30.9
6252.5,30.9
6253.0,30.9
6253.5,30.9
6254.0,30.9
6254.5,30.9
6255.0,30.9
6255.5,30.9
6256.0,30.9
6256.5,30.9
6257.0,30.9
6257.5,30.9
6258.0,30.9
6258.5,30.9
6259.0,30.9
6259.5,30.9
6260.0,30.9
6260.5,30.9
6261.0,30.9
6261.5,30.9
6262.0,30.9
6262.5,30.9
6263.0,30.9
6263.5,30.9
6264.0,30.9
6264.5,30.9
6265.0,30.9
6265.5,30.9
6266.0,30.9
6266.5,30.9
6267.0,30.9
6267.5,30.9
6268.0,30.9
6268.5,30.9
6269.0,30.9
6269.5,30.9
6270.0,30.9
6270.5,30.9
6271.0,30.9
6271.5,30.9
6272.0,30.9
6272.5,30.9
6273.0,30.9
6273.5,30.9
6274.0,30.9
6274.5,30.9
6275.0,30.9
6275.5,30.9
6276.0,30.9
6276.5,30.9
6277.0,30.9
6277.5,30.9
6278.0,30.9
6278.5,30.9
6279.0,30.9
6279.5,30.9
6280.0,30.9
6280.5,30.9
6281.0,30.9
6281.5,30.9
6282.0,30.9
6282.5,30.9
6283.0,30.9
6283.5,30.9
6284.0,30.9
6284.5,30.9
6285.0,30.9
6285.5,30.9
6286.0,30.9
6286.5,30.9
6287.0,30.9
6287.5,30.9
6288.0,30.9
6288.5,30.9
6289.0,30.9
6289.5,30.9
6290.0,30.9
6290.5,30.9
6291.0,30.9
6291.5,30.9
6292.0,30.9
6292.5,30.9
6293.0,31
6293.5,30.9
6294.0,30.9
6294.5,30.9
6295.0,30.9
6295.5,30.9
6296.0,30.9
6296.5,30.9
6297.0,30.9
6297.5,30.9
6298.0,30.9
6298.5,30.9
6299.0,30.9
6299.5,30.9
6300.0,30.9
6300.5,30.9
6301.0,30.9
6301.5,30.9
6302.0,30.9
6302.5,30.9
6303.0,30.9
6303.5,30.9
6304.0,30.9
6304.5,30.9
6305.0,30.9
6305.5,30.9
6306.0,30.9
6306.5,30.9
6307.0,30.9
6307.5,30.9
6308.0,30.9
6308.5,30.9
6309.0,30.9
6309.5,30.9
6310.0,30.9
6310.5,30.9
6311.0,30.9
6311.5,30.9
6312.0,30.9
6312.5,30.9
6313.0,30.9
6313.5,30.9
6314.0,30.9
6314.5,30.9
6315.0,30.9
6315.5,30.8
6316.0,30.9
6316.5,30.9
6317.0,30.8
6317.5,30.8
6318.0,30.9
6318.5,30.9
6319.0,30.9
6319.5,30.9
6320.0,30.9
6320.5,30.9
6321.0,30.9
6321.5,30.9
6322.0,30.9
6322.5,30.9
6323.0,30.9
6323.5,30.9
6324.0,30.9
6324.5,30.9
6325.0,30.9
6325.5,30.9
6326.0,30.9
6326.5,30.9
6327.0,30.9
6327.5,30.9
6328.0,30.9
6328.5,30.9
6329.0,30.9
6329.5,30.9
6330.0,30.8
6330.5,30.9
6331.0,30.9
6331.5,30.9
6332.0,30.9
6332.5,30.9
6333.0,30.9
6333.5,30.9
6334.0,30.9
6334.5,30.8
6335.0,30.9
6335.5,30.9
6336.0,30.9
6336.5,30.9
6337.0,30.9
6337.5,30.9
6338.0,30.9
6338.5,30.9
6339.0,30.8
6339.5,30.9
6340.0,30.9
6340.5,30.9
6341.0,30.9
6341.5,30.9
6342.0,30.9
6342.5,30.8
6343.0,30.9
6343.5,30.9
6344.0,30.9
6344.5,30.9
6345.0,30.8
6345.5,30.9
6346.0,30.9
6346.5,30.8
6347.0,30.9
6347.5,30.8
6348.0,30.8
6348.5,30.9
6349.0,30.9
6349.5,30.9
6350.0,30.9
6350.5,30.9
6351.0,30.9
6351.5,30.9
6352.0,30.9
6352.5,30.9
6353.0,30.9
6353.5,30.8
6354.0,30.9
6354.5,30.8
6355.0,30.9
6355.5,30.9
6356.0,30.9
6356.5,30.9
6357.0,30.9
6357.5,30.9
6358.0,30.9
6358.5,30.9
6359.0,30.9
6359.5,30.9
6360.0,30.9
6360.5,30.8
6361.0,30.9
6361.5,30.8
6362.0,30.9
6362.5,30.8
6363.0,30.8
6363.5,30.9
6364.0,30.9
6364.5,30.9
6365.0,30.9
6365.5,30.8
6366.0,30.9
6366.5,30.9
6367.0,30.9
6367.5,30.8
6368.0,30.9
6368.5,30.9
6369.0,30.8
6369.5,30.9
6370.0,30.8
6370.5,30.8
6371.0,30.9
6371.5,30.9
6372.0,30.9
6372.5,30.8
6373.0,30.9
6373.5,30.8
6374.0,30.9
6374.5,30.9
6375.0,30.8
6375.5,30.9
6376.0,30.9
6376.5,30.9
6377.0,30.9
6377.5,30.8
6378.0,30.8
6378.5,30.8
6379.0,30.8
6379.5,30.9
6380.0,30.9
6380.5,30.8
6381.0,30.8
6381.5,30.9
6382.0,30.9
6382.5,30.8
6383.0,30.9
6383.5,30.8
6384.0,30.8
6384.5,30.9
6385.0,30.8
6385.5,30.9
6386.0,30.9
6386.5,30.9
6387.0,30.9
6387.5,30.9
6388.0,30.8
6388.5,30.8
6389.0,30.9
6389.5,30.9
6390.0,30.8
6390.5,30.9
6391.0,30.8
6391.5,30.8
6392.0,30.9
6392.5,30.9
6393.0,30.9
6393.5,30.8
6394.0,30.9
6394.5,30.9
6395.0,30.8
6395.5,30.9
6396.0,30.9
6396.5,30.9
6397.0,30.8
6397.5,30.8
6398.0,30.9
6398.5,30.9
6399.0,30.9
6399.5,30.9
6400.0,30.9
6400.5,30.9
6401.0,30.8
6401.5,30.9
6402.0,30.9
6402.5,30.9
6403.0,30.9
6403.5,30.8
6404.0,30.9
6404.5,30.8
6405.0,30.9
6405.5,30.9
6406.0,30.9
6406.5,30.8
6407.0,30.9
6407.5,30.9
6408.0,30.9
6408.5,30.9
6409.0,30.9
6409.5,30.9
6410.0,30.8
6410.5,30.9
6411.0,30.9
6411.5,30.9
6412.0,30.9
6412.5,30.9
6413.0,30.9
6413.5,30.8
6414.0,30.9
6414.5,30.9
6415.0,30.9
6415.5,30.9
6416.0,30.9
6416.5,30.9
6417.0,30.9
6417.5,30.9
6418.0,30.9
6418.5,30.8
6419.0,30.9
6419.5,30.9
6420.0,30.9
6420.5,30.9
6421.0,30.9
6421.5,30.9
6422.0,30.9
6422.5,30.9
6423.0,30.9
6423.5,30.9
6424.0,30.9
6424.5,30.9
6425.0,30.9
6425.5,30.9
6426.0,30.9
6426.5,30.8
6427.0,30.9
6427.5,30.9
6428.0,30.9
6428.5,30.9
6429.0,30.9
6429.5,30.9
6430.0,30.9
6430.5,30.9
6431.0,30.9
6431.5,30.9
6432.0,30.9
6432.5,30.9
6433.0,30.9
6433.5,30.9
6434.0,30.9
6434.5,30.9
6435.0,30.9
6435.5,30.9
6436.0,30.9
6436.5,30.9
6437.0,30.9
6437.5,30.9
6438.0,30.8
6438.5,30.9
6439.0,30.9
6439.5,30.8
6440.0,30.9
6440.5,30.9
6441.0,30.9
6441.5,30.9
6442.0,30.9
6442.5,30.9
6443.0,30.9
6443.5,30.9
6444.0,30.9
6444.5,30.9
6445.0,30.9
6445.5,30.9
6446.0,30.9
6446.5,30.9
6447.0,30.9
6447.5,30.9
6448.0,30.9
6448.5,30.9
6449.0,30.9
6449.5,30.9
6450.0,30.9
6450.5,30.9
6451.0,30.9
6451.5,30.9
6452.0,30.9
6452.5,30.9
6453.0,30.9
6453.5,30.9
6454.0,30.9
6454.5,30.9
6455.0,30.9
6455.5,30.9
6456.0,30.9
6456.5,30.9
6457.0,30.9
6457.5,30.9
6458.0,30.9
6458.5,30.9
6459.0,30.9
6459.5,30.9
6460.0,30.9
6460.5,30.9
6461.0,30.9
6461.5,30.9
6462.0,30.9
6462.5,30.9
6463.0,30.9
6463.5,30.9
6464.0,30.9
6464.5,30.9
6465.0,30.9
6465.5,30.9
6466.0,30.9
6466.5,30.9
6467.0,30.9
6467.5,30.9
6468.0,30.9
6468.5,30.9
6469.0,30.9
6469.5,30.9
6470.0,30.9
6470.5,30.9
6471.0,30.9
6471.5,30.9
6472.0,30.9
6472.5,30.9
6473.0,30.9
6473.5,30.9
6474.0,30.9
6474.5,30.9
6475.0,30.9
6475.5,30.9
6476.0,30.9
6476.5,30.9
6477.0,30.9
6477.5,30.9
6478.0,30.9
6478.5,30.9
6479.0,30.9
6479.5,30.9
6480.0,30.9
6480.5,30.9
6481.0,30.9
6481.5,30.9
6482.0,30.9
6482.5,30.9
6483.0,30.9
6483.5,30.9
6484.0,30.9
6484.5,30.9
6485.0,30.9
6485.5,30.9
6486.0,30.9
6486.5,30.9
6487.0,30.9
6487.5,30.9
6488.0,30.9
6488.5,30.9
6489.0,30.9
6489.5,30.9
6490.0,30.9
6490.5,30.9
6491.0,30.9
6491.5,30.9
6492.0,30.9
6492.5,30.9
6493.0,30.9
6493.5,30.9
6494.0,30.9
6494.5,30.9
6495.0,30.9
6495.5,30.9
6496.0,30.9
6496.5,30.9
6497.0,30.9
6497.5,30.9
6498.0,30.9
6498.5,30.9
6499.0,30.9
6499.5,30.9
6500.0,30.9
6500.5,30.9
6501.0,30.9
6501.5,30.9
6502.0,30.9
6502.5,30.9
6503.0,30.9
6503.5,30.9
6504.0,30.9
6504.5,30.9
6505.0,30.9
6505.5,30.9
6506.0,30.9
6506.5,30.9
6507.0,30.9
6507.5,30.9
6508.0,30.9
6508.5,30.9
6509.0,30.9
6509.5,30.9
6510.0,30.9
6510.5,30.9
6511.0,30.9
6511.5,30.9
6512.0,30.9
6512.5,30.9
6513.0,30.9
6513.5,30.9
6514.0,30.9
6514.5,30.9
6515.0,30.9
6515.5,30.9
6516.0,30.9
6516.5,30.9
6517.0,31
6517.5,30.9
6518.0,30.9
6518.5,30.9
6519.0,30.9
6519.5,30.9
6520.0,30.9
6520.5,30.9
6521.0,30.9
6521.5,30.9
6522.0,30.9
6522.5,30.9
6523.0,30.9
6523.5,30.9
6524.0,30.9
6524.5,30.9
6525.0,31
6525.5,30.9
6526.0,30.9
6526.5,30.9
6527.0,30.9
6527.5,30.9
6528.0,30.9
6528.5,30.9
6529.0,31
6529.5,30.9
6530.0,30.9
6530.5,30.9
6531.0,30.9
6531.5,30.9
6532.0,30.9
6532.5,30.9
6533.0,30.9
6533.5,30.9
6534.0,30.9
6534.5,30.9
6535.0,30.9
6535.5,30.9
6536.0,30.9
6536.5,30.9
6537.0,30.9
6537.5,30.9
6538.0,30.9
6538.5,30.9
6539.0,30.9
6539.5,30.9
6540.0,30.9
6540.5,30.9
6541.0,30.9
6541.5,30.9
6542.0,30.9
6542.5,30.9
6543.0,31
6543.5,30.9
6544.0,30.9
6544.5,30.9
6545.0,30.9
6545.5,30.9
6546.0,30.9
6546.5,30.9
6547.0,31
6547.5,30.9
6548.0,30.9
6548.5,30.9
6549.0,30.9
6549.5,30.9
6550.0,30.9
6550.5,30.9
6551.0,30.9
6551.5,30.9
6552.0,30.9
6552.5,30.9
6553.0,30.9
6553.5,31
6554.0,30.9
6554.5,30.9
6555.0,30.9
6555.5,30.9
6556.0,30.9
6556.5,30.9
6557.0,30.9
6557.5,30.9
6558.0,30.9
6558.5,30.9
6559.0,30.9
6559.5,30.9
6560.0,30.9
6560.5,30.9
6561.0,31
6561.5,31
6562.0,30.9
6562.5,30.9
6563.0,30.9
6563.5,30.9
6564.0,30.9
6564.5,30.9
6565.0,30.9
6565.5,30.9
6566.0,31
6566.5,30.9
6567.0,30.9
6567.5,30.9
6568.0,30.9
6568.5,30.9
6569.0,30.9
6569.5,30.9
6570.0,30.9
6570.5,30.9
6571.0,30.9
6571.5,30.9
6572.0,30.9
6572.5,30.9
6573.0,30.9
6573.5,31
6574.0,30.9
6574.5,30.9
6575.0,30.9
6575.5,30.9
6576.0,30.9
6576.5,30.9
6577.0,30.9
6577.5,30.9
6578.0,30.9
6578.5,30.9
6579.0,30.9
6579.5,30.9
6580.0,30.9
6580.5,30.9
6581.0,30.9
6581.5,30.9
6582.0,30.9
6582.5,30.9
6583.0,30.9
6583.5,30.9
6584.0,30.9
6584.5,30.9
6585.0,30.9
6585.5,30.9
6586.0,31
6586.5,31
6587.0,30.9
6587.5,30.9
6588.0,30.9
6588.5,30.9
6589.0,30.9
6589.5,30.9
6590.0,31
6590.5,31
6591.0,30.9
6591.5,30.9
6592.0,30.9
6592.5,31
6593.0,30.9
6593.5,30.9
6594.0,30.9
6594.5,30.9
6595.0,30.9
6595.5,30.9
6596.0,30.9
6596.5,31
6597.0,30.9
6597.5,30.9
6598.0,31
6598.5,30.9
6599.0,30.9
6599.5,30.9
6600.0,30.9
6600.5,30.9
6601.0,30.9
6601.5,30.9
6602.0,30.9
6602.5,30.9
6603.0,30.9
6603.5,31
6604.0,30.9
6604.5,31
6605.0,31
6605.5,30.9
6606.0,30.9
6606.5,30.9
6607.0,30.9
6607.5,30.9
6608.0,30.9
6608.5,30.9
6609.0,30.9
6609.5,30.9
6610.0,30.9
6610.5,30.9
6611.0,31
6611.5,30.9
6612.0,30.9
6612.5,30.9
6613.0,30.9
6613.5,30.9
6614.0,30.9
6614.5,30.9
6615.0,30.9
6615.5,30.9
6616.0,30.9
6616.5,31
6617.0,30.9
6617.5,31
6618.0,31
6618.5,30.9
6619.0,31
6619.5,30.9
6620.0,31
6620.5,30.9
6621.0,30.9
6621.5,31
6622.0,31
6622.5,30.9
6623.0,30.9
6623.5,30.9
6624.0,30.9
6624.5,31
6625.0,31
6625.5,30.9
6626.0,30.9
6626.5,31
6627.0,30.9
6627.5,31
6628.0,31
6628.5,30.9
6629.0,31
6629.5,31
6630.0,31
6630.5,30.9
6631.0,31
6631.5,30.9
6632.0,31
6632.5,31
6633.0,31
6633.5,30.9
6634.0,31
6634.5,31
6635.0,31
6635.5,30.9
6636.0,31
6636.5,30.9
6637.0,31
6637.5,30.9
6638.0,30.9
6638.5,30.9
6639.0,31
6639.5,31
6640.0,30.9
6640.5,31
6641.0,31
6641.5,31
6642.0,30.9
6642.5,31
6643.0,31
6643.5,31
6644.0,31
6644.5,30.9
6645.0,31
6645.5,31
6646.0,31
6646.5,31
6647.0,31
6647.5,30.9
6648.0,31
6648.5,30.9
6649.0,31
6649.5,31
6650.0,31
6650.5,31
6651.0,31
6651.5,31
6652.0,31
6652.5,31
6653.0,31
6653.5,31
6654.0,31
6654.5,31
6655.0,31
6655.5,30.9
6656.0,31
6656.5,31
6657.0,31
6657.5,31
6658.0,31
6658.5,31
6659.0,31
6659.5,31
6660.0,31
6660.5,30.9
6661.0,31
6661.5,31
6662.0,31
6662.5,31
6663.0,31
6663.5,31
6664.0,31
6664.5,31
6665.0,31
6665.5,31
6666.0,31.1
6666.5,31
6667.0,31
6667.5,31
6668.0,31
6668.5,31
6669.0,31
6669.5,31
6670.0,31.1
6670.5,31
6671.0,31
6671.5,31
6672.0,31
6672.5,31
6673.0,31.1
6673.5,31
6674.0,31.1
6674.5,31
6675.0,31
6675.5,31
6676.0,31.1
6676.5,31
6677.0,31
6677.5,31.1
6678.0,31
6678.5,31
6679.0,31
6679.5,31
6680.0,31.1
6680.5,31
6681.0,31.1
6681.5,31
6682.0,31.1
6682.5,31.1
6683.0,31
6683.5,31
6684.0,31
6684.5,31
6685.0,31.1
6685.5,31
6686.0,31.1
6686.5,31.1
6687.0,31
6687.5,31.1
6688.0,31.1
6688.5,31.1
6689.0,31
6689.5,31
6690.0,31.1
6690.5,31
6691.0,31
6691.5,31
6692.0,31
6692.5,31.1
6693.0,31.1
6693.5,31.1
6694.0,31
6694.5,31
6695.0,31
6695.5,31.1
6696.0,31.1
6696.5,31.1
6697.0,31.1
6697.5,31
6698.0,31.1
6698.5,31.1
6699.0,31.1
6699.5,31.1
6700.0,31.1
6700.5,31.1
6701.0,31.1
6701.5,31.1
6702.0,31.1
6702.5,31.1
6703.0,31.1
6703.5,31.1
6704.0,31.1
6704.5,31.1
6705.0,31
6705.5,31
6706.0,31.1
6706.5,31.1
6707.0,31.1
6707.5,31.1
6708.0,31.1
6708.5,31.1
6709.0,31.1
6709.5,31.1
6710.0,31
6710.5,31.1
6711.0,31.1
6711.5,31.1
6712.0,31.1
6712.5,31.1
6713.0,31.1
6713.5,31.1
6714.0,31.1
6714.5,31.1
6715.0,31.1
6715.5,31.1
6716.0,31.1
6716.5,31.1
6717.0,31.1
6717.5,31.1
6718.0,31.1
6718.5,31.1
6719.0,31.1
6719.5,31.1
6720.0,31.1
6720.5,31.1
6721.0,31.1
6721.5,31.1
6722.0,31.1
6722.5,31.1
6723.0,31.1
6723.5,31.1
6724.0,31.1
6724.5,31.1
6725.0,31.1
6725.5,31.1
6726.0,31.1
6726.5,31.1
6727.0,31.1
6727.5,31.1
6728.0,31.1
6728.5,31.1
6729.0,31.1
6729.5,31.1
6730.0,31.1
6730.5,31.1
6731.0,31.1
6731.5,31.1
6732.0,31.1
6732.5,31.1
6733.0,31.1
6733.5,31.1
6734.0,31.1
6734.5,31.1
6735.0,31.1
6735.5,31.1
6736.0,31.1
6736.5,31.1
6737.0,31.1
6737.5,31.1
6738.0,31.1
6738.5,31.1
6739.0,31.1
6739.5,31.1
6740.0,31.1
6740.5,31.1
6741.0,31.1
6741.5,31.1
6742.0,31.1
6742.5,31.1
6743.0,31.1
6743.5,31.1
6744.0,31.1
6744.5,31.1
6745.0,31.1
6745.5,31.1
6746.0,31.1
6746.5,31.1
6747.0,31.1
6747.5,31.1
6748.0,31.1
6748.5,31.1
6749.0,31.1
6749.5,31.1
6750.0,31.1
6750.5,31.2
6751.0,31.1
6751.5,31.1
6752.0,31.1
6752.5,31.2
6753.0,31.1
6753.5,31.1
6754.0,31.1
6754.5,31.1
6755.0,31.1
6755.5,31.1
6756.0,31.1
6756.5,31.2
6757.0,31.1
6757.5,31.1
6758.0,31.1
6758.5,31.2
6759.0,31.1
6759.5,31.1
6760.0,31.1
6760.5,31.1
6761.0,31.1
6761.5,31.1
6762.0,31.1
6762.5,31.1
6763.0,31.2
6763.5,31.2
6764.0,31.2
6764.5,31.1
6765.0,31.1
6765.5,31.1
6766.0,31.1
6766.5,31.2
6767.0,31.1
6767.5,31.2
6768.0,31.1
6768.5,31.1
6769.0,31.2
6769.5,31.2
6770.0,31.1
6770.5,31.1
6771.0,31.1
6771.5,31.2
6772.0,31.1
6772.5,31.1
6773.0,31.1
6773.5,31.2
6774.0,31.1
6774.5,31.2
6775.0,31.1
6775.5,31.1
6776.0,31.2
6776.5,31.2
6777.0,31.2
6777.5,31.1
6778.0,31.1
6778.5,31.1
6779.0,31.2
6779.5,31.2
6780.0,31.2
6780.5,31.1
6781.0,31.1
6781.5,31.2
6782.0,31.1
6782.5,31.1
6783.0,31.2
6783.5,31.2
6784.0,31.1
6784.5,31.2
6785.0,31.2
6785.5,31.2
6786.0,31.1
6786.5,31.2
6787.0,31.1
6787.5,31.2
6788.0,31.2
6788.5,31.2
6789.0,31.2
6789.5,31.1
6790.0,31.1
6790.5,31.2
6791.0,31.2
6791.5,31.2
6792.0,31.2
6792.5,31.2
6793.0,31.2
6793.5,31.2
6794.0,31.1
6794.5,31.2
6795.0,31.2
6795.5,31.2
6796.0,31.2
6796.5,31.2
6797.0,31.2
6797.5,31.2
6798.0,31.2
6798.5,31.2
6799.0,31.2
6799.5,31.2
6800.0,31.2
6800.5,31.2
6801.0,31.2
6801.5,31.2
6802.0,31.2
6802.5,31.2
6803.0,31.2
6803.5,31.2
6804.0,31.2
6804.5,31.2
6805.0,31.2
6805.5,31.2
6806.0,31.2
6806.5,31.2
6807.0,31.2
6807.5,31.2
6808.0,31.2
6808.5,31.2
6809.0,31.2
6809.5,31.2
6810.0,31.2
6810.5,31.2
6811.0,31.2
6811.5,31.2
6812.0,31.2
6812.5,31.2
6813.0,31.2
6813.5,31.2
6814.0,31.2
6814.5,31.2
6815.0,31.2
6815.5,31.2
6816.0,31.2
6816.5,31.2
6817.0,31.2
6817.5,31.2
6818.0,31.2
6818.5,31.2
6819.0,31.2
6819.5,31.2
6820.0,31.2
6820.5,31.2
6821.0,31.2
6821.5,31.2
6822.0,31.2
6822.5,31.2
6823.0,31.2
6823.5,31.2
6824.0,31.2
6824.5,31.2
6825.0,31.2
6825.5,31.2
6826.0,31.2
6826.5,31.2
6827.0,31.2
6827.5,31.2
6828.0,31.2
6828.5,31.3
6829.0,31.2
6829.5,31.2
6830.0,31.2
6830.5,31.2
6831.0,31.3
6831.5,31.2
6832.0,31.2
6832.5,31.3
6833.0,31.2
6833.5,31.2
6834.0,31.2
6834.5,31.2
6835.0,31.2
6835.5,31.2
6836.0,31.2
6836.5,31.3
6837.0,31.2
6837.5,31.3
6838.0,31.2
6838.5,31.2
6839.0,31.3
6839.5,31.2
6840.0,31.3
6840.5,31.3
6841.0,31.3
6841.5,31.2
6842.0,31.2
6842.5,31.3
6843.0,31.2
6843.5,31.3
6844.0,31.2
6844.5,31.3
6845.0,31.3
6845.5,31.3
6846.0,31.3
6846.5,31.3
6847.0,31.3
6847.5,31.2
6848.0,31.2
6848.5,31.2
6849.0,31.3
6849.5,31.3
6850.0,31.2
6850.5,31.2
6851.0,31.3
6851.5,31.3
6852.0,31.3
6852.5,31.3
6853.0,31.3
6853.5,31.3
6854.0,31.3
6854.5,31.3
6855.0,31.3
6855.5,31.3
6856.0,31.3
6856.5,31.3
6857.0,31.3
6857.5,31.3
6858.0,31.3
6858.5,31.3
6859.0,31.3
6859.5,31.2
6860.0,31.3
6860.5,31.3
6861.0,31.3
6861.5,31.3
6862.0,31.3
6862.5,31.3
6863.0,31.2
6863.5,31.3
6864.0,31.3
6864.5,31.3
6865.0,31.3
6865.5,31.3
6866.0,31.3
6866.5,31.3
6867.0,31.3
6867.5,31.3
6868.0,31.3
6868.5,31.3
6869.0,31.3
6869.5,31.3
6870.0,31.3
6870.5,31.3
6871.0,31.3
6871.5,31.3
6872.0,31.3
6872.5,31.3
6873.0,31.3
6873.5,31.3
6874.0,31.3
6874.5,31.3
6875.0,31.3
6875.5,31.3
6876.0,31.3
6876.5,31.3
6877.0,31.3
6877.5,31.3
6878.0,31.3
6878.5,31.3
6879.0,31.3
6879.5,31.3
6880.0,31.3
6880.5,31.3
6881.0,31.3
6881.5,31.3
6882.0,31.3
6882.5,31.3
6883.0,31.3
6883.5,31.3
6884.0,31.3
6884.5,31.3
6885.0,31.3
6885.5,31.4
6886.0,31.3
6886.5,31.3
6887.0,31.3
6887.5,31.3
6888.0,31.3
6888.5,31.3
6889.0,31.3
6889.5,31.3
6890.0,31.3
6890.5,31.3
6891.0,31.4
6891.5,31.3
6892.0,31.3
6892.5,31.3
6893.0,31.3
6893.5,31.3
6894.0,31.3
6894.5,31.3
6895.0,31.3
6895.5,31.4
6896.0,31.3
6896.5,31.3
6897.0,31.3
6897.5,31.4
6898.0,31.4
6898.5,31.3
6899.0,31.3
6899.5,31.3
6900.0,31.4
6900.5,31.4
6901.0,31.3
6901.5,31.3
6902.0,31.3
6902.5,31.3
6903.0,31.3
6903.5,31.4
6904.0,31.3
6904.5,31.4
6905.0,31.3
6905.5,31.4
6906.0,31.3
6906.5,31.3
6907.0,31.3
6907.5,31.3
6908.0,31.4
6908.5,31.4
6909.0,31.3
6909.5,31.4
6910.0,31.3
6910.5,31.3
6911.0,31.3
6911.5,31.3
6912.0,31.4
6912.5,31.3
6913.0,31.4
6913.5,31.3
6914.0,31.4
6914.5,31.4
6915.0,31.3
6915.5,31.3
6916.0,31.3
6916.5,31.4
6917.0,31.4
6917.5,31.3
6918.0,31.4
6918.5,31.4
6919.0,31.4
6919.5,31.3
6920.0,31.3
6920.5,31.4
6921.0,31.3
6921.5,31.3
6922.0,31.4
6922.5,31.4
6923.0,31.4
6923.5,31.4
6924.0,31.3
6924.5,31.4
6925.0,31.4
6925.5,31.4
6926.0,31.4
6926.5,31.4
6927.0,31.3
6927.5,31.4
6928.0,31.4
6928.5,31.4
6929.0,31.4
6929.5,31.4
6930.0,31.4
6930.5,31.4
6931.0,31.4
6931.5,31.3
6932.0,31.3
6932.5,31.4
6933.0,31.3
6933.5,31.4
6934.0,31.4
6934.5,31.4
6935.0,31.3
6935.5,31.4
6936.0,31.4
6936.5,31.4
6937.0,31.4
6937.5,31.4
6938.0,31.4
6938.5,31.4
6939.0,31.4
6939.5,31.4
6940.0,31.4
6940.5,31.4
6941.0,31.3
6941.5,31.4
6942.0,31.4
6942.5,31.4
6943.0,31.4
6943.5,31.3
6944.0,31.4
6944.5,31.4
6945.0,31.4
6945.5,31.4
6946.0,31.3
6946.5,31.4
6947.0,31.4
6947.5,31.3
6948.0,31.4
6948.5,31.4
6949.0,31.4
6949.5,31.4
6950.0,31.4
6950.5,31.4
6951.0,31.4
6951.5,31.3
6952.0,31.4
6952.5,31.4
6953.0,31.4
6953.5,31.4
6954.0,31.3
6954.5,31.4
6955.0,31.4
6955.5,31.4
6956.0,31.4
6956.5,31.4
6957.0,31.4
6957.5,31.4
6958.0,31.4
6958.5,31.3
6959.0,31.3
6959.5,31.4
6960.0,31.3
6960.5,31.4
6961.0,31.4
6961.5,31.4
6962.0,31.4
6962.5,31.4
6963.0,31.4
6963.5,31.4
6964.0,31.4
6964.5,31.4
6965.0,31.4
6965.5,31.4
6966.0,31.4
6966.5,31.4
6967.0,31.4
6967.5,31.4
6968.0,31.4
6968.5,31.4
6969.0,31.4
6969.5,31.4
6970.0,31.4
6970.5,31.4
6971.0,31.4
6971.5,31.4
6972.0,31.4
6972.5,31.4
6973.0,31.4
6973.5,31.4
6974.0,31.4
6974.5,31.4
6975.0,31.4
6975.5,31.4
6976.0,31.4
6976.5,31.4
6977.0,31.4
6977.5,31.4
6978.0,31.4
6978.5,31.4
6979.0,31.4
6979.5,31.4
6980.0,31.4
6980.5,31.4
6981.0,31.4
6981.5,31.4
6982.0,31.4
6982.5,31.4
6983.0,31.4
6983.5,31.4
6984.0,31.4
6984.5,31.4
6985.0,31.4
6985.5,31.4
6986.0,31.4
6986.5,31.4
6987.0,31.4
6987.5,31.4
6988.0,31.4
6988.5,31.4
6989.0,31.4
6989.5,31.4
6990.0,31.4
6990.5,31.4
6991.0,31.4
6991.5,31.4
6992.0,31.4
6992.5,31.4
6993.0,31.4
6993.5,31.4
6994.0,31.4
6994.5,31.4
6995.0,31.4
6995.5,31.4
6996.0,31.4
6996.5,31.4
6997.0,31.4
6997.5,31.4
6998.0,31.4
6998.5,31.4
6999.0,31.4
6999.5,31.4
7000.0,31.4
7000.5,31.4
7001.0,31.4
7001.5,31.4
7002.0,31.4
7002.5,31.4
7003.0,31.4
7003.5,31.4
7004.0,31.4
7004.5,31.4
7005.0,31.4
7005.5,31.4
7006.0,31.4
7006.5,31.4
7007.0,31.4
7007.5,31.4
7008.0,31.4
7008.5,31.4
7009.0,31.4
7009.5,31.4
7010.0,31.4
7010.5,31.4
7011.0,31.4
7011.5,31.4
7012.0,31.4
7012.5,31.4
7013.0,31.4
7013.5,31.4
7014.0,31.4
7014.5,31.4
7015.0,31.4
7015.5,31.4
7016.0,31.4
7016.5,31.4
7017.0,31.4
7017.5,31.4
7018.0,31.4
7018.5,31.4
7019.0,31.4
7019.5,31.4
7020.0,31.4
7020.5,31.4
7021.0,31.4
7021.5,31.4
7022.0,31.4
7022.5,31.4
7023.0,31.4
7023.5,31.4
7024.0,31.4
7024.5,31.4
7025.0,31.4
7025.5,31.4
7026.0,31.4
7026.5,31.4
7027.0,31.4
7027.5,31.4
7028.0,31.4
7028.5,31.4
7029.0,31.4
7029.5,31.4
7030.0,31.4
7030.5,31.4
7031.0,31.4
7031.5,31.4
7032.0,31.4
7032.5,31.4
7033.0,31.4
7033.5,31.4
7034.0,31.4
7034.5,31.4
7035.0,31.4
7035.5,31.4
7036.0,31.4
7036.5,31.4
7037.0,31.4
7037.5,31.4
7038.0,31.4
7038.5,31.4
7039.0,31.4
7039.5,31.4
7040.0,31.4
7040.5,31.4
7041.0,31.4
7041.5,31.4
7042.0,31.4
7042.5,31.4
7043.0,31.4
7043.5,31.4
7044.0,31.4
7044.5,31.4
7045.0,31.4
7045.5,31.4
7046.0,31.4
7046.5,31.4
7047.0,31.4
7047.5,31.4
7048.0,31.4
7048.5,31.4
7049.0,31.4
7049.5,31.4
7050.0,31.4
7050.5,31.4
7051.0,31.4
7051.5,31.4
7052.0,31.4
7052.5,31.4
7053.0,31.4
7053.5,31.4
7054.0,31.4
7054.5,31.4
7055.0,31.4
7055.5,31.4
7056.0,31.4
7056.5,31.4
7057.0,31.4
7057.5,31.4
7058.0,31.4
7058.5,31.4
7059.0,31.4
7059.5,31.4
7060.0,31.4
7060.5,31.4
7061.0,31.4
7061.5,31.4
7062.0,31.4
7062.5,31.4
7063.0,31.4
7063.5,31.4
7064.0,31.4
7064.5,31.4
7065.0,31.4
7065.5,31.4
7066.0,31.4
7066.5,31.4
7067.0,31.4
7067.5,31.4
7068.0,31.4
7068.5,31.4
7069.0,31.4
7069.5,31.4
7070.0,31.4
7070.5,31.4
7071.0,31.4
7071.5,31.4
7072.0,31.4
7072.5,31.4
7073.0,31.4
7073.5,31.4
7074.0,31.4
7074.5,31.4
7075.0,31.4
7075.5,31.4
7076.0,31.4
7076.5,31.4
7077.0,31.4
7077.5,31.4
7078.0,31.4
7078.5,31.4
7079.0,31.4
7079.5,31.4
7080.0,31.4
7080.5,31.4
7081.0,31.4
7081.5,31.4
7082.0,31.4
7082.5,31.4
7083.0,31.4
7083.5,31.4
7084.0,31.4
7084.5,31.5
7085.0,31.5
7085.5,31.4
7086.0,31.4
7086.5,31.4
7087.0,31.4
7087.5,31.4
7088.0,31.4
7088.5,31.4
7089.0,31.4
7089.5,31.4
7090.0,31.4
7090.5,31.4
7091.0,31.4
7091.5,31.4
7092.0,31.4
7092.5,31.5
7093.0,31.4
7093.5,31.4
7094.0,31.4
7094.5,31.4
7095.0,31.4
7095.5,31.5
7096.0,31.4
7096.5,31.4
7097.0,31.4
7097.5,31.5
7098.0,31.4
7098.5,31.4
7099.0,31.4
7099.5,31.4
7100.0,31.4
7100.5,31.5
7101.0,31.4
7101.5,31.5
7102.0,31.5
7102.5,31.5
7103.0,31.5
7103.5,31.5
7104.0,31.5
7104.5,31.5
7105.0,31.4
7105.5,31.5
7106.0,31.4
7106.5,31.4
7107.0,31.4
7107.5,31.5
7108.0,31.5
7108.5,31.5
7109.0,31.4
7109.5,31.5
7110.0,31.5
7110.5,31.4
7111.0,31.5
7111.5,31.5
7112.0,31.5
7112.5,31.5
7113.0,31.5
7113.5,31.5
7114.0,31.5
7114.5,31.5
7115.0,31.5
7115.5,31.5
7116.0,31.5
7116.5,31.5
7117.0,31.5
7117.5,31.5
7118.0,31.5
7118.5,31.5
7119.0,31.5
7119.5,31.5
7120.0,31.5
7120.5,31.5
7121.0,31.5
7121.5,31.5
7122.0,31.5
7122.5,31.5
7123.0,31.5
7123.5,31.5
7124.0,31.5
7124.5,31.5
7125.0,31.5
7125.5,31.5
7126.0,31.5
7126.5,31.5
7127.0,31.5
7127.5,31.5
7128.0,31.5
7128.5,31.5
7129.0,31.5
7129.5,31.5
7130.0,31.5
7130.5,31.5
7131.0,31.5
7131.5,31.5
7132.0,31.5
7132.5,31.5
7133.0,31.5
7133.5,31.5
7134.0,31.5
7134.5,31.5
7135.0,31.5
7135.5,31.5
7136.0,31.5
7136.5,31.5
7137.0,31.5
7137.5,31.5
7138.0,31.5
7138.5,31.5
7139.0,31.5
7139.5,31.5
7140.0,31.5
7140.5,31.5
7141.0,31.5
7141.5,31.5
7142.0,31.5
7142.5,31.5
7143.0,31.5
7143.5,31.5
7144.0,31.5
7144.5,31.5
7145.0,31.5
7145.5,31.6
7146.0,31.5
7146.5,31.5
7147.0,31.5
7147.5,31.6
7148.0,31.5
7148.5,31.5
7149.0,31.5
7149.5,31.5
7150.0,31.5
7150.5,31.5
7151.0,31.5
7151.5,31.6
7152.0,31.5
7152.5,31.5
7153.0,31.6
7153.5,31.5
7154.0,31.5
7154.5,31.5
7155.0,31.5
7155.5,31.5
7156.0,31.5
7156.5,31.6
7157.0,31.6
7157.5,31.5
7158.0,31.5
7158.5,31.6
7159.0,31.5
7159.5,31.6
7160.0,31.6
7160.5,31.5
7161.0,31.5
7161.5,31.5
7162.0,31.6
7162.5,31.6
7163.0,31.5
7163.5,31.5
7164.0,31.6
7164.5,31.5
7165.0,31.6
7165.5,31.5
7166.0,31.6
7166.5,31.6
7167.0,31.5
7167.5,31.6
7168.0,31.5
7168.5,31.5
7169.0,31.6
7169.5,31.6
7170.0,31.6
7170.5,31.6
7171.0,31.5
7171.5,31.6
7172.0,31.6
7172.5,31.6
7173.0,31.6
7173.5,31.6
7174.0,31.6
7174.5,31.6
7175.0,31.6
7175.5,31.6
7176.0,31.6
7176.5,31.6
7177.0,31.5
7177.5,31.6
7178.0,31.6
7178.5,31.6
7179.0,31.6
7179.5,31.6
7180.0,31.6
7180.5,31.6
7181.0,31.6
7181.5,31.6
7182.0,31.6
7182.5,31.6
7183.0,31.6
7183.5,31.6
7184.0,31.6
7184.5,31.6
7185.0,31.6
7185.5,31.6
7186.0,31.6
7186.5,31.6
7187.0,31.6
7187.5,31.6
7188.0,31.6
7188.5,31.6
7189.0,31.6
7189.5,31.6
7190.0,31.6
7190.5,31.6
7191.0,31.6
7191.5,31.6
7192.0,31.6
7192.5,31.6
7193.0,31.6
7193.5,31.6
7194.0,31.6
7194.5,31.6
7195.0,31.6
7195.5,31.6
7196.0,31.6
7196.5,31.6
7197.0,31.6
7197.5,31.6
7198.0,31.6
7198.5,31.6
7199.0,31.6
7199.5,31.6
7200.0,31.6
7200.5,31.6
7201.0,31.6
7201.5,31.6
7202.0,31.6
7202.5,31.6
7203.0,31.6
7203.5,31.6
7204.0,31.6
7204.5,31.6
7205.0,31.6
7205.5,31.6
7206.0,31.6
7206.5,31.6
7207.0,31.7
7207.5,31.6
7208.0,31.6
7208.5,31.6
7209.0,31.6
7209.5,31.6
7210.0,31.6
7210.5,31.7
7211.0,31.6
7211.5,31.6
7212.0,31.6
7212.5,31.6
7213.0,31.7
7213.5,31.6
7214.0,31.6
7214.5,31.6
7215.0,31.7
7215.5,31.6
7216.0,31.6
7216.5,31.6
7217.0,31.6
7217.5,31.6
7218.0,31.6
7218.5,31.6
7219.0,31.6
7219.5,31.7
7220.0,31.6
7220.5,31.6
7221.0,31.7
7221.5,31.7
7222.0,31.7
7222.5,31.6
7223.0,31.7
7223.5,31.6
7224.0,31.7
7224.5,31.6
7225.0,31.6
7225.5,31.6
7226.0,31.7
7226.5,31.6
7227.0,31.7
7227.5,31.6
7228.0,31.7
7228.5,31.6
7229.0,31.7
7229.5,31.7
7230.0,31.7
7230.5,31.6
7231.0,31.7
7231.5,31.6
7232.0,31.7
7232.5,31.7
7233.0,31.6
7233.5,31.6
7234.0,31.7
7234.5,31.7
7235.0,31.6
7235.5,31.7
7236.0,31.7
7236.5,31.7
7237.0,31.7
7237.5,31.7
7238.0,31.6
7238.5,31.6
7239.0,31.7
7239.5,31.7
7240.0,31.7
7240.5,31.7
7241.0,31.7
7241.5,31.6
7242.0,31.7
7242.5,31.7
7243.0,31.7
7243.5,31.7
7244.0,31.7
7244.5,31.7
7245.0,31.7
7245.5,31.7
7246.0,31.7
7246.5,31.7
7247.0,31.7
7247.5,31.7
7248.0,31.7
7248.5,31.7
7249.0,31.7
7249.5,31.7
7250.0,31.7
7250.5,31.7
7251.0,31.7
7251.5,31.7
7252.0,31.7
7252.5,31.7
7253.0,31.7
7253.5,31.7
7254.0,31.7
7254.5,31.7
7255.0,31.7
7255.5,31.7
7256.0,31.7
7256.5,31.7
7257.0,31.7
7257.5,31.7
7258.0,31.7
7258.5,31.7
7259.0,31.7
7259.5,31.7
7260.0,31.7
7260.5,31.7
7261.0,31.7
7261.5,31.7
7262.0,31.7
7262.5,31.7
7263.0,31.7
7263.5,31.7
7264.0,31.7
7264.5,31.7
7265.0,31.7
7265.5,31.7
7266.0,31.7
7266.5,31.7
7267.0,31.7
7267.5,31.7
7268.0,31.7
7268.5,31.7
7269.0,31.7
7269.5,31.7
7270.0,31.7
7270.5,31.7
7271.0,31.7
7271.5,31.7
7272.0,31.7
7272.5,31.7
7273.0,31.7
7273.5,31.7
7274.0,31.7
7274.5,31.7
7275.0,31.7
7275.5,31.7
7276.0,31.7
7276.5,31.7
7277.0,31.7
7277.5,31.7
7278.0,31.7
7278.5,31.7
7279.0,31.7
7279.5,31.7
7280.0,31.7
7280.5,31.7
7281.0,31.7
7281.5,31.7
7282.0,31.7
7282.5,31.7
7283.0,31.7
7283.5,31.7
7284.0,31.8
7284.5,31.7
7285.0,31.7
7285.5,31.7
7286.0,31.7
7286.5,31.7
7287.0,31.8
7287.5,31.7
7288.0,31.8
7288.5,31.7
7289.0,31.7
7289.5,31.7
7290.0,31.7
7290.5,31.7
7291.0,31.7
7291.5,31.7
7292.0,31.7
7292.5,31.7
7293.0,31.8
7293.5,31.7
7294.0,31.7
7294.5,31.7
7295.0,31.7
7295.5,31.8
7296.0,31.7
7296.5,31.8
7297.0,31.8
7297.5,31.7
7298.0,31.8
7298.5,31.7
7299.0,31.7
7299.5,31.8
7300.0,31.8
7300.5,31.8
7301.0,31.7
7301.5,31.7
7302.0,31.7
7302.5,31.8
7303.0,31.8
7303.5,31.8
7304.0,31.8
7304.5,31.8
7305.0,31.7
7305.5,31.8
7306.0,31.7
7306.5,31.7
7307.0,31.8
7307.5,31.8
7308.0,31.8
7308.5,31.7
7309.0,31.7
7309.5,31.8
7310.0,31.8
7310.5,31.8
7311.0,31.8
7311.5,31.8
7312.0,31.8
7312.5,31.8
7313.0,31.8
7313.5,31.8
7314.0,31.7
7314.5,31.8
7315.0,31.7
7315.5,31.8
7316.0,31.8
7316.5,31.8
7317.0,31.8
7317.5,31.8
7318.0,31.7
7318.5,31.8
7319.0,31.8
7319.5,31.8
7320.0,31.8
7320.5,31.8
7321.0,31.8
7321.5,31.8
7322.0,31.8
7322.5,31.8
7323.0,31.8
7323.5,31.8
7324.0,31.8
7324.5,31.8
7325.0,31.8
7325.5,31.8
7326.0,31.8
7326.5,31.8
7327.0,31.8
7327.5,31.8
7328.0,31.8
7328.5,31.8
7329.0,31.8
7329.5,31.8
7330.0,31.8
7330.5,31.8
7331.0,31.8
7331.5,31.8
7332.0,31.8
7332.5,31.8
7333.0,31.8
7333.5,31.8
7334.0,31.8
7334.5,31.8
7335.0,31.8
7335.5,31.8
7336.0,31.8
7336.5,31.8
7337.0,31.8
7337.5,31.8
7338.0,31.8
7338.5,31.8
7339.0,31.8
7339.5,31.8
7340.0,31.8
7340.5,31.8
7341.0,31.8
7341.5,31.8
7342.0,31.8
7342.5,31.8
7343.0,31.8
7343.5,31.8
7344.0,31.8
7344.5,31.8
7345.0,31.8
7345.5,31.8
7346.0,31.8
7346.5,31.8
7347.0,31.8
7347.5,31.8
7348.0,31.8
7348.5,31.8
7349.0,31.8
7349.5,31.8
7350.0,31.8
7350.5,31.8
7351.0,31.8
7351.5,31.8
7352.0,31.8
7352.5,31.8
7353.0,31.8
7353.5,31.8
7354.0,31.8
7354.5,31.8
7355.0,31.8
7355.5,31.8
7356.0,31.8
7356.5,31.8
7357.0,31.8
7357.5,31.8
7358.0,31.8
7358.5,31.8
7359.0,31.8
7359.5,31.8
7360.0,31.8
7360.5,31.8
7361.0,31.8
7361.5,31.8
7362.0,31.8
7362.5,31.8
7363.0,31.8
7363.5,31.8
7364.0,31.8
7364.5,31.8
7365.0,31.8
7365.5,31.8
7366.0,31.8
7366.5,31.8
7367.0,31.8
7367.5,31.8
7368.0,31.8
7368.5,31.8
7369.0,31.8
7369.5,31.8
7370.0,31.8
7370.5,31.8
7371.0,31.8
7371.5,31.8
7372.0,31.8
7372.5,31.9
7373.0,31.8
7373.5,31.8
7374.0,31.8
7374.5,31.8
7375.0,31.8
7375.5,31.8
7376.0,31.9
7376.5,31.8
7377.0,31.8
7377.5,31.8
7378.0,31.8
7378.5,31.8
7379.0,31.8
7379.5,31.8
7380.0,31.8
7380.5,31.8
7381.0,31.8
7381.5,31.8
7382.0,31.8
7382.5,31.8
7383.0,31.8
7383.5,31.8
7384.0,31.9
7384.5,31.8
7385.0,31.9
7385.5,31.8
7386.0,31.9
7386.5,31.8
7387.0,31.8
7387.5,31.8
7388.0,31.8
7388.5,31.8
7389.0,31.8
7389.5,31.9
7390.0,31.8
7390.5,31.8
7391.0,31.8
7391.5,31.8
7392.0,31.9
7392.5,31.8
7393.0,31.9
7393.5,31.9
7394.0,31.9
7394.5,31.9
7395.0,31.8
7395.5,31.8
7396.0,31.8
7396.5,31.8
7397.0,31.9
7397.5,31.9
7398.0,31.8
7398.5,31.8
7399.0,31.8
7399.5,31.8
7400.0,31.9
7400.5,31.9
7401.0,31.8
7401.5,31.8
7402.0,31.9
7402.5,31.9
7403.0,31.8
7403.5,31.9
7404.0,31.9
7404.5,31.9
7405.0,31.8
7405.5,31.9
7406.0,31.9
7406.5,31.9
7407.0,31.9
7407.5,31.8
7408.0,31.9
7408.5,31.9
7409.0,31.8
7409.5,31.9
7410.0,31.9
7410.5,31.9
7411.0,31.9
7411.5,31.9
7412.0,31.8
7412.5,31.8
7413.0,31.8
7413.5,31.8
7414.0,31.8
7414.5,31.9
7415.0,31.9
7415.5,31.9
7416.0,31.8
7416.5,31.9
7417.0,31.9
7417.5,31.9
7418.0,31.9
7418.5,31.9
7419.0,31.9
7419.5,31.8
7420.0,31.9
7420.5,31.9
7421.0,31.9
7421.5,31.8
7422.0,31.9
7422.5,31.8
7423.0,31.9
7423.5,31.9
7424.0,31.9
7424.5,31.9
7425.0,31.8
7425.5,31.9
7426.0,31.9
7426.5,31.9
7427.0,31.9
7427.5,31.9
7428.0,31.9
7428.5,31.9
7429.0,31.9
7429.5,31.9
7430.0,31.9
7430.5,31.9
7431.0,31.9
7431.5,31.9
7432.0,31.9
7432.5,31.9
7433.0,31.9
7433.5,31.9
7434.0,31.9
7434.5,31.9
7435.0,31.8
7435.5,31.9
7436.0,31.8
7436.5,31.9
7437.0,31.9
7437.5,31.9
7438.0,31.8
7438.5,31.9
7439.0,31.9
7439.5,31.9
7440.0,31.9
7440.5,31.9
7441.0,31.9
7441.5,31.9
7442.0,31.9
7442.5,31.9
7443.0,31.9
7443.5,31.9
7444.0,31.9
7444.5,31.9
7445.0,31.9
7445.5,31.9
7446.0,31.9
7446.5,31.9
7447.0,31.9
7447.5,31.9
7448.0,31.9
7448.5,31.9
7449.0,31.9
7449.5,31.8
7450.0,31.9
7450.5,31.9
7451.0,31.9
7451.5,31.9
7452.0,31.9
7452.5,31.9
7453.0,31.9
7453.5,31.9
7454.0,31.9
7454.5,31.9
7455.0,31.9
7455.5,31.9
7456.0,31.9
7456.5,31.9
7457.0,31.8
7457.5,31.9
7458.0,31.9
7458.5,31.9
7459.0,31.9
7459.5,31.9
7460.0,31.9
7460.5,31.9
7461.0,31.9
7461.5,31.9
7462.0,31.9
7462.5,31.9
7463.0,31.9
7463.5,31.9
7464.0,31.9
7464.5,31.9
7465.0,31.9
7465.5,31.9
7466.0,31.9
7466.5,31.9
7467.0,31.9
7467.5,31.9
7468.0,31.9
7468.5,31.9
7469.0,31.9
7469.5,31.9
7470.0,31.9
7470.5,31.9
7471.0,31.9
7471.5,31.9
7472.0,31.9
7472.5,31.9
7473.0,31.9
7473.5,31.9
7474.0,31.9
7474.5,31.9
7475.0,31.9
7475.5,31.9
7476.0,31.9
7476.5,31.9
7477.0,31.9
7477.5,31.9
7478.0,31.9
7478.5,31.9
7479.0,31.9
7479.5,31.9
7480.0,31.9
7480.5,31.9
7481.0,31.9
7481.5,31.9
7482.0,31.9
7482.5,31.9
7483.0,31.9
7483.5,31.9
7484.0,31.9
7484.5,31.9
7485.0,31.9
7485.5,31.9
7486.0,31.9
7486.5,31.9
7487.0,31.9
7487.5,31.9
7488.0,31.9
7488.5,31.9
7489.0,31.9
7489.5,31.9
7490.0,31.9
7490.5,31.9
7491.0,31.9
7491.5,31.9
7492.0,31.9
7492.5,31.9
7493.0,31.9
7493.5,31.9
7494.0,31.9
7494.5,31.9
7495.0,31.9
7495.5,31.9
7496.0,31.9
7496.5,31.9
7497.0,31.9
7497.5,31.9
7498.0,31.9
7498.5,31.9
7499.0,31.9
7499.5,31.9
7500.0,31.9
7500.5,31.9
7501.0,31.9
7501.5,31.9
7502.0,31.9
7502.5,31.8
7503.0,31.9
7503.5,31.9
7504.0,31.9
7504.5,31.9
7505.0,31.9
7505.5,31.9
7506.0,31.9
7506.5,31.9
7507.0,31.9
7507.5,31.9
7508.0,31.9
7508.5,31.9
7509.0,31.9
7509.5,31.9
7510.0,31.9
7510.5,31.9
7511.0,31.9
7511.5,31.9
7512.0,31.9
7512.5,31.9
7513.0,31.9
7513.5,31.9
7514.0,31.9
7514.5,31.9
7515.0,31.9
7515.5,31.9
7516.0,31.9
7516.5,31.9
7517.0,31.9
7517.5,31.9
7518.0,31.9
7518.5,31.9
7519.0,31.9
7519.5,31.9
7520.0,31.9
7520.5,31.9
7521.0,31.9
7521.5,31.9
7522.0,31.9
7522.5,31.9
7523.0,31.9
7523.5,31.9
7524.0,31.9
7524.5,31.9
7525.0,31.9
7525.5,31.9
7526.0,31.9
7526.5,31.9
7527.0,31.9
7527.5,31.9
7528.0,31.9
7528.5,31.9
7529.0,31.9
7529.5,31.9
7530.0,31.9
7530.5,31.9
7531.0,31.9
7531.5,31.9
7532.0,31.9
7532.5,31.8
7533.0,31.9
7533.5,31.9
7534.0,31.9
7534.5,31.9
7535.0,31.9
7535.5,31.9
7536.0,31.9
7536.5,31.9
7537.0,31.9
7537.5,31.9
7538.0,31.9
7538.5,31.9
7539.0,31.9
7539.5,31.9
7540.0,31.9
7540.5,31.9
7541.0,31.9
7541.5,31.9
7542.0,31.9
7542.5,31.9
7543.0,31.9
7543.5,31.9
7544.0,31.9
7544.5,31.9
7545.0,31.9
7545.5,31.9
7546.0,31.9
7546.5,31.9
7547.0,31.9
7547.5,31.9
7548.0,31.9
7548.5,31.9
7549.0,31.9
7549.5,31.9
7550.0,31.9
7550.5,31.9
7551.0,31.9
7551.5,31.9
7552.0,31.9
7552.5,31.8
7553.0,31.9
7553.5,31.9
7554.0,31.9
7554.5,31.9
7555.0,31.9
7555.5,31.9
7556.0,31.9
7556.5,31.9
7557.0,31.9
7557.5,31.9
7558.0,31.9
7558.5,31.9
7559.0,31.9
7559.5,31.9
7560.0,31.8
7560.5,31.9
7561.0,31.9
7561.5,31.9
7562.0,31.9
7562.5,31.9
7563.0,31.9
7563.5,31.9
7564.0,31.9
7564.5,31.9
7565.0,31.8
7565.5,31.9
7566.0,31.9
7566.5,31.8
7567.0,31.9
7567.5,31.9
7568.0,31.9
7568.5,31.9
7569.0,31.9
7569.5,31.9
7570.0,31.9
7570.5,31.8
7571.0,31.9
7571.5,31.9
7572.0,31.8
7572.5,31.9
7573.0,31.9
7573.5,31.8
7574.0,31.9
7574.5,31.9
7575.0,31.9
7575.5,31.9
7576.0,31.9
7576.5,31.9
7577.0,31.8
7577.5,31.8
7578.0,31.9
7578.5,31.8
7579.0,31.9
7579.5,31.9
7580.0,31.9
7580.5,31.9
7581.0,31.9
7581.5,31.9
7582.0,31.9
7582.5,31.9
7583.0,31.9
7583.5,31.9
7584.0,31.9
7584.5,31.9
7585.0,31.8
7585.5,31.9
7586.0,31.9
7586.5,31.9
7587.0,31.9
7587.5,31.9
7588.0,31.9
7588.5,31.9
7589.0,31.9
7589.5,31.9
7590.0,31.9
7590.5,31.9
7591.0,31.8
7591.5,31.9
7592.0,31.9
7592.5,31.9
7593.0,31.9
7593.5,31.9
7594.0,31.9
7594.5,31.9
7595.0,31.9
7595.5,31.9
7596.0,31.9
7596.5,31.9
7597.0,31.9
7597.5,31.9
7598.0,31.9
7598.5,31.9
7599.0,31.8
7599.5,31.9
7600.0,31.9
7600.5,31.9
7601.0,31.8
7601.5,31.8
7602.0,31.9
7602.5,31.9
7603.0,31.9
7603.5,31.8
7604.0,31.8
7604.5,31.9
7605.0,31.8
7605.5,31.8
7606.0,31.8
7606.5,31.9
7607.0,31.9
7607.5,31.9
7608.0,31.9
7608.5,31.9
7609.0,31.9
7609.5,31.8
7610.0,31.9
7610.5,31.8
7611.0,31.9
7611.5,31.9
7612.0,31.8
7612.5,31.9
7613.0,31.9
7613.5,31.8
7614.0,31.8
7614.5,31.8
7615.0,31.9
7615.5,31.9
7616.0,31.8
7616.5,31.9
7617.0,31.8
7617.5,31.9
7618.0,31.8
7618.5,31.8
7619.0,31.9
7619.5,31.8
7620.0,31.8
7620.5,31.8
7621.0,31.8
7621.5,31.8
7622.0,31.8
7622.5,31.8
7623.0,31.8
7623.5,31.8
7624.0,31.8
7624.5,31.8
7625.0,31.8
7625.5,31.8
7626.0,31.8
7626.5,31.8
7627.0,31.9
7627.5,31.8
7628.0,31.8
7628.5,31.8
7629.0,31.9
7629.5,31.8
7630.0,31.8
7630.5,31.8
7631.0,31.8
7631.5,31.8
7632.0,31.8
7632.5,31.8
7633.0,31.8
7633.5,31.8
7634.0,31.8
7634.5,31.8
7635.0,31.8
7635.5,31.8
7636.0,31.8
7636.5,31.8
7637.0,31.8
7637.5,31.8
7638.0,31.8
7638.5,31.8
7639.0,31.8
7639.5,31.8
7640.0,31.8
7640.5,31.8
7641.0,31.8
7641.5,31.8
7642.0,31.8
7642.5,31.8
7643.0,31.8
7643.5,31.8
7644.0,31.8
7644.5,31.8
7645.0,31.8
7645.5,31.8
7646.0,31.8
7646.5,31.8
7647.0,31.8
7647.5,31.8
7648.0,31.8
7648.5,31.8
7649.0,31.8
7649.5,31.8
7650.0,31.9
7650.5,31.8
7651.0,31.8
7651.5,31.8
7652.0,31.8
7652.5,31.8
7653.0,31.8
7653.5,31.8
7654.0,31.8
7654.5,31.8
7655.0,31.8
7655.5,31.8
7656.0,31.8
7656.5,31.8
7657.0,31.8
7657.5,31.8
7658.0,31.8
7658.5,31.8
7659.0,31.8
7659.5,31.8
7660.0,31.8
7660.5,31.8
7661.0,31.8
7661.5,31.8
7662.0,31.8
7662.5,31.8
7663.0,31.8
7663.5,31.8
7664.0,31.8
7664.5,31.8
7665.0,31.8
7665.5,31.8
7666.0,31.8
7666.5,31.8
7667.0,31.8
7667.5,31.8
7668.0,31.8
7668.5,31.8
7669.0,31.8
7669.5,31.8
7670.0,31.8
7670.5,31.8
7671.0,31.8
7671.5,31.8
7672.0,31.8
7672.5,31.8
7673.0,31.8
7673.5,31.8
7674.0,31.8
7674.5,31.8
7675.0,31.8
7675.5,31.8
7676.0,31.8
7676.5,31.8
7677.0,31.8
7677.5,31.8
7678.0,31.8
7678.5,31.7
7679.0,31.8
7679.5,31.8
7680.0,31.8
7680.5,31.8
7681.0,31.8
7681.5,31.8
7682.0,31.8
7682.5,31.8
7683.0,31.8
7683.5,31.8
7684.0,31.8
7684.5,31.8
7685.0,31.8
7685.5,31.8
7686.0,31.8
7686.5,31.7
7687.0,31.8
7687.5,31.8
7688.0,31.8
7688.5,31.8
7689.0,31.8
7689.5,31.8
7690.0,31.8
7690.5,31.8
7691.0,31.8
7691.5,31.7
7692.0,31.8
7692.5,31.8
7693.0,31.8
7693.5,31.8
7694.0,31.8
7694.5,31.8
7695.0,31.7
7695.5,31.8
7696.0,31.7
7696.5,31.8
7697.0,31.8
7697.5,31.8
7698.0,31.8
7698.5,31.7
7699.0,31.7
7699.5,31.8
7700.0,31.8
7700.5,31.8
7701.0,31.8
7701.5,31.7
7702.0,31.8
7702.5,31.8
7703.0,31.8
7703.5,31.7
7704.0,31.8
7704.5,31.8
7705.0,31.8
7705.5,31.7
7706.0,31.8
7706.5,31.8
7707.0,31.8
7707.5,31.8
7708.0,31.7
7708.5,31.8
7709.0,31.8
7709.5,31.8
7710.0,31.8
7710.5,31.7
7711.0,31.7
7711.5,31.7
7712.0,31.8
7712.5,31.8
7713.0,31.8
7713.5,31.7
7714.0,31.8
7714.5,31.8
7715.0,31.8
7715.5,31.8
7716.0,31.7
7716.5,31.7
7717.0,31.7
7717.5,31.8
7718.0,31.7
7718.5,31.7
7719.0,31.8
7719.5,31.7
7720.0,31.7
7720.5,31.8
7721.0,31.7
7721.5,31.7
7722.0,31.7
7722.5,31.7
7723.0,31.7
7723.5,31.7
7724.0,31.7
7724.5,31.7
7725.0,31.7
7725.5,31.7
7726.0,31.7
7726.5,31.8
7727.0,31.7
7727.5,31.7
7728.0,31.8
7728.5,31.7
7729.0,31.8
7729.5,31.7
7730.0,31.7
7730.5,31.8
7731.0,31.7
7731.5,31.8
7732.0,31.7
7732.5,31.8
7733.0,31.7
7733.5,31.7
7734.0,31.8
7734.5,31.7
7735.0,31.7
7735.5,31.8
7736.0,31.8
7736.5,31.7
7737.0,31.7
7737.5,31.7
7738.0,31.7
7738.5,31.7
7739.0,31.7
7739.5,31.7
7740.0,31.7
7740.5,31.7
7741.0,31.7
7741.5,31.7
7742.0,31.7
7742.5,31.7
7743.0,31.8
7743.5,31.7
7744.0,31.7
7744.5,31.8
7745.0,31.7
7745.5,31.7
7746.0,31.7
7746.5,31.8
7747.0,31.7
7747.5,31.7
7748.0,31.7
7748.5,31.7
7749.0,31.7
7749.5,31.7
7750.0,31.7
7750.5,31.7
7751.0,31.7
7751.5,31.7
7752.0,31.7
7752.5,31.7
7753.0,31.7
7753.5,31.7
7754.0,31.7
7754.5,31.7
7755.0,31.7
7755.5,31.7
7756.0,31.7
7756.5,31.7
7757.0,31.7
7757.5,31.7
7758.0,31.8
7758.5,31.8
7759.0,31.7
7759.5,31.7
7760.0,31.7
7760.5,31.7
7761.0,31.7
7761.5,31.7
7762.0,31.7
7762.5,31.7
7763.0,31.8
7763.5,31.7
7764.0,31.7
7764.5,31.7
7765.0,31.7
7765.5,31.7
7766.0,31.7
7766.5,31.7
7767.0,31.7
7767.5,31.7
7768.0,31.7
7768.5,31.7
7769.0,31.7
7769.5,31.7
7770.0,31.7
7770.5,31.7
7771.0,31.7
7771.5,31.7
7772.0,31.7
7772.5,31.7
7773.0,31.7
7773.5,31.7
7774.0,31.7
7774.5,31.7
7775.0,31.7
7775.5,31.7
7776.0,31.7
7776.5,31.7
7777.0,31.7
7777.5,31.7
7778.0,31.7
7778.5,31.7
7779.0,31.7
7779.5,31.7
7780.0,31.7
7780.5,31.7
7781.0,31.8
7781.5,31.7
7782.0,31.7
7782.5,31.7
7783.0,31.7
7783.5,31.7
7784.0,31.7
7784.5,31.8
7785.0,31.7
7785.5,31.7
7786.0,31.7
7786.5,31.7
7787.0,31.7
7787.5,31.7
7788.0,31.7
7788.5,31.7
7789.0,31.7
7789.5,31.7
7790.0,31.7
7790.5,31.7
7791.0,31.7
7791.5,31.7
7792.0,31.7
7792.5,31.7
7793.0,31.7
7793.5,31.7
7794.0,31.7
7794.5,31.7
7795.0,31.7
7795.5,31.7
7796.0,31.7
7796.5,31.7
7797.0,31.7
7797.5,31.7
7798.0,31.7
7798.5,31.7
7799.0,31.7
7799.5,31.7
7800.0,31.7
7800.5,31.7
7801.0,31.7
7801.5,31.7
7802.0,31.7
7802.5,31.7
7803.0,31.7
7803.5,31.7
7804.0,31.7
7804.5,31.7
7805.0,31.7
7805.5,31.7
7806.0,31.7
7806.5,31.7
7807.0,31.7
7807.5,31.7
7808.0,31.7
7808.5,31.7
7809.0,31.7
7809.5,31.7
7810.0,31.7
7810.5,31.7
7811.0,31.7
7811.5,31.7
7812.0,31.7
7812.5,31.7
7813.0,31.7
7813.5,31.7
7814.0,31.7
7814.5,31.7
7815.0,31.7
7815.5,31.7
7816.0,31.7
7816.5,31.7
7817.0,31.7
7817.5,31.7
7818.0,31.7
7818.5,31.7
7819.0,31.7
7819.5,31.7
7820.0,31.6
7820.5,31.7
7821.0,31.7
7821.5,31.7
7822.0,31.7
7822.5,31.7
7823.0,31.7
7823.5,31.7
7824.0,31.7
7824.5,31.7
7825.0,31.7
7825.5,31.7
7826.0,31.7
7826.5,31.7
7827.0,31.7
7827.5,31.7
7828.0,31.7
7828.5,31.7
7829.0,31.7
7829.5,31.7
7830.0,31.7
7830.5,31.7
7831.0,31.7
7831.5,31.7
7832.0,31.6
7832.5,31.7
7833.0,31.7
7833.5,31.7
7834.0,31.7
7834.5,31.7
7835.0,31.7
7835.5,31.7
7836.0,31.7
7836.5,31.7
7837.0,31.7
7837.5,31.7
7838.0,31.7
7838.5,31.7
7839.0,31.7
7839.5,31.7
7840.0,31.7
7840.5,31.7
7841.0,31.7
7841.5,31.6
7842.0,31.7
7842.5,31.7
7843.0,31.6
7843.5,31.7
7844.0,31.7
7844.5,31.6
7845.0,31.7
7845.5,31.7
7846.0,31.7
7846.5,31.6
7847.0,31.7
7847.5,31.7
7848.0,31.7
7848.5,31.7
7849.0,31.7
7849.5,31.7
7850.0,31.7
7850.5,31.7
7851.0,31.6
7851.5,31.6
7852.0,31.7
7852.5,31.7
7853.0,31.7
7853.5,31.6
7854.0,31.7
7854.5,31.7
7855.0,31.7
7855.5,31.7
7856.0,31.6
7856.5,31.7
7857.0,31.7
7857.5,31.7
7858.0,31.7
7858.5,31.7
7859.0,31.7
7859.5,31.7
7860.0,31.7
7860.5,31.6
7861.0,31.7
7861.5,31.7
7862.0,31.6
7862.5,31.6
7863.0,31.7
7863.5,31.6
7864.0,31.7
7864.5,31.6
7865.0,31.7
7865.5,31.7
7866.0,31.6
7866.5,31.7
7867.0,31.6
7867.5,31.6
7868.0,31.6
7868.5,31.7
7869.0,31.6
7869.5,31.7
7870.0,31.6
7870.5,31.6
7871.0,31.6
7871.5,31.6
7872.0,31.6
7872.5,31.6
7873.0,31.7
7873.5,31.6
7874.0,31.6
7874.5,31.6
7875.0,31.6
7875.5,31.6
7876.0,31.6
7876.5,31.7
7877.0,31.6
7877.5,31.6
7878.0,31.6
7878.5,31.7
7879.0,31.7
7879.5,31.6
7880.0,31.6
7880.5,31.6
7881.0,31.7
7881.5,31.6
7882.0,31.6
7882.5,31.6
7883.0,31.7
7883.5,31.6
7884.0,31.6
7884.5,31.6
7885.0,31.6
7885.5,31.6
7886.0,31.6
7886.5,31.6
7887.0,31.7
7887.5,31.6
7888.0,31.6
7888.5,31.6
7889.0,31.6
7889.5,31.6
7890.0,31.6
7890.5,31.6
7891.0,31.6
7891.5,31.6
7892.0,31.7
7892.5,31.6
7893.0,31.6
7893.5,31.6
7894.0,31.6
7894.5,31.6
7895.0,31.6
7895.5,31.6
7896.0,31.6
7896.5,31.6
7897.0,31.6
7897.5,31.7
7898.0,31.6
7898.5,31.6
7899.0,31.6
7899.5,31.7
7900.0,31.6
7900.5,31.6
7901.0,31.6
7901.5,31.6
7902.0,31.6
7902.5,31.6
7903.0,31.6
7903.5,31.6
7904.0,31.6
7904.5,31.6
7905.0,31.6
7905.5,31.6
7906.0,31.6
7906.5,31.6
7907.0,31.6
7907.5,31.6
7908.0,31.6
7908.5,31.6
7909.0,31.6
7909.5,31.6
7910.0,31.6
7910.5,31.6
7911.0,31.6
7911.5,31.6
7912.0,31.6
7912.5,31.6
7913.0,31.6
7913.5,31.6
7914.0,31.6
7914.5,31.6
7915.0,31.7
7915.5,31.6
7916.0,31.7
7916.5,31.6
7917.0,31.6
7917.5,31.6
7918.0,31.6
7918.5,31.6
7919.0,31.6
7919.5,31.6
7920.0,31.6
7920.5,31.6
7921.0,31.6
7921.5,31.6
7922.0,31.6
7922.5,31.6
7923.0,31.6
7923.5,31.6
7924.0,31.6
7924.5,31.6
7925.0,31.6
7925.5,31.6
7926.0,31.6
7926.5,31.6
7927.0,31.6
7927.5,31.6
7928.0,31.6
7928.5,31.6
7929.0,31.6
7929.5,31.6
7930.0,31.6
7930.5,31.6
7931.0,31.6
7931.5,31.6
7932.0,31.6
7932.5,31.6
7933.0,31.5
7933.5,31.6
7934.0,31.6
7934.5,31.6
7935.0,31.6
7935.5,31.6
7936.0,31.6
7936.5,31.6
7937.0,31.6
7937.5,31.6
7938.0,31.6
7938.5,31.6
7939.0,31.6
7939.5,31.6
7940.0,31.6
7940.5,31.6
7941.0,31.6
7941.5,31.6
7942.0,31.6
7942.5,31.6
7943.0,31.6
7943.5,31.5
7944.0,31.6
7944.5,31.6
7945.0,31.6
7945.5,31.6
7946.0,31.6
7946.5,31.6
7947.0,31.6
7947.5,31.6
7948.0,31.6
7948.5,31.6
7949.0,31.6
7949.5,31.6
7950.0,31.6
7950.5,31.6
7951.0,31.6
7951.5,31.6
7952.0,31.6
7952.5,31.6
7953.0,31.5
7953.5,31.6
7954.0,31.6
7954.5,31.6
7955.0,31.6
7955.5,31.6
7956.0,31.6
7956.5,31.6
7957.0,31.6
7957.5,31.6
7958.0,31.6
7958.5,31.6
7959.0,31.6
7959.5,31.6
7960.0,31.6
7960.5,31.6
7961.0,31.6
7961.5,31.6
7962.0,31.6
7962.5,31.6
7963.0,31.6
7963.5,31.6
7964.0,31.6
7964.5,31.6
7965.0,31.6
7965.5,31.6
7966.0,31.6
7966.5,31.6
7967.0,31.6
7967.5,31.6
7968.0,31.6
7968.5,31.6
7969.0,31.5
7969.5,31.6
7970.0,31.5
7970.5,31.6
7971.0,31.6
7971.5,31.6
7972.0,31.6
7972.5,31.6
7973.0,31.6
7973.5,31.6
7974.0,31.6
7974.5,31.6
7975.0,31.6
7975.5,31.6
7976.0,31.6
7976.5,31.6
7977.0,31.6
7977.5,31.6
7978.0,31.6
7978.5,31.6
7979.0,31.6
7979.5,31.6
7980.0,31.6
7980.5,31.6
7981.0,31.6
7981.5,31.6
7982.0,31.6
7982.5,31.6
7983.0,31.5
7983.5,31.6
7984.0,31.6
7984.5,31.6
7985.0,31.6
7985.5,31.5
7986.0,31.5
7986.5,31.6
7987.0,31.5
7987.5,31.6
7988.0,31.6
7988.5,31.6
7989.0,31.6
7989.5,31.6
7990.0,31.6
7990.5,31.6
7991.0,31.5
7991.5,31.5
7992.0,31.5
7992.5,31.6
7993.0,31.5
7993.5,31.5
7994.0,31.6
7994.5,31.6
7995.0,31.6
7995.5,31.6
7996.0,31.6
7996.5,31.6
7997.0,31.6
7997.5,31.6
7998.0,31.6
7998.5,31.6
7999.0,31.5
7999.5,31.6
8000.0,31.5
8000.5,31.6
8001.0,31.6
8001.5,31.5
8002.0,31.6
8002.5,31.5
8003.0,31.5
8003.5,31.6
8004.0,31.6
8004.5,31.6
8005.0,31.5
8005.5,31.6
8006.0,31.6
8006.5,31.6
8007.0,31.5
8007.5,31.6
8008.0,31.6
8008.5,31.6
8009.0,31.5
8009.5,31.6
8010.0,31.5
8010.5,31.6
8011.0,31.5
8011.5,31.6
8012.0,31.5
8012.5,31.5
8013.0,31.6
8013.5,31.6
8014.0,31.5
8014.5,31.5
8015.0,31.5
8015.5,31.6
8016.0,31.6
8016.5,31.6
8017.0,31.5
8017.5,31.5
8018.0,31.6
8018.5,31.5
8019.0,31.6
8019.5,31.5
8020.0,31.5
8020.5,31.6
8021.0,31.5
8021.5,31.6
8022.0,31.6
8022.5,31.6
8023.0,31.6
8023.5,31.6
8024.0,31.6
8024.5,31.6
8025.0,31.6
8025.5,31.6
8026.0,31.6
8026.5,31.6
8027.0,31.5
8027.5,31.6
8028.0,31.6
8028.5,31.6
8029.0,31.6
8029.5,31.5
8030.0,31.6
8030.5,31.6
8031.0,31.6
8031.5,31.6
8032.0,31.6
8032.5,31.5
8033.0,31.6
8033.5,31.6
8034.0,31.6
8034.5,31.6
8035.0,31.6
8035.5,31.6
8036.0,31.5
8036.5,31.6
8037.0,31.6
8037.5,31.5
8038.0,31.6
8038.5,31.5
8039.0,31.5
8039.5,31.6
8040.0,31.6
8040.5,31.6
8041.0,31.6
8041.5,31.6
8042.0,31.6
8042.5,31.5
8043.0,31.6
8043.5,31.6
8044.0,31.6
8044.5,31.6
8045.0,31.6
8045.5,31.6
8046.0,31.6
8046.5,31.6
8047.0,31.6
8047.5,31.6
8048.0,31.6
8048.5,31.6
8049.0,31.6
8049.5,31.6
8050.0,31.6
8050.5,31.6
8051.0,31.6
8051.5,31.6
8052.0,31.6
8052.5,31.6
8053.0,31.6
8053.5,31.5
8054.0,31.6
8054.5,31.6
8055.0,31.6
8055.5,31.6
8056.0,31.6
8056.5,31.6
8057.0,31.6
8057.5,31.6
8058.0,31.6
8058.5,31.6
8059.0,31.5
8059.5,31.6
8060.0,31.6
8060.5,31.6
8061.0,31.6
8061.5,31.6
8062.0,31.6
8062.5,31.6
8063.0,31.6
8063.5,31.6
8064.0,31.6
8064.5,31.6
8065.0,31.6
8065.5,31.6
8066.0,31.6
8066.5,31.6
8067.0,31.6
8067.5,31.6
8068.0,31.6
8068.5,31.6
8069.0,31.6
8069.5,31.6
8070.0,31.6
8070.5,31.6
8071.0,31.6
8071.5,31.6
8072.0,31.6
8072.5,31.6
8073.0,31.6
8073.5,31.6
8074.0,31.6
8074.5,31.6
8075.0,31.6
8075.5,31.6
8076.0,31.6
8076.5,31.6
8077.0,31.6
8077.5,31.6
8078.0,31.6
8078.5,31.6
8079.0,31.6
8079.5,31.6
8080.0,31.6
8080.5,31.6
8081.0,31.6
8081.5,31.6
8082.0,31.6
8082.5,31.6
8083.0,31.6
8083.5,31.6
8084.0,31.6
8084.5,31.6
8085.0,31.6
8085.5,31.6
8086.0,31.6
8086.5,31.6
8087.0,31.6
8087.5,31.6
8088.0,31.6
8088.5,31.6
8089.0,31.6
8089.5,31.6
8090.0,31.6
8090.5,31.6
8091.0,31.6
8091.5,31.6
8092.0,31.6
8092.5,31.6
8093.0,31.6
8093.5,31.6
8094.0,31.6
8094.5,31.6
8095.0,31.6
8095.5,31.6
8096.0,31.6
8096.5,31.6
8097.0,31.6
8097.5,31.6
8098.0,31.6
8098.5,31.6
8099.0,31.6
8099.5,31.6
8100.0,31.6
8100.5,31.6
8101.0,31.6
8101.5,31.6
8102.0,31.6
8102.5,31.6
8103.0,31.6
8103.5,31.6
8104.0,31.6
8104.5,31.6
8105.0,31.6
8105.5,31.6
8106.0,31.6
8106.5,31.6
8107.0,31.6
8107.5,31.6
8108.0,31.6
8108.5,31.6
8109.0,31.6
8109.5,31.6
8110.0,31.6
8110.5,31.6
8111.0,31.6
8111.5,31.6
8112.0,31.6
8112.5,31.6
8113.0,31.6
8113.5,31.6
8114.0,31.6
8114.5,31.6
8115.0,31.6
8115.5,31.6
8116.0,31.6
8116.5,31.6
8117.0,31.6
8117.5,31.6
8118.0,31.6
8118.5,31.6
8119.0,31.6
8119.5,31.6
8120.0,31.6
8120.5,31.6
8121.0,31.6
8121.5,31.6
8122.0,31.6
8122.5,31.6
8123.0,31.6
8123.5,31.6
8124.0,31.6
8124.5,31.6
8125.0,31.6
8125.5,31.6
8126.0,31.6
8126.5,31.6
8127.0,31.6
8127.5,31.6
8128.0,31.6
8128.5,31.6
8129.0,31.6
8129.5,31.6
8130.0,31.6
8130.5,31.6
8131.0,31.6
8131.5,31.6
8132.0,31.6
8132.5,31.6
8133.0,31.6
8133.5,31.6
8134.0,31.6
8134.5,31.6
8135.0,31.6
8135.5,31.6
8136.0,31.6
8136.5,31.6
8137.0,31.6
8137.5,31.6
8138.0,31.6
8138.5,31.6
8139.0,31.6
8139.5,31.6
8140.0,31.6
8140.5,31.6
8141.0,31.6
8141.5,31.6
8142.0,31.6
8142.5,31.6
8143.0,31.6
8143.5,31.6
8144.0,31.6
8144.5,31.6
8145.0,31.6
8145.5,31.6
8146.0,31.6
8146.5,31.6
8147.0,31.6
8147.5,31.7
8148.0,31.6
8148.5,31.6
8149.0,31.6
8149.5,31.6
8150.0,31.6
8150.5,31.6
8151.0,31.6
8151.5,31.6
8152.0,31.6
8152.5,31.6
8153.0,31.6
8153.5,31.6
8154.0,31.7
8154.5,31.6
8155.0,31.6
8155.5,31.6
8156.0,31.6
8156.5,31.6
8157.0,31.6
8157.5,31.6
8158.0,31.6
8158.5,31.6
8159.0,31.6
8159.5,31.6
8160.0,31.7
8160.5,31.6
8161.0,31.7
8161.5,31.6
8162.0,31.7
8162.5,31.6
8163.0,31.6
8163.5,31.6
8164.0,31.6
8164.5,31.6
8165.0,31.6
8165.5,31.6
8166.0,31.6
8166.5,31.6
8167.0,31.7
8167.5,31.6
8168.0,31.6
8168.5,31.6
8169.0,31.6
8169.5,31.7
8170.0,31.6
8170.5,31.6
8171.0,31.6
8171.5,31.7
8172.0,31.7
8172.5,31.7
8173.0,31.7
8173.5,31.7
8174.0,31.6
8174.5,31.7
8175.0,31.6
8175.5,31.7
8176.0,31.6
8176.5,31.6
8177.0,31.6
8177.5,31.7
8178.0,31.6
8178.5,31.7
8179.0,31.6
8179.5,31.6
8180.0,31.6
8180.5,31.7
8181.0,31.6
8181.5,31.7
8182.0,31.7
8182.5,31.7
8183.0,31.7
8183.5,31.7
8184.0,31.7
8184.5,31.7
8185.0,31.7
8185.5,31.7
8186.0,31.7
8186.5,31.6
8187.0,31.7
8187.5,31.6
8188.0,31.6
8188.5,31.7
8189.0,31.7
8189.5,31.7
8190.0,31.7
8190.5,31.6
8191.0,31.6
8191.5,31.7
8192.0,31.7
8192.5,31.6
8193.0,31.7
8193.5,31.6
8194.0,31.7
8194.5,31.7
8195.0,31.6
8195.5,31.7
8196.0,31.7
8196.5,31.7
8197.0,31.6
8197.5,31.6
8198.0,31.7
8198.5,31.7
8199.0,31.7
8199.5,31.7
8200.0,31.6
8200.5,31.6
8201.0,31.6
8201.5,31.7
8202.0,31.6
8202.5,31.7
8203.0,31.6
8203.5,31.7
8204.0,31.7
8204.5,31.6
8205.0,31.6
8205.5,31.7
8206.0,31.7
8206.5,31.7
8207.0,31.7
8207.5,31.6
8208.0,31.7
8208.5,31.7
8209.0,31.7
8209.5,31.7
8210.0,31.7
8210.5,31.7
8211.0,31.7
8211.5,31.7
8212.0,31.7
8212.5,31.7
8213.0,31.7
8213.5,31.7
8214.0,31.7
8214.5,31.7
8215.0,31.7
8215.5,31.7
8216.0,31.7
8216.5,31.7
8217.0,31.7
8217.5,31.7
8218.0,31.7
8218.5,31.7
8219.0,31.7
8219.5,31.7
8220.0,31.7
8220.5,31.7
8221.0,31.7
8221.5,31.6
8222.0,31.7
8222.5,31.7
8223.0,31.7
8223.5,31.7
8224.0,31.7
8224.5,31.7
8225.0,31.7
8225.5,31.7
8226.0,31.7
8226.5,31.7
8227.0,31.7
8227.5,31.7
8228.0,31.7
8228.5,31.7
8229.0,31.7
8229.5,31.7
8230.0,31.7
8230.5,31.7
8231.0,31.7
8231.5,31.7
8232.0,31.7
8232.5,31.7
8233.0,31.7
8233.5,31.7
8234.0,31.7
8234.5,31.7
8235.0,31.7
8235.5,31.7
8236.0,31.7
8236.5,31.7
8237.0,31.7
8237.5,31.7
8238.0,31.7
8238.5,31.7
8239.0,31.7
8239.5,31.7
8240.0,31.7
8240.5,31.7
8241.0,31.7
8241.5,31.7
8242.0,31.7
8242.5,31.7
8243.0,31.7
8243.5,31.7
8244.0,31.7
8244.5,31.7
8245.0,31.7
8245.5,31.7
8246.0,31.7
8246.5,31.7
8247.0,31.7
8247.5,31.7
8248.0,31.7
8248.5,31.7
8249.0,31.7
8249.5,31.7
8250.0,31.7
8250.5,31.7
8251.0,31.7
8251.5,31.7
8252.0,31.7
8252.5,31.7
8253.0,31.7
8253.5,31.7
8254.0,31.7
8254.5,31.7
8255.0,31.7
8255.5,31.7
8256.0,31.7
8256.5,31.7
8257.0,31.7
8257.5,31.8
8258.0,31.7
8258.5,31.7
8259.0,31.7
8259.5,31.7
8260.0,31.7
8260.5,31.7
8261.0,31.7
8261.5,31.7
8262.0,31.8
8262.5,31.7
8263.0,31.7
8263.5,31.7
8264.0,31.7
8264.5,31.7
8265.0,31.7
8265.5,31.7
8266.0,31.8
8266.5,31.7
8267.0,31.8
8267.5,31.7
8268.0,31.7
8268.5,31.8
8269.0,31.7
8269.5,31.7
8270.0,31.8
8270.5,31.7
8271.0,31.7
8271.5,31.7
8272.0,31.8
8272.5,31.7
8273.0,31.7
8273.5,31.8
8274.0,31.8
8274.5,31.7
8275.0,31.7
8275.5,31.7
8276.0,31.8
8276.5,31.8
8277.0,31.7
8277.5,31.7
8278.0,31.7
8278.5,31.7
8279.0,31.8
8279.5,31.8
8280.0,31.8
8280.5,31.8
8281.0,31.7
8281.5,31.7
8282.0,31.7
8282.5,31.8
8283.0,31.7
8283.5,31.8
8284.0,31.7
8284.5,31.8
8285.0,31.8
8285.5,31.8
8286.0,31.8
8286.5,31.8
8287.0,31.8
8287.5,31.8
8288.0,31.7
8288.5,31.8
8289.0,31.8
8289.5,31.7
8290.0,31.7
8290.5,31.8
8291.0,31.8
8291.5,31.8
8292.0,31.8
8292.5,31.8
8293.0,31.7
8293.5,31.8
8294.0,31.8
8294.5,31.8
8295.0,31.8
8295.5,31.8
8296.0,31.8
8296.5,31.8
8297.0,31.8
8297.5,31.8
8298.0,31.8
8298.5,31.8
8299.0,31.8
8299.5,31.8
8300.0,31.8
8300.5,31.8
8301.0,31.8
8301.5,31.8
8302.0,31.7
8302.5,31.8
8303.0,31.8
8303.5,31.8
8304.0,31.8
8304.5,31.8
8305.0,31.8
8305.5,31.8
8306.0,31.8
8306.5,31.8
8307.0,31.8
8307.5,31.8
8308.0,31.8
8308.5,31.8
8309.0,31.8
8309.5,31.8
8310.0,31.8
8310.5,31.8
8311.0,31.8
8311.5,31.8
8312.0,31.8
8312.5,31.8
8313.0,31.8
8313.5,31.8
8314.0,31.8
8314.5,31.8
8315.0,31.8
8315.5,31.8
8316.0,31.8
8316.5,31.8
8317.0,31.8
8317.5,31.8
8318.0,31.8
8318.5,31.8
8319.0,31.8
8319.5,31.8
8320.0,31.8
8320.5,31.8
8321.0,31.8
8321.5,31.9
8322.0,31.8
8322.5,31.8
8323.0,31.8
8323.5,31.8
8324.0,31.8
8324.5,31.9
8325.0,31.8
8325.5,31.8
8326.0,31.8
8326.5,31.8
8327.0,31.8
8327.5,31.8
8328.0,31.8
8328.5,31.8
8329.0,31.8
8329.5,31.8
8330.0,31.9
8330.5,31.8
8331.0,31.8
8331.5,31.8
8332.0,31.8
8332.5,31.8
8333.0,31.8
8333.5,31.8
8334.0,31.8
8334.5,31.9
8335.0,31.8
8335.5,31.8
8336.0,31.8
8336.5,31.8
8337.0,31.8
8337.5,31.8
8338.0,31.9
8338.5,31.8
8339.0,31.8
8339.5,31.9
8340.0,31.8
8340.5,31.8
8341.0,31.9
8341.5,31.8
8342.0,31.9
8342.5,31.9
8343.0,31.8
8343.5,31.8
8344.0,31.9
8344.5,31.8
8345.0,31.8
8345.5,31.9
8346.0,31.8
8346.5,31.9
8347.0,31.9
8347.5,31.9
8348.0,31.9
8348.5,31.8
8349.0,31.9
8349.5,31.8
8350.0,31.9
8350.5,31.8
8351.0,31.8
8351.5,31.8
8352.0,31.9
8352.5,31.9
8353.0,31.8
8353.5,31.8
8354.0,31.9
8354.5,31.9
8355.0,31.9
8355.5,31.9
8356.0,31.8
8356.5,31.8
8357.0,31.9
8357.5,31.9
8358.0,31.9
8358.5,31.9
8359.0,31.9
8359.5,31.8
8360.0,31.9
8360.5,31.9
8361.0,31.8
8361.5,31.9
8362.0,31.9
8362.5,31.9
8363.0,31.9
8363.5,31.9
8364.0,31.8
8364.5,31.8
8365.0,31.8
8365.5,31.9
8366.0,31.9
8366.5,31.9
8367.0,31.9
8367.5,31.9
8368.0,31.9
8368.5,31.9
8369.0,31.9
8369.5,31.9
8370.0,31.9
8370.5,31.8
8371.0,31.8
8371.5,31.9
8372.0,31.9
8372.5,31.9
8373.0,31.9
8373.5,31.9
8374.0,31.9
8374.5,31.9
8375.0,31.9
8375.5,31.9
8376.0,31.9
8376.5,31.9
8377.0,31.9
8377.5,31.9
8378.0,31.9
8378.5,31.9
8379.0,31.9
8379.5,31.9
8380.0,31.9
8380.5,31.9
8381.0,31.9
8381.5,31.9
8382.0,31.9
8382.5,31.9
8383.0,31.9
8383.5,31.9
8384.0,31.9
8384.5,31.9
8385.0,31.9
8385.5,31.9
8386.0,31.9
8386.5,31.9
8387.0,31.9
8387.5,31.9
8388.0,31.9
8388.5,31.9
8389.0,31.9
8389.5,31.9
8390.0,31.9
8390.5,31.9
8391.0,31.9
8391.5,31.9
8392.0,31.8
8392.5,31.9
8393.0,31.9
8393.5,31.9
8394.0,31.9
8394.5,31.9
8395.0,31.9
8395.5,31.9
8396.0,31.9
8396.5,31.9
8397.0,31.9
8397.5,31.9
8398.0,31.9
8398.5,31.9
8399.0,31.9
8399.5,31.8
8400.0,31.9
8400.5,31.9
8401.0,31.9
8401.5,31.9
8402.0,31.9
8402.5,31.9
8403.0,31.9
8403.5,31.9
8404.0,31.9
8404.5,31.9
8405.0,31.9
8405.5,31.8
8406.0,31.9
8406.5,31.9
8407.0,31.8
8407.5,31.9
8408.0,31.9
8408.5,31.9
8409.0,31.9
8409.5,31.9
8410.0,31.9
8410.5,31.9
8411.0,31.9
8411.5,31.9
8412.0,31.9
8412.5,31.9
8413.0,31.9
8413.5,31.9
8414.0,31.9
8414.5,31.9
8415.0,31.9
8415.5,31.9
8416.0,31.9
8416.5,31.9
8417.0,31.9
8417.5,31.9
8418.0,31.9
8418.5,31.9
8419.0,31.9
8419.5,31.9
8420.0,31.9
8420.5,31.9
8421.0,31.9
8421.5,31.9
8422.0,31.9
8422.5,31.9
8423.0,31.9
8423.5,31.9
8424.0,31.9
8424.5,31.9
8425.0,31.9
8425.5,31.9
8426.0,31.9
8426.5,31.9
8427.0,31.9
8427.5,31.9
8428.0,31.9
8428.5,31.9
8429.0,31.9
8429.5,31.9
8430.0,31.8
8430.5,31.9
8431.0,31.9
8431.5,31.9
8432.0,31.9
8432.5,31.9
8433.0,31.9
8433.5,31.9
8434.0,31.9
8434.5,31.9
8435.0,31.9
8435.5,31.9
8436.0,31.9
8436.5,31.9
8437.0,31.9
8437.5,31.9
8438.0,31.9
8438.5,31.9
8439.0,31.9
8439.5,31.9
8440.0,31.9
8440.5,31.9
8441.0,31.9
8441.5,31.9
8442.0,31.9
8442.5,31.9
8443.0,31.9
8443.5,31.9
8444.0,31.9
8444.5,31.9
8445.0,31.9
8445.5,31.9
8446.0,31.9
8446.5,31.9
8447.0,31.9
8447.5,31.9
8448.0,31.9
8448.5,31.9
8449.0,31.9
8449.5,31.9
8450.0,31.9
8450.5,31.9
8451.0,31.9
8451.5,31.9
8452.0,31.9
8452.5,31.9
8453.0,31.9
8453.5,31.8
8454.0,31.9
8454.5,31.9
8455.0,31.9
8455.5,31.9
8456.0,31.9
8456.5,31.9
8457.0,31.9
8457.5,31.9
8458.0,31.9
8458.5,31.8
8459.0,31.9
8459.5,31.8
8460.0,31.9
8460.5,31.9
8461.0,31.9
8461.5,31.9
8462.0,31.9
8462.5,31.9
8463.0,31.9
8463.5,31.9
8464.0,31.9
8464.5,31.9
8465.0,31.9
8465.5,31.9
8466.0,31.9
8466.5,31.9
8467.0,31.9
8467.5,31.9
8468.0,31.9
8468.5,31.8
8469.0,31.9
8469.5,31.9
8470.0,31.9
8470.5,31.9
8471.0,31.8
8471.5,31.9
8472.0,31.8
8472.5,31.9
8473.0,31.9
8473.5,31.9
8474.0,31.9
8474.5,31.9
8475.0,31.9
8475.5,31.9
8476.0,31.9
8476.5,31.9
8477.0,31.9
8477.5,31.9
8478.0,31.9
8478.5,31.9
8479.0,31.9
8479.5,31.9
8480.0,31.9
8480.5,31.9
8481.0,31.9
8481.5,31.8
8482.0,31.9
8482.5,31.9
8483.0,31.9
8483.5,31.9
8484.0,31.9
8484.5,31.9
8485.0,31.8
8485.5,31.9
8486.0,31.9
8486.5,31.8
8487.0,31.8
8487.5,31.8
8488.0,31.9
8488.5,31.9
8489.0,31.9
8489.5,31.9
8490.0,31.9
8490.5,31.9
8491.0,31.9
8491.5,31.9
8492.0,31.8
8492.5,31.9
8493.0,31.9
8493.5,31.9
8494.0,31.8
8494.5,31.9
8495.0,31.9
8495.5,31.8
8496.0,31.9
8496.5,31.8
8497.0,31.9
8497.5,31.8
8498.0,31.9
8498.5,31.8
8499.0,31.8
8499.5,31.9
8500.0,31.8
8500.5,31.8
8501.0,31.8
8501.5,31.9
8502.0,31.8
8502.5,31.8
8503.0,31.8
8503.5,31.8
8504.0,31.9
8504.5,31.9
8505.0,31.9
8505.5,31.9
8506.0,31.8
8506.5,31.9
8507.0,31.9
8507.5,31.8
8508.0,31.9
8508.5,31.8
8509.0,31.9
8509.5,31.8
8510.0,31.8
8510.5,31.9
8511.0,31.8
8511.5,31.8
8512.0,31.8
8512.5,31.8
8513.0,31.8
