Thoi_Gian_Giay,Nhiet_Do_C
0.0,30.7
0.5,30.7
1.0,30.7
1.5,30.7
2.0,30.7
2.5,30.7
3.0,30.7
3.5,30.7
4.0,30.7
4.5,30.7
5.0,30.7
5.5,30.7
6.0,30.7
6.5,30.7
7.0,30.7
7.5,30.7
8.0,30.7
8.5,30.7
9.0,30.7
9.5,30.7
10.0,30.7
10.5,30.7
11.0,30.7
11.5,30.7
12.0,30.7
12.5,30.7
13.0,30.7
13.5,30.7
14.0,30.7
14.5,30.7
15.0,30.7
15.5,30.7
16.0,30.7
16.5,30.7
17.0,30.7
17.5,30.7
18.0,30.7
18.5,30.7
19.0,30.7
19.5,30.7
20.0,30.7
20.5,30.7
21.0,30.7
21.5,30.7
22.0,30.7
22.5,30.7
23.0,30.7
23.5,30.7
24.0,30.7
24.5,30.7
25.0,30.7
25.5,30.7
26.0,30.7
26.5,30.7
27.0,30.7
27.5,30.7
28.0,30.7
28.5,30.7
29.0,30.7
29.5,30.7
30.0,30.7
30.5,30.7
31.0,30.7
31.5,30.7
32.0,30.6
32.5,30.7
33.0,30.7
33.5,30.7
34.0,30.7
34.5,30.7
35.0,30.7
35.5,30.7
36.0,30.7
36.5,30.7
37.0,30.7
37.5,30.7
38.0,30.7
38.5,30.7
39.0,30.7
39.5,30.7
40.0,30.7
40.5,30.7
41.0,30.7
41.5,30.6
42.0,30.7
42.5,30.6
43.0,30.7
43.5,30.6
44.0,30.7
44.5,30.7
45.0,30.7
45.5,30.7
46.0,30.7
46.5,30.7
47.0,30.6
47.5,30.6
48.0,30.6
48.5,30.7
49.0,30.7
49.5,30.7
50.0,30.6
50.5,30.7
51.0,30.7
51.5,30.6
52.0,30.7
52.5,30.6
53.0,30.7
53.5,30.7
54.0,30.7
54.5,30.7
55.0,30.6
55.5,30.6
56.0,30.6
56.5,30.6
57.0,30.7
57.5,30.6
58.0,30.6
58.5,30.6
59.0,30.7
59.5,30.7
60.0,30.6
60.5,30.6
61.0,30.6
61.5,30.6
62.0,30.6
62.5,30.6
63.0,30.6
63.5,30.6
64.0,30.6
64.5,30.6
65.0,30.6
65.5,30.6
66.0,30.6
66.5,30.6
67.0,30.6
67.5,30.6
68.0,30.6
68.5,30.6
69.0,30.6
69.5,30.6
70.0,30.6
70.5,30.6
71.0,30.6
71.5,30.6
72.0,30.6
72.5,30.6
73.0,30.6
73.5,30.6
74.0,30.6
74.5,30.6
75.0,30.6
75.5,30.6
76.0,30.6
76.5,30.6
77.0,30.6
77.5,30.6
78.0,30.6
78.5,30.6
79.0,30.6
79.5,30.6
80.0,30.6
80.5,30.6
81.0,30.6
81.5,30.6
82.0,30.6
82.5,30.6
83.0,30.6
83.5,30.5
84.0,30.6
84.5,30.6
85.0,30.6
85.5,30.6
86.0,30.6
86.5,30.6
87.0,30.6
87.5,30.6
88.0,30.6
88.5,30.6
89.0,30.6
89.5,30.6
90.0,30.6
90.5,30.5
91.0,30.6
91.5,30.6
92.0,30.6
92.5,30.6
93.0,30.6
93.5,30.6
94.0,30.5
94.5,30.6
95.0,30.5
95.5,30.5
96.0,30.6
96.5,30.6
97.0,30.5
97.5,30.5
98.0,30.6
98.5,30.6
99.0,30.5
99.5,30.5
100.0,30.5
100.5,30.6
101.0,30.5
101.5,30.5
102.0,30.6
102.5,30.5
103.0,30.5
103.5,30.5
104.0,30.5
104.5,30.5
105.0,30.5
105.5,30.6
106.0,30.5
106.5,30.5
107.0,30.5
107.5,30.5
108.0,30.5
108.5,30.5
109.0,30.5
109.5,30.5
110.0,30.5
110.5,30.5
111.0,30.5
111.5,30.5
112.0,30.5
112.5,30.5
113.0,30.5
113.5,30.5
114.0,30.5
114.5,30.5
115.0,30.5
115.5,30.5
116.0,30.5
116.5,30.5
117.0,30.5
117.5,30.5
118.0,30.5
118.5,30.5
119.0,30.5
119.5,30.5
120.0,30.5
120.5,30.5
121.0,30.5
121.5,30.5
122.0,30.5
122.5,30.5
123.0,30.5
123.5,30.5
124.0,30.5
124.5,30.4
125.0,30.5
125.5,30.5
126.0,30.4
126.5,30.5
127.0,30.5
127.5,30.5
128.0,30.4
128.5,30.5
129.0,30.5
129.5,30.5
130.0,30.4
130.5,30.5
131.0,30.4
131.5,30.4
132.0,30.4
132.5,30.4
133.0,30.5
133.5,30.4
134.0,30.5
134.5,30.4
135.0,30.4
135.5,30.4
136.0,30.4
136.5,30.4
137.0,30.4
137.5,30.4
138.0,30.4
138.5,30.4
139.0,30.4
139.5,30.4
140.0,30.4
140.5,30.4
141.0,30.4
141.5,30.4
142.0,30.4
142.5,30.4
143.0,30.4
143.5,30.4
144.0,30.4
144.5,30.4
145.0,30.4
145.5,30.4
146.0,30.4
146.5,30.4
147.0,30.4
147.5,30.4
148.0,30.4
148.5,30.4
149.0,30.4
149.5,30.4
150.0,30.4
150.5,30.4
151.0,30.4
151.5,30.4
152.0,30.4
152.5,30.4
153.0,30.4
153.5,30.4
154.0,30.4
154.5,30.4
155.0,30.4
155.5,30.4
156.0,30.4
156.5,30.4
157.0,30.4
157.5,30.4
158.0,30.4
158.5,30.4
159.0,30.4
159.5,30.4
160.0,30.4
160.5,30.4
161.0,30.4
161.5,30.3
162.0,30.4
162.5,30.4
163.0,30.4
163.5,30.4
164.0,30.4
164.5,30.4
165.0,30.4
165.5,30.4
166.0,30.4
166.5,30.3
167.0,30.4
167.5,30.4
168.0,30.4
168.5,30.3
169.0,30.4
169.5,30.4
170.0,30.4
170.5,30.3
171.0,30.4
171.5,30.3
172.0,30.4
172.5,30.4
173.0,30.3
173.5,30.4
174.0,30.3
174.5,30.4
175.0,30.3
175.5,30.4
176.0,30.4
176.5,30.4
177.0,30.3
177.5,30.4
178.0,30.3
178.5,30.4
179.0,30.3
179.5,30.4
180.0,30.3
180.5,30.3
181.0,30.4
181.5,30.4
182.0,30.4
182.5,30.3
183.0,30.3
183.5,30.4
184.0,30.3
184.5,30.3
185.0,30.4
185.5,30.3
186.0,30.4
186.5,30.3
187.0,30.4
187.5,30.4
188.0,30.4
188.5,30.3
189.0,30.3
189.5,30.3
190.0,30.3
190.5,30.4
191.0,30.3
191.5,30.3
192.0,30.3
192.5,30.3
193.0,30.3
193.5,30.3
194.0,30.3
194.5,30.3
195.0,30.3
195.5,30.3
196.0,30.4
196.5,30.3
197.0,30.3
197.5,30.3
198.0,30.3
198.5,30.3
199.0,30.3
199.5,30.3
200.0,30.3
200.5,30.3
201.0,30.3
201.5,30.3
202.0,30.3
202.5,30.3
203.0,30.3
203.5,30.3
204.0,30.3
204.5,30.3
205.0,30.3
205.5,30.3
206.0,30.3
206.5,30.3
207.0,30.3
207.5,30.3
208.0,30.3
208.5,30.3
209.0,30.3
209.5,30.3
210.0,30.3
210.5,30.3
211.0,30.3
211.5,30.3
212.0,30.3
212.5,30.3
213.0,30.3
213.5,30.3
214.0,30.3
214.5,30.3
215.0,30.3
215.5,30.3
216.0,30.3
216.5,30.3
217.0,30.3
217.5,30.3
218.0,30.3
218.5,30.3
219.0,30.3
219.5,30.3
220.0,30.3
220.5,30.3
221.0,30.3
221.5,30.3
222.0,30.3
222.5,30.3
223.0,30.3
223.5,30.3
224.0,30.3
224.5,30.3
225.0,30.3
225.5,30.3
226.0,30.3
226.5,30.3
227.0,30.3
227.5,30.3
228.0,30.3
228.5,30.2
229.0,30.3
229.5,30.3
230.0,30.3
230.5,30.2
231.0,30.3
231.5,30.3
232.0,30.3
232.5,30.3
233.0,30.3
233.5,30.3
234.0,30.2
234.5,30.3
235.0,30.3
235.5,30.3
236.0,30.3
236.5,30.3
237.0,30.3
237.5,30.3
238.0,30.3
238.5,30.3
239.0,30.3
239.5,30.3
240.0,30.3
240.5,30.2
241.0,30.3
241.5,30.3
242.0,30.3
242.5,30.3
243.0,30.3
243.5,30.3
244.0,30.3
244.5,30.3
245.0,30.3
245.5,30.2
246.0,30.3
246.5,30.2
247.0,30.3
247.5,30.2
248.0,30.3
248.5,30.3
249.0,30.3
249.5,30.2
250.0,30.2
250.5,30.3
251.0,30.3
251.5,30.2
252.0,30.3
252.5,30.3
253.0,30.2
253.5,30.3
254.0,30.3
254.5,30.3
255.0,30.2
255.5,30.2
256.0,30.3
256.5,30.2
257.0,30.2
257.5,30.3
258.0,30.3
258.5,30.2
259.0,30.2
259.5,30.2
260.0,30.3
260.5,30.2
261.0,30.2
261.5,30.3
262.0,30.2
262.5,30.2
263.0,30.3
263.5,30.3
264.0,30.2
264.5,30.2
265.0,30.2
265.5,30.2
266.0,30.2
266.5,30.3
267.0,30.2
267.5,30.2
268.0,30.2
268.5,30.2
269.0,30.3
269.5,30.2
270.0,30.2
270.5,30.2
271.0,30.2
271.5,30.2
272.0,30.2
272.5,30.3
273.0,30.2
273.5,30.2
274.0,30.2
274.5,30.2
275.0,30.2
275.5,30.2
276.0,30.3
276.5,30.2
277.0,30.2
277.5,30.2
278.0,30.2
278.5,30.2
279.0,30.2
279.5,30.2
280.0,30.3
280.5,30.2
281.0,30.2
281.5,30.2
282.0,30.2
282.5,30.2
283.0,30.3
283.5,30.2
284.0,30.2
284.5,30.2
285.0,30.3
285.5,30.2
286.0,30.2
286.5,30.2
287.0,30.2
287.5,30.2
288.0,30.2
288.5,30.2
289.0,30.2
289.5,30.2
290.0,30.2
290.5,30.2
291.0,30.2
291.5,30.2
292.0,30.2
292.5,30.2
293.0,30.2
293.5,30.2
294.0,30.2
294.5,30.2
295.0,30.2
295.5,30.2
296.0,30.2
296.5,30.2
297.0,30.2
297.5,30.2
298.0,30.2
298.5,30.2
299.0,30.2
299.5,30.2
300.0,30.2
300.5,30.2
301.0,30.2
301.5,30.2
302.0,30.2
302.5,30.2
303.0,30.2
303.5,30.2
304.0,30.2
304.5,30.2
305.0,30.2
305.5,30.2
306.0,30.2
306.5,30.2
307.0,30.2
307.5,30.2
308.0,30.2
308.5,30.2
309.0,30.2
309.5,30.2
310.0,30.2
310.5,30.2
311.0,30.2
311.5,30.2
312.0,30.2
312.5,30.2
313.0,30.2
313.5,30.2
314.0,30.2
314.5,30.2
315.0,30.2
315.5,30.2
316.0,30.2
316.5,30.2
317.0,30.2
317.5,30.2
318.0,30.2
318.5,30.2
319.0,30.2
319.5,30.2
320.0,30.2
320.5,30.2
321.0,30.2
321.5,30.1
322.0,30.2
322.5,30.2
323.0,30.2
323.5,30.2
324.0,30.2
324.5,30.2
325.0,30.2
325.5,30.2
326.0,30.2
326.5,30.2
327.0,30.2
327.5,30.2
328.0,30.2
328.5,30.2
329.0,30.2
329.5,30.2
330.0,30.1
330.5,30.2
331.0,30.2
331.5,30.2
332.0,30.2
332.5,30.2
333.0,30.2
333.5,30.2
334.0,30.1
334.5,30.2
335.0,30.2
335.5,30.2
336.0,30.2
336.5,30.1
337.0,30.2
337.5,30.2
338.0,30.1
338.5,30.2
339.0,30.2
339.5,30.2
340.0,30.2
340.5,30.1
341.0,30.2
341.5,30.2
342.0,30.1
342.5,30.2
343.0,30.1
343.5,30.2
344.0,30.1
344.5,30.2
345.0,30.2
345.5,30.1
346.0,30.1
346.5,30.2
347.0,30.2
347.5,30.2
348.0,30.2
348.5,30.1
349.0,30.2
349.5,30.2
350.0,30.2
350.5,30.2
351.0,30.2
351.5,30.1
352.0,30.1
352.5,30.1
353.0,30.2
353.5,30.1
354.0,30.2
354.5,30.2
355.0,30.2
355.5,30.1
356.0,30.2
356.5,30.2
357.0,30.1
357.5,30.2
358.0,30.2
358.5,30.2
359.0,30.2
359.5,30.2
360.0,30.2
360.5,30.1
361.0,30.2
361.5,30.1
362.0,30.1
362.5,30.1
363.0,30.1
363.5,30.2
364.0,30.1
364.5,30.2
365.0,30.1
365.5,30.1
366.0,30.2
366.5,30.1
367.0,30.2
367.5,30.1
368.0,30.2
368.5,30.1
369.0,30.2
369.5,30.1
370.0,30.2
370.5,30.1
371.0,30.1
371.5,30.1
372.0,30.1
372.5,30.1
373.0,30.2
373.5,30.1
374.0,30.2
374.5,30.1
375.0,30.1
375.5,30.1
376.0,30.1
376.5,30.2
377.0,30.1
377.5,30.1
378.0,30.1
378.5,30.1
379.0,30.1
379.5,30.1
380.0,30.1
380.5,30.1
381.0,30.1
381.5,30.1
382.0,30.1
382.5,30.1
383.0,30.1
383.5,30.2
384.0,30.1
384.5,30.1
385.0,30.1
385.5,30.2
386.0,30.1
386.5,30.2
387.0,30.1
387.5,30.1
388.0,30.1
388.5,30.1
389.0,30.1
389.5,30.1
390.0,30.1
390.5,30.1
391.0,30.1
391.5,30.1
392.0,30.1
392.5,30.1
393.0,30.1
393.5,30.1
394.0,30.1
394.5,30.1
395.0,30.1
395.5,30.1
396.0,30.1
396.5,30.1
397.0,30.1
397.5,30.1
398.0,30.1
398.5,30.1
399.0,30.1
399.5,30.1
400.0,30.1
400.5,30.1
401.0,30.1
401.5,30.1
402.0,30.1
402.5,30.1
403.0,30.1
403.5,30.1
404.0,30.2
404.5,30.1
405.0,30.1
405.5,30.1
406.0,30.1
406.5,30.1
407.0,30.1
407.5,30.1
408.0,30.1
408.5,30.1
409.0,30.1
409.5,30.1
410.0,30.1
410.5,30.1
411.0,30.1
411.5,30.1
412.0,30.1
412.5,30.1
413.0,30.1
413.5,30.1
414.0,30.1
414.5,30.1
415.0,30.1
415.5,30.1
416.0,30.1
416.5,30.1
417.0,30.1
417.5,30.1
418.0,30.1
418.5,30.1
419.0,30.1
419.5,30.1
420.0,30.1
420.5,30.1
421.0,30.1
421.5,30.1
422.0,30.1
422.5,30.1
423.0,30.1
423.5,30.1
424.0,30.1
424.5,30.1
425.0,30.1
425.5,30.1
426.0,30.1
426.5,30.1
427.0,30.1
427.5,30.1
428.0,30.1
428.5,30.1
429.0,30.1
429.5,30.1
430.0,30.1
430.5,30.1
431.0,30.1
431.5,30.1
432.0,30.1
432.5,30.1
433.0,30.1
433.5,30.1
434.0,30.1
434.5,30.1
435.0,30.1
435.5,30.1
436.0,30.1
436.5,30.1
437.0,30.1
437.5,30.1
438.0,30.1
438.5,30.1
439.0,30
439.5,30.1
440.0,30
440.5,30.1
441.0,30.1
441.5,30.1
442.0,30.1
442.5,30.1
443.0,30.1
443.5,30.1
444.0,30
444.5,30
445.0,30
445.5,30.1
446.0,30.1
446.5,30.1
447.0,30.1
447.5,30.1
448.0,30
448.5,30.1
449.0,30
449.5,30.1
450.0,30
450.5,30.1
451.0,30.1
451.5,30
452.0,30.1
452.5,30
453.0,30
453.5,30
454.0,30
454.5,30.1
455.0,30
455.5,30
456.0,30
456.5,30
457.0,30.1
457.5,30
458.0,30
458.5,30
459.0,30
459.5,30
460.0,30
460.5,30.1
461.0,30
461.5,30
462.0,30
462.5,30
463.0,30
463.5,30
464.0,30
464.5,30
465.0,30
465.5,30
466.0,30
466.5,30
467.0,30
467.5,30
468.0,30
468.5,30
469.0,30
469.5,30
470.0,30
470.5,30
471.0,30
471.5,30
472.0,30
472.5,30
473.0,30
473.5,30
474.0,30
474.5,30
475.0,30
475.5,30
476.0,30
476.5,30
477.0,30
477.5,30
478.0,30
478.5,30
479.0,30
479.5,30
480.0,30
480.5,30
481.0,30
481.5,30
482.0,30
482.5,30
483.0,30
483.5,30
484.0,30
484.5,30
485.0,30
485.5,30
486.0,30
486.5,30
487.0,30
487.5,30
488.0,30
488.5,30
489.0,30
489.5,30
490.0,30
490.5,30
491.0,30
491.5,30
492.0,30
492.5,30
493.0,30
493.5,30
494.0,30
494.5,30
495.0,30
495.5,30
496.0,30
496.5,30
497.0,30
497.5,30
498.0,30
498.5,30
499.0,30
499.5,30
500.0,30
500.5,30
501.0,30
501.5,30
502.0,30
502.5,30
503.0,30
503.5,30
504.0,30
504.5,30
505.0,30
505.5,30
506.0,30
506.5,30
507.0,30
507.5,30
508.0,30
508.5,30
509.0,30
509.5,30
510.0,30
510.5,30
511.0,30
511.5,30
512.0,30
512.5,30
513.0,30
513.5,30
514.0,30
514.5,30
515.0,30
515.5,30
516.0,30
516.5,30
517.0,30
517.5,30
518.0,30
518.5,30
519.0,30
519.5,30
520.0,30
520.5,30
521.0,30
521.5,30
522.0,30
522.5,30
523.0,30
523.5,30
524.0,30
524.5,30
525.0,30
525.5,30
526.0,30
526.5,30
527.0,30
527.5,30
528.0,30
528.5,29.9
529.0,30
529.5,30
530.0,30
530.5,30
531.0,30
531.5,30
532.0,30
532.5,30
533.0,30
533.5,30
534.0,30
534.5,30
535.0,29.9
535.5,29.9
536.0,30
536.5,30
537.0,30
537.5,30
538.0,30
538.5,30
539.0,30
539.5,30
540.0,30
540.5,30
541.0,30
541.5,30
542.0,30
542.5,30
543.0,30
543.5,30
544.0,30
544.5,30
545.0,30
545.5,30
546.0,30
546.5,30
547.0,30
547.5,30
548.0,30
548.5,30
549.0,30
549.5,30
550.0,30
550.5,30
551.0,30
551.5,30
552.0,30
552.5,30
553.0,30
553.5,30
554.0,30
554.5,30
555.0,30
555.5,30
556.0,30
556.5,30
557.0,30
557.5,30
558.0,30
558.5,30
559.0,30
559.5,30
560.0,30
560.5,30
561.0,30
561.5,30
562.0,29.9
562.5,30
563.0,30
563.5,30
564.0,30
564.5,30
565.0,30
565.5,30
566.0,30
566.5,30
567.0,30
567.5,30
568.0,30
568.5,30
569.0,30
569.5,30
570.0,30
570.5,30
571.0,30
571.5,30
572.0,30
572.5,30
573.0,30
573.5,30
574.0,30
574.5,30
575.0,30
575.5,30
576.0,30
576.5,30
577.0,30
577.5,30
578.0,30
578.5,29.9
579.0,30
579.5,30
580.0,30
580.5,30
581.0,30
581.5,30
582.0,30
582.5,30
583.0,30
583.5,30
584.0,30
584.5,30
585.0,30
585.5,30
586.0,30
586.5,30
587.0,30
587.5,30
588.0,30
588.5,30
589.0,30
589.5,30
590.0,30
590.5,30
591.0,30
591.5,30
592.0,30
592.5,30
593.0,30
593.5,30
594.0,30
594.5,30
595.0,30
595.5,30
596.0,30
596.5,30
597.0,30
597.5,30
598.0,30
598.5,30
599.0,29.9
599.5,30
600.0,30
600.5,30
601.0,30
601.5,30
602.0,30
602.5,30
603.0,30
603.5,30
604.0,30
604.5,30
605.0,30
605.5,30
606.0,30
606.5,30
607.0,30
607.5,30
608.0,30
608.5,30
609.0,30
609.5,30
610.0,30
610.5,30
611.0,30
611.5,30
612.0,30
612.5,30
613.0,30
613.5,30
614.0,30
614.5,30
615.0,29.9
615.5,30
616.0,30
616.5,29.9
617.0,30
617.5,30
618.0,30
618.5,30
619.0,29.9
619.5,29.9
620.0,30
620.5,30
621.0,30
621.5,29.9
622.0,30
622.5,30
623.0,30
623.5,30
624.0,30
624.5,30
625.0,30
625.5,30
626.0,29.9
626.5,30
627.0,30
627.5,30
628.0,29.9
628.5,30
629.0,29.9
629.5,29.9
630.0,30
630.5,30
631.0,30
631.5,30
632.0,29.9
632.5,29.9
633.0,30
633.5,30
634.0,30
634.5,30
635.0,30
635.5,29.9
636.0,29.9
636.5,29.9
637.0,30
637.5,30
638.0,30
638.5,29.9
639.0,30
639.5,29.9
640.0,30
640.5,30
641.0,29.9
641.5,30
642.0,29.9
642.5,30
643.0,30
643.5,30
644.0,30
644.5,29.9
645.0,30
645.5,29.9
646.0,30
646.5,30
647.0,29.9
647.5,30
648.0,29.9
648.5,30
649.0,30
649.5,29.9
650.0,30
650.5,30
651.0,30
651.5,30
652.0,30
652.5,29.9
653.0,29.9
653.5,29.9
654.0,30
654.5,30
655.0,29.9
655.5,30
656.0,30
656.5,30
657.0,30
657.5,30
658.0,29.9
658.5,30
659.0,30
659.5,30
660.0,30
660.5,29.9
661.0,30
661.5,30
662.0,30
662.5,30
663.0,29.9
663.5,29.9
664.0,29.9
664.5,29.9
665.0,29.9
665.5,29.9
666.0,29.9
666.5,30
667.0,29.9
667.5,30
668.0,30
668.5,30
669.0,29.9
669.5,30
670.0,29.9
670.5,30
671.0,29.9
671.5,29.9
672.0,30
672.5,29.9
673.0,30
673.5,29.9
674.0,30
674.5,29.9
675.0,29.9
675.5,30
676.0,30
676.5,29.9
677.0,29.9
677.5,29.9
678.0,30
678.5,29.9
679.0,30
679.5,29.9
680.0,29.9
680.5,29.9
681.0,29.9
681.5,29.9
682.0,29.9
682.5,30
683.0,29.9
683.5,29.9
684.0,29.9
684.5,29.9
685.0,29.9
685.5,29.9
686.0,30
686.5,29.9
687.0,29.9
687.5,30
688.0,29.9
688.5,29.9
689.0,29.9
689.5,30
690.0,29.9
690.5,30
691.0,29.9
691.5,29.9
692.0,29.9
692.5,29.9
693.0,30
693.5,30
694.0,29.9
694.5,29.9
695.0,30
695.5,29.9
696.0,30
696.5,29.9
697.0,30
697.5,29.9
698.0,29.9
698.5,29.9
699.0,29.9
699.5,29.9
700.0,29.9
700.5,30
701.0,29.9
701.5,29.9
702.0,29.9
702.5,29.9
703.0,29.9
703.5,30
704.0,29.9
704.5,29.9
705.0,30
705.5,29.9
706.0,29.9
706.5,29.9
707.0,29.9
707.5,29.9
708.0,29.9
708.5,30
709.0,29.9
709.5,29.9
710.0,29.9
710.5,29.9
711.0,29.9
711.5,29.9
712.0,29.9
712.5,29.9
713.0,29.9
713.5,29.9
714.0,29.9
714.5,29.9
715.0,29.9
715.5,29.9
716.0,29.9
716.5,29.9
717.0,29.9
717.5,30
718.0,29.9
718.5,29.9
719.0,29.9
719.5,29.9
720.0,29.9
720.5,29.9
721.0,29.9
721.5,29.9
722.0,29.9
722.5,29.9
723.0,29.9
723.5,29.9
724.0,30
724.5,29.9
725.0,30
725.5,29.9
726.0,30
726.5,30
727.0,29.9
727.5,29.9
728.0,29.9
728.5,29.9
729.0,29.9
729.5,29.9
730.0,29.9
730.5,29.9
731.0,29.9
731.5,29.9
732.0,29.9
732.5,29.9
733.0,29.9
733.5,30
734.0,29.9
734.5,29.9
735.0,29.9
735.5,29.9
736.0,29.9
736.5,29.9
737.0,30
737.5,29.9
738.0,29.9
738.5,29.9
739.0,29.9
739.5,29.9
740.0,29.9
740.5,29.9
741.0,30
741.5,29.9
742.0,29.9
742.5,29.9
743.0,29.9
743.5,29.9
744.0,29.9
744.5,29.9
745.0,29.9
745.5,29.9
746.0,29.9
746.5,29.9
747.0,29.9
747.5,29.9
748.0,29.9
748.5,29.9
749.0,29.9
749.5,29.9
750.0,30
750.5,29.9
751.0,29.9
751.5,29.9
752.0,29.9
752.5,29.9
753.0,29.9
753.5,29.9
754.0,29.9
754.5,29.9
755.0,30
755.5,29.9
756.0,29.9
756.5,29.9
757.0,29.9
757.5,29.9
758.0,29.9
758.5,29.9
759.0,29.9
759.5,30
760.0,29.9
760.5,29.9
761.0,29.9
761.5,29.9
762.0,29.9
762.5,29.9
763.0,29.9
763.5,29.9
764.0,29.9
764.5,29.9
765.0,29.9
765.5,29.9
766.0,29.9
766.5,29.9
767.0,29.9
767.5,29.9
768.0,29.9
768.5,29.9
769.0,29.9
769.5,29.9
770.0,30
770.5,29.9
771.0,29.9
771.5,29.9
772.0,29.9
772.5,29.9
773.0,29.9
773.5,29.9
774.0,30
774.5,29.9
775.0,29.9
775.5,29.9
776.0,29.9
776.5,29.9
777.0,29.9
777.5,29.9
778.0,29.9
778.5,29.9
779.0,29.9
779.5,29.9
780.0,29.9
780.5,29.9
781.0,29.9
781.5,30
782.0,29.9
782.5,29.9
783.0,29.9
783.5,29.9
784.0,29.9
784.5,29.9
785.0,29.9
785.5,29.9
786.0,29.9
786.5,29.9
787.0,30
787.5,29.9
788.0,29.9
788.5,29.9
789.0,29.9
789.5,29.9
790.0,29.9
790.5,29.9
791.0,29.9
791.5,29.9
792.0,29.9
792.5,29.9
793.0,29.9
793.5,29.9
794.0,29.9
794.5,29.9
795.0,29.9
795.5,29.9
796.0,30
796.5,29.9
797.0,29.9
797.5,29.9
798.0,29.9
798.5,29.9
799.0,29.9
799.5,29.9
800.0,29.9
800.5,29.9
801.0,29.9
801.5,29.9
802.0,29.9
802.5,29.9
803.0,29.9
803.5,29.9
804.0,29.9
804.5,29.9
805.0,29.9
805.5,30
806.0,29.9
806.5,29.9
807.0,29.9
807.5,29.9
808.0,29.9
808.5,29.9
809.0,29.9
809.5,29.9
810.0,29.9
810.5,29.9
811.0,29.9
811.5,29.9
812.0,29.9
812.5,29.9
813.0,29.9
813.5,29.9
814.0,29.9
814.5,29.9
815.0,29.9
815.5,29.9
816.0,29.9
816.5,29.9
817.0,29.9
817.5,29.9
818.0,29.9
818.5,29.9
819.0,29.9
819.5,29.9
820.0,29.9
820.5,29.9
821.0,29.9
821.5,29.9
822.0,29.9
822.5,29.9
823.0,29.9
823.5,29.9
824.0,29.9
824.5,29.9
825.0,29.9
825.5,29.9
826.0,29.9
826.5,29.9
827.0,29.9
827.5,29.9
828.0,29.9
828.5,29.9
829.0,29.9
829.5,29.9
830.0,29.9
830.5,29.9
831.0,29.9
831.5,29.9
832.0,29.9
832.5,29.9
833.0,29.9
833.5,29.9
834.0,29.9
834.5,29.9
835.0,29.9
835.5,29.9
836.0,29.9
836.5,30
837.0,29.9
837.5,29.9
838.0,29.9
838.5,29.9
839.0,29.9
839.5,29.9
840.0,29.9
840.5,29.9
841.0,29.9
841.5,29.9
842.0,29.9
842.5,29.9
843.0,29.9
843.5,29.9
844.0,29.9
844.5,29.9
845.0,29.9
845.5,29.9
846.0,29.9
846.5,29.9
847.0,29.9
847.5,29.9
848.0,29.9
848.5,29.9
849.0,29.9
849.5,30
850.0,29.9
850.5,29.9
851.0,29.9
851.5,29.9
852.0,29.9
852.5,29.9
853.0,29.9
853.5,29.9
854.0,29.9
854.5,29.9
855.0,29.9
855.5,29.9
856.0,29.9
856.5,29.9
857.0,29.9
857.5,29.9
858.0,29.9
858.5,29.9
859.0,29.9
859.5,29.9
860.0,29.9
860.5,29.9
861.0,29.9
861.5,29.9
862.0,30
862.5,29.9
863.0,29.9
863.5,29.9
864.0,29.9
864.5,29.9
865.0,29.9
865.5,29.9
866.0,29.9
866.5,29.9
867.0,29.9
867.5,29.9
868.0,29.9
868.5,29.9
869.0,29.9
869.5,29.9
870.0,29.9
870.5,29.9
871.0,29.9
871.5,29.9
872.0,29.9
872.5,29.9
873.0,29.9
873.5,29.9
874.0,29.9
874.5,29.9
875.0,29.9
875.5,29.9
876.0,29.9
876.5,29.9
877.0,29.9
877.5,29.9
878.0,29.9
878.5,29.9
879.0,29.9
879.5,29.9
880.0,29.9
880.5,29.9
881.0,29.9
881.5,29.9
882.0,29.9
882.5,29.9
883.0,29.9
883.5,29.9
884.0,29.9
884.5,29.9
885.0,29.9
885.5,29.9
886.0,29.9
886.5,29.9
887.0,29.9
887.5,29.9
888.0,29.9
888.5,29.9
889.0,29.9
889.5,29.9
890.0,29.9
890.5,29.9
891.0,29.9
891.5,29.9
892.0,29.9
892.5,29.9
893.0,29.9
893.5,29.9
894.0,29.9
894.5,29.9
895.0,29.9
895.5,29.9
896.0,29.9
896.5,29.9
897.0,29.9
897.5,29.9
898.0,29.9
898.5,29.9
899.0,29.9
899.5,29.9
900.0,29.9
900.5,29.9
901.0,29.9
901.5,29.9
902.0,29.9
902.5,29.9
903.0,29.9
903.5,29.9
904.0,29.9
904.5,29.9
905.0,29.9
905.5,29.9
906.0,29.9
906.5,29.9
907.0,29.9
907.5,29.9
908.0,29.9
908.5,29.9
909.0,30
909.5,29.9
910.0,29.9
910.5,29.9
911.0,29.9
911.5,29.9
912.0,29.9
912.5,29.9
913.0,29.9
913.5,29.9
914.0,29.9
914.5,29.9
915.0,29.9
915.5,29.9
916.0,29.9
916.5,29.9
917.0,29.9
917.5,29.9
918.0,29.9
918.5,29.9
919.0,29.9
919.5,29.9
920.0,29.9
920.5,29.9
921.0,29.9
921.5,29.9
922.0,29.9
922.5,29.9
923.0,29.9
923.5,29.9
924.0,29.9
924.5,29.9
925.0,29.9
925.5,29.9
926.0,29.9
926.5,29.9
927.0,29.9
927.5,29.9
928.0,29.9
928.5,29.9
929.0,29.9
929.5,29.9
930.0,29.9
930.5,29.9
931.0,29.9
931.5,29.9
932.0,29.9
932.5,29.9
933.0,29.9
933.5,29.9
934.0,29.9
934.5,29.9
935.0,29.8
935.5,29.9
936.0,29.9
936.5,29.9
937.0,29.9
937.5,29.9
938.0,29.9
938.5,29.9
939.0,29.9
939.5,29.9
940.0,29.8
940.5,29.9
941.0,29.9
941.5,29.9
942.0,29.9
942.5,29.9
943.0,29.9
943.5,29.9
944.0,29.9
944.5,29.9
945.0,29.9
945.5,29.9
946.0,29.9
946.5,29.9
947.0,29.9
947.5,29.9
948.0,29.9
948.5,29.9
949.0,29.9
949.5,29.9
950.0,29.9
950.5,29.9
951.0,29.8
951.5,29.9
952.0,29.9
952.5,29.9
953.0,29.9
953.5,29.9
954.0,29.9
954.5,29.9
955.0,29.9
955.5,29.9
956.0,29.9
956.5,29.9
957.0,29.9
957.5,29.9
958.0,29.9
958.5,29.9
959.0,29.9
959.5,29.9
960.0,29.9
960.5,29.9
961.0,29.9
961.5,29.8
962.0,29.9
962.5,29.9
963.0,29.9
963.5,29.9
964.0,29.8
964.5,29.9
965.0,29.9
965.5,29.9
966.0,29.9
966.5,29.9
967.0,29.9
967.5,29.9
968.0,29.9
968.5,29.9
969.0,29.9
969.5,29.8
970.0,29.9
970.5,29.9
971.0,29.9
971.5,29.9
972.0,29.9
972.5,29.9
973.0,29.9
973.5,29.9
974.0,29.9
974.5,29.9
975.0,29.9
975.5,29.9
976.0,29.9
976.5,29.8
977.0,29.9
977.5,29.9
978.0,29.9
978.5,29.9
979.0,29.8
979.5,29.9
980.0,29.9
980.5,29.8
981.0,29.9
981.5,29.9
982.0,29.9
982.5,29.9
983.0,29.9
983.5,29.8
984.0,29.9
984.5,29.9
985.0,29.9
985.5,29.9
986.0,29.9
986.5,29.9
987.0,29.9
987.5,29.8
988.0,29.9
988.5,29.9
989.0,29.9
989.5,29.9
990.0,29.9
990.5,29.9
991.0,29.8
991.5,29.8
992.0,29.9
992.5,29.9
993.0,29.9
993.5,29.9
994.0,29.9
994.5,29.9
995.0,29.8
995.5,29.9
996.0,29.9
996.5,29.9
997.0,29.9
997.5,29.9
998.0,29.9
998.5,29.9
999.0,29.9
999.5,29.9
1000.0,29.9
1000.5,29.9
1001.0,29.9
1001.5,29.9
1002.0,29.9
1002.5,29.9
1003.0,29.9
1003.5,29.9
1004.0,29.9
1004.5,29.9
1005.0,29.8
1005.5,29.8
1006.0,29.9
1006.5,29.9
1007.0,29.9
1007.5,29.9
1008.0,29.8
1008.5,29.9
1009.0,29.9
1009.5,29.9
1010.0,29.8
1010.5,29.8
1011.0,29.9
1011.5,29.9
1012.0,29.9
1012.5,29.9
1013.0,29.8
1013.5,29.8
1014.0,29.8
1014.5,29.9
1015.0,29.8
1015.5,29.9
1016.0,29.8
1016.5,29.9
1017.0,29.9
1017.5,29.9
1018.0,29.9
1018.5,29.9
1019.0,29.9
1019.5,29.9
1020.0,29.9
1020.5,29.8
1021.0,29.8
1021.5,29.8
1022.0,29.8
1022.5,29.8
1023.0,29.8
1023.5,29.8
1024.0,29.8
1024.5,29.9
1025.0,29.9
1025.5,29.9
1026.0,29.8
1026.5,29.8
1027.0,29.8
1027.5,29.9
1028.0,29.9
1028.5,29.8
1029.0,29.9
1029.5,29.9
1030.0,29.8
1030.5,29.8
1031.0,29.8
1031.5,29.9
1032.0,29.9
1032.5,29.8
1033.0,29.8
1033.5,29.8
1034.0,29.8
1034.5,29.9
1035.0,29.8
1035.5,29.8
1036.0,29.8
1036.5,29.8
1037.0,29.9
1037.5,29.9
1038.0,29.8
1038.5,29.8
1039.0,29.9
1039.5,29.9
1040.0,29.8
1040.5,29.8
1041.0,29.9
1041.5,29.8
1042.0,29.8
1042.5,29.8
1043.0,29.8
1043.5,29.9
1044.0,29.9
1044.5,29.9
1045.0,29.9
1045.5,29.8
1046.0,29.9
1046.5,29.9
1047.0,29.8
1047.5,29.8
1048.0,29.8
1048.5,29.9
1049.0,29.8
1049.5,29.9
1050.0,29.9
1050.5,29.9
1051.0,29.8
1051.5,29.8
1052.0,29.9
1052.5,29.8
1053.0,29.8
1053.5,29.8
1054.0,29.8
1054.5,29.8
1055.0,29.8
1055.5,29.8
1056.0,29.8
1056.5,29.8
1057.0,29.8
1057.5,29.9
1058.0,29.8
1058.5,29.8
1059.0,29.8
1059.5,29.8
1060.0,29.8
1060.5,29.9
1061.0,29.8
1061.5,29.8
1062.0,29.8
1062.5,29.8
1063.0,29.9
1063.5,29.8
1064.0,29.8
1064.5,29.8
1065.0,29.8
1065.5,29.8
1066.0,29.8
1066.5,29.8
1067.0,29.9
1067.5,29.8
1068.0,29.8
1068.5,29.8
1069.0,29.8
1069.5,29.8
1070.0,29.8
1070.5,29.8
1071.0,29.8
1071.5,29.8
1072.0,29.8
1072.5,29.8
1073.0,29.9
1073.5,29.8
1074.0,29.8
1074.5,29.8
1075.0,29.8
1075.5,29.9
1076.0,29.8
1076.5,29.8
1077.0,29.8
1077.5,29.8
1078.0,29.8
1078.5,29.9
1079.0,29.8
1079.5,29.8
1080.0,29.8
1080.5,29.8
1081.0,29.8
1081.5,29.8
1082.0,29.8
1082.5,29.8
1083.0,29.8
1083.5,29.8
1084.0,29.8
1084.5,29.8
1085.0,29.8
1085.5,29.8
1086.0,29.9
1086.5,29.8
1087.0,29.8
1087.5,29.8
1088.0,29.8
1088.5,29.8
1089.0,29.8
1089.5,29.8
1090.0,29.8
1090.5,29.8
1091.0,29.8
1091.5,29.8
1092.0,29.8
1092.5,29.8
1093.0,29.8
1093.5,29.8
1094.0,29.8
1094.5,29.8
1095.0,29.8
1095.5,29.8
1096.0,29.8
1096.5,29.8
1097.0,29.8
1097.5,29.8
1098.0,29.8
1098.5,29.8
1099.0,29.8
1099.5,29.8
1100.0,29.8
1100.5,29.8
1101.0,29.8
1101.5,29.8
1102.0,29.8
1102.5,29.8
1103.0,29.8
1103.5,29.8
1104.0,29.8
1104.5,29.8
1105.0,29.8
1105.5,29.8
1106.0,29.8
1106.5,29.8
1107.0,29.8
1107.5,29.8
1108.0,29.8
1108.5,29.8
1109.0,29.8
1109.5,29.8
1110.0,29.8
1110.5,29.8
1111.0,29.8
1111.5,29.8
1112.0,29.8
1112.5,29.8
1113.0,29.8
1113.5,29.8
1114.0,29.8
1114.5,29.8
1115.0,29.8
1115.5,29.8
1116.0,29.8
1116.5,29.8
1117.0,29.8
1117.5,29.8
1118.0,29.8
1118.5,29.8
1119.0,29.8
1119.5,29.8
1120.0,29.8
1120.5,29.8
1121.0,29.8
1121.5,29.8
1122.0,29.8
1122.5,29.8
1123.0,29.8
1123.5,29.8
1124.0,29.8
1124.5,29.8
1125.0,29.8
1125.5,29.8
1126.0,29.8
1126.5,29.8
1127.0,29.8
1127.5,29.8
1128.0,29.8
1128.5,29.8
1129.0,29.8
1129.5,29.8
1130.0,29.8
1130.5,29.8
1131.0,29.8
1131.5,29.8
1132.0,29.8
1132.5,29.8
1133.0,29.8
1133.5,29.8
1134.0,29.8
1134.5,29.8
1135.0,29.8
1135.5,29.8
1136.0,29.7
1136.5,29.8
1137.0,29.8
1137.5,29.8
1138.0,29.8
1138.5,29.8
1139.0,29.8
1139.5,29.8
1140.0,29.8
1140.5,29.8
1141.0,29.8
1141.5,29.8
1142.0,29.8
1142.5,29.8
1143.0,29.8
1143.5,29.8
1144.0,29.8
1144.5,29.8
1145.0,29.8
1145.5,29.8
1146.0,29.8
1146.5,29.8
1147.0,29.8
1147.5,29.8
1148.0,29.8
1148.5,29.8
1149.0,29.8
1149.5,29.7
1150.0,29.8
1150.5,29.8
1151.0,29.8
1151.5,29.8
1152.0,29.8
1152.5,29.8
1153.0,29.8
1153.5,29.8
1154.0,29.8
1154.5,29.8
1155.0,29.8
1155.5,29.8
1156.0,29.8
1156.5,29.8
1157.0,29.8
1157.5,29.8
1158.0,29.8
1158.5,29.8
1159.0,29.8
1159.5,29.8
1160.0,29.8
1160.5,29.8
1161.0,29.8
1161.5,29.8
1162.0,29.8
1162.5,29.8
1163.0,29.8
1163.5,29.8
1164.0,29.8
1164.5,29.7
1165.0,29.8
1165.5,29.8
1166.0,29.8
1166.5,29.8
1167.0,29.8
1167.5,29.8
1168.0,29.8
1168.5,29.8
1169.0,29.8
1169.5,29.8
1170.0,29.8
1170.5,29.8
1171.0,29.8
1171.5,29.8
1172.0,29.8
1172.5,29.8
1173.0,29.8
1173.5,29.8
1174.0,29.8
1174.5,29.8
1175.0,29.8
1175.5,29.8
1176.0,29.8
1176.5,29.8
1177.0,29.8
1177.5,29.8
1178.0,29.8
1178.5,29.8
1179.0,29.8
1179.5,29.7
1180.0,29.7
1180.5,29.8
1181.0,29.8
1181.5,29.8
1182.0,29.8
1182.5,29.8
1183.0,29.7
1183.5,29.8
1184.0,29.8
1184.5,29.8
1185.0,29.8
1185.5,29.8
1186.0,29.8
1186.5,29.8
1187.0,29.8
1187.5,29.8
1188.0,29.8
1188.5,29.8
1189.0,29.8
1189.5,29.8
1190.0,29.7
1190.5,29.7
1191.0,29.8
1191.5,29.8
1192.0,29.7
1192.5,29.8
1193.0,29.8
1193.5,29.8
1194.0,29.7
1194.5,29.8
1195.0,29.8
1195.5,29.8
1196.0,29.8
1196.5,29.8
1197.0,29.8
1197.5,29.8
1198.0,29.8
1198.5,29.8
1199.0,29.8
1199.5,29.8
1200.0,29.8
1200.5,29.8
1201.0,29.8
1201.5,29.8
1202.0,29.8
1202.5,29.7
1203.0,29.8
1203.5,29.7
1204.0,29.8
1204.5,29.8
1205.0,29.8
1205.5,29.8
1206.0,29.7
1206.5,29.7
1207.0,29.8
1207.5,29.8
1208.0,29.7
1208.5,29.7
1209.0,29.8
1209.5,29.8
1210.0,29.8
1210.5,29.8
1211.0,29.8
1211.5,29.8
1212.0,29.8
1212.5,29.8
1213.0,29.7
1213.5,29.8
1214.0,29.8
1214.5,29.8
1215.0,29.8
1215.5,29.8
1216.0,29.8
1216.5,29.7
1217.0,29.8
1217.5,29.8
1218.0,29.8
1218.5,29.7
1219.0,29.7
1219.5,29.8
1220.0,29.8
1220.5,29.7
1221.0,29.8
1221.5,29.8
1222.0,29.8
1222.5,29.8
1223.0,29.8
1223.5,29.8
1224.0,29.7
1224.5,29.8
1225.0,29.8
1225.5,29.8
1226.0,29.8
1226.5,29.8
1227.0,29.8
1227.5,29.7
1228.0,29.8
1228.5,29.8
1229.0,29.8
1229.5,29.8
1230.0,29.8
1230.5,29.7
1231.0,29.8
1231.5,29.7
1232.0,29.8
1232.5,29.8
1233.0,29.7
1233.5,29.8
1234.0,29.8
1234.5,29.8
1235.0,29.7
1235.5,29.7
1236.0,29.7
1236.5,29.8
1237.0,29.8
1237.5,29.7
1238.0,29.8
1238.5,29.7
1239.0,29.8
1239.5,29.7
1240.0,29.8
1240.5,29.8
1241.0,29.8
1241.5,29.8
1242.0,29.8
1242.5,29.7
1243.0,29.8
1243.5,29.8
1244.0,29.7
1244.5,29.8
1245.0,29.8
1245.5,29.7
1246.0,29.8
1246.5,29.7
1247.0,29.8
1247.5,29.7
1248.0,29.7
1248.5,29.7
1249.0,29.7
1249.5,29.8
1250.0,29.8
1250.5,29.8
1251.0,29.8
1251.5,29.8
1252.0,29.8
1252.5,29.8
1253.0,29.7
1253.5,29.8
1254.0,29.7
1254.5,29.7
1255.0,29.8
1255.5,29.7
1256.0,29.7
1256.5,29.8
1257.0,29.8
1257.5,29.7
1258.0,29.8
1258.5,29.8
1259.0,29.7
1259.5,29.7
1260.0,29.7
1260.5,29.7
1261.0,29.7
1261.5,29.8
1262.0,29.8
1262.5,29.8
1263.0,29.7
1263.5,29.7
1264.0,29.7
1264.5,29.7
1265.0,29.7
1265.5,29.7
1266.0,29.8
1266.5,29.8
1267.0,29.7
1267.5,29.7
1268.0,29.8
1268.5,29.8
1269.0,29.7
1269.5,29.8
1270.0,29.8
1270.5,29.7
1271.0,29.8
1271.5,29.8
1272.0,29.8
1272.5,29.7
1273.0,29.7
1273.5,29.7
1274.0,29.8
1274.5,29.7
1275.0,29.8
1275.5,29.7
1276.0,29.7
1276.5,29.7
1277.0,29.8
1277.5,29.7
1278.0,29.7
1278.5,29.7
1279.0,29.7
1279.5,29.8
1280.0,29.7
1280.5,29.7
1281.0,29.8
1281.5,29.7
1282.0,29.7
1282.5,29.7
1283.0,29.8
1283.5,29.8
1284.0,29.8
1284.5,29.7
1285.0,29.7
1285.5,29.8
1286.0,29.7
1286.5,29.7
1287.0,29.8
1287.5,29.8
1288.0,29.8
1288.5,29.8
1289.0,29.7
1289.5,29.7
1290.0,29.7
1290.5,29.7
1291.0,29.7
1291.5,29.8
1292.0,29.8
1292.5,29.7
1293.0,29.7
1293.5,29.7
1294.0,29.7
1294.5,29.8
1295.0,29.7
1295.5,29.7
1296.0,29.7
1296.5,29.7
1297.0,29.7
1297.5,29.7
1298.0,29.7
1298.5,29.8
1299.0,29.8
1299.5,29.7
1300.0,29.7
1300.5,29.8
1301.0,29.7
1301.5,29.7
1302.0,29.7
1302.5,29.7
1303.0,29.7
1303.5,29.7
1304.0,29.8
1304.5,29.8
1305.0,29.7
1305.5,29.7
1306.0,29.7
1306.5,29.7
1307.0,29.7
1307.5,29.7
1308.0,29.7
1308.5,29.7
1309.0,29.7
1309.5,29.7
1310.0,29.7
1310.5,29.7
1311.0,29.7
1311.5,29.7
1312.0,29.7
1312.5,29.7
1313.0,29.7
1313.5,29.7
1314.0,29.7
1314.5,29.7
1315.0,29.7
1315.5,29.7
1316.0,29.7
1316.5,29.7
1317.0,29.7
1317.5,29.7
1318.0,29.8
1318.5,29.7
1319.0,29.7
1319.5,29.7
1320.0,29.7
1320.5,29.8
1321.0,29.7
1321.5,29.7
1322.0,29.7
1322.5,29.7
1323.0,29.7
1323.5,29.7
1324.0,29.7
1324.5,29.7
1325.0,29.7
1325.5,29.7
1326.0,29.7
1326.5,29.7
1327.0,29.7
1327.5,29.7
1328.0,29.7
1328.5,29.7
1329.0,29.7
1329.5,29.8
1330.0,29.7
1330.5,29.7
1331.0,29.7
1331.5,29.8
1332.0,29.7
1332.5,29.7
1333.0,29.7
1333.5,29.7
1334.0,29.7
1334.5,29.7
1335.0,29.7
1335.5,29.7
1336.0,29.7
1336.5,29.7
1337.0,29.8
1337.5,29.7
1338.0,29.7
1338.5,29.7
1339.0,29.7
1339.5,29.7
1340.0,29.7
1340.5,29.7
1341.0,29.7
1341.5,29.7
1342.0,29.7
1342.5,29.7
1343.0,29.7
1343.5,29.7
1344.0,29.7
1344.5,29.7
1345.0,29.7
1345.5,29.7
1346.0,29.7
1346.5,29.8
1347.0,29.7
1347.5,29.7
1348.0,29.7
1348.5,29.7
1349.0,29.7
1349.5,29.7
1350.0,29.7
1350.5,29.7
1351.0,29.7
1351.5,29.7
1352.0,29.7
1352.5,29.7
1353.0,29.7
1353.5,29.7
1354.0,29.7
1354.5,29.7
1355.0,29.7
1355.5,29.7
1356.0,29.7
1356.5,29.7
1357.0,29.8
1357.5,29.7
1358.0,29.7
1358.5,29.7
1359.0,29.8
1359.5,29.7
1360.0,29.7
1360.5,29.7
1361.0,29.7
1361.5,29.7
1362.0,29.7
1362.5,29.7
1363.0,29.7
1363.5,29.7
1364.0,29.7
1364.5,29.7
1365.0,29.7
1365.5,29.7
1366.0,29.7
1366.5,29.7
1367.0,29.7
1367.5,29.7
1368.0,29.7
1368.5,29.7
1369.0,29.7
1369.5,29.7
1370.0,29.7
1370.5,29.7
1371.0,29.7
1371.5,29.7
1372.0,29.7
1372.5,29.7
1373.0,29.7
1373.5,29.7
1374.0,29.7
1374.5,29.7
1375.0,29.7
1375.5,29.7
1376.0,29.7
1376.5,29.7
1377.0,29.7
1377.5,29.7
1378.0,29.7
1378.5,29.7
1379.0,29.7
1379.5,29.7
1380.0,29.7
1380.5,29.8
1381.0,29.7
1381.5,29.7
1382.0,29.7
1382.5,29.7
1383.0,29.7
1383.5,29.7
1384.0,29.7
1384.5,29.7
1385.0,29.7
1385.5,29.7
1386.0,29.7
1386.5,29.7
1387.0,29.7
1387.5,29.7
1388.0,29.7
1388.5,29.7
1389.0,29.7
1389.5,29.7
1390.0,29.7
1390.5,29.7
1391.0,29.7
1391.5,29.7
1392.0,29.7
1392.5,29.7
1393.0,29.7
1393.5,29.7
1394.0,29.7
1394.5,29.7
1395.0,29.7
1395.5,29.7
1396.0,29.7
1396.5,29.7
1397.0,29.7
1397.5,29.7
1398.0,29.7
1398.5,29.7
1399.0,29.7
1399.5,29.7
1400.0,29.7
1400.5,29.7
1401.0,29.7
1401.5,29.7
1402.0,29.7
1402.5,29.7
1403.0,29.7
1403.5,29.7
1404.0,29.7
1404.5,29.7
1405.0,29.7
1405.5,29.7
1406.0,29.7
1406.5,29.7
1407.0,29.7
1407.5,29.7
1408.0,29.7
1408.5,29.7
1409.0,29.7
1409.5,29.7
1410.0,29.7
1410.5,29.7
1411.0,29.7
1411.5,29.7
1412.0,29.7
1412.5,29.8
1413.0,29.7
1413.5,29.7
1414.0,29.7
1414.5,29.7
1415.0,29.7
1415.5,29.7
1416.0,29.7
1416.5,29.7
1417.0,29.7
1417.5,29.7
1418.0,29.7
1418.5,29.7
1419.0,29.7
1419.5,29.7
1420.0,29.7
1420.5,29.7
1421.0,29.7
1421.5,29.7
1422.0,29.7
1422.5,29.7
1423.0,29.7
1423.5,29.7
1424.0,29.7
1424.5,29.7
1425.0,29.7
1425.5,29.7
1426.0,29.7
1426.5,29.7
1427.0,29.7
1427.5,29.7
1428.0,29.7
1428.5,29.7
1429.0,29.7
1429.5,29.7
1430.0,29.7
1430.5,29.7
1431.0,29.7
1431.5,29.7
1432.0,29.7
1432.5,29.7
1433.0,29.7
1433.5,29.7
1434.0,29.7
1434.5,29.7
1435.0,29.7
1435.5,29.7
1436.0,29.7
1436.5,29.7
1437.0,29.7
1437.5,29.7
1438.0,29.7
1438.5,29.7
1439.0,29.7
1439.5,29.7
1440.0,29.7
1440.5,29.7
1441.0,29.7
1441.5,29.7
1442.0,29.7
1442.5,29.7
1443.0,29.7
1443.5,29.7
1444.0,29.7
1444.5,29.7
1445.0,29.7
1445.5,29.7
1446.0,29.7
1446.5,29.7
1447.0,29.7
1447.5,29.7
1448.0,29.7
1448.5,29.7
1449.0,29.7
1449.5,29.7
1450.0,29.7
1450.5,29.7
1451.0,29.7
1451.5,29.7
1452.0,29.7
1452.5,29.7
1453.0,29.7
1453.5,29.7
1454.0,29.7
1454.5,29.7
1455.0,29.7
1455.5,29.7
1456.0,29.7
1456.5,29.7
1457.0,29.7
1457.5,29.7
1458.0,29.7
1458.5,29.7
1459.0,29.7
1459.5,29.7
1460.0,29.7
1460.5,29.7
1461.0,29.7
1461.5,29.7
1462.0,29.7
1462.5,29.7
1463.0,29.7
1463.5,29.7
1464.0,29.7
1464.5,29.7
1465.0,29.7
1465.5,29.7
1466.0,29.7
1466.5,29.7
1467.0,29.7
1467.5,29.7
1468.0,29.7
1468.5,29.7
1469.0,29.7
1469.5,29.7
1470.0,29.7
1470.5,29.7
1471.0,29.7
1471.5,29.7
1472.0,29.7
1472.5,29.7
1473.0,29.7
1473.5,29.7
1474.0,29.8
1474.5,29.7
1475.0,29.7
1475.5,29.7
1476.0,29.7
1476.5,29.7
1477.0,29.7
1477.5,29.7
1478.0,29.7
1478.5,29.7
1479.0,29.7
1479.5,29.7
1480.0,29.7
1480.5,29.7
1481.0,29.7
1481.5,29.7
1482.0,29.7
1482.5,29.7
1483.0,29.7
1483.5,29.7
1484.0,29.7
1484.5,29.7
1485.0,29.7
1485.5,29.7
1486.0,29.7
1486.5,29.7
1487.0,29.7
1487.5,29.7
1488.0,29.7
1488.5,29.7
1489.0,29.7
1489.5,29.7
1490.0,29.7
1490.5,29.7
1491.0,29.7
1491.5,29.7
1492.0,29.7
1492.5,29.7
1493.0,29.7
1493.5,29.8
1494.0,29.7
1494.5,29.7
1495.0,29.7
1495.5,29.8
1496.0,29.7
1496.5,29.7
1497.0,29.7
1497.5,29.7
1498.0,29.7
1498.5,29.7
1499.0,29.7
1499.5,29.7
1500.0,29.7
1500.5,29.7
1501.0,29.7
1501.5,29.7
1502.0,29.7
1502.5,29.7
1503.0,29.7
1503.5,29.7
1504.0,29.7
1504.5,29.7
1505.0,29.7
1505.5,29.7
1506.0,29.7
1506.5,29.7
1507.0,29.7
1507.5,29.7
1508.0,29.7
1508.5,29.7
1509.0,29.7
1509.5,29.7
1510.0,29.7
1510.5,29.8
1511.0,29.8
1511.5,29.7
1512.0,29.7
1512.5,29.7
1513.0,29.7
1513.5,29.7
1514.0,29.8
1514.5,29.7
1515.0,29.7
1515.5,29.7
1516.0,29.7
1516.5,29.7
1517.0,29.7
1517.5,29.7
1518.0,29.7
1518.5,29.7
1519.0,29.8
1519.5,29.7
1520.0,29.7
1520.5,29.7
1521.0,29.8
1521.5,29.7
1522.0,29.7
1522.5,29.7
1523.0,29.7
1523.5,29.7
1524.0,29.7
1524.5,29.7
1525.0,29.7
1525.5,29.7
1526.0,29.8
1526.5,29.7
1527.0,29.8
1527.5,29.7
1528.0,29.7
1528.5,29.7
1529.0,29.7
1529.5,29.7
1530.0,29.7
1530.5,29.7
1531.0,29.7
1531.5,29.7
1532.0,29.7
1532.5,29.8
1533.0,29.8
1533.5,29.7
1534.0,29.8
1534.5,29.7
1535.0,29.7
1535.5,29.8
1536.0,29.7
1536.5,29.8
1537.0,29.7
1537.5,29.7
1538.0,29.7
1538.5,29.7
1539.0,29.8
1539.5,29.7
1540.0,29.7
1540.5,29.7
1541.0,29.7
1541.5,29.7
1542.0,29.7
1542.5,29.7
1543.0,29.7
1543.5,29.8
1544.0,29.7
1544.5,29.7
1545.0,29.7
1545.5,29.7
1546.0,29.7
1546.5,29.7
1547.0,29.8
1547.5,29.8
1548.0,29.7
1548.5,29.7
1549.0,29.7
1549.5,29.8
1550.0,29.8
1550.5,29.7
1551.0,29.7
1551.5,29.7
1552.0,29.7
1552.5,29.8
1553.0,29.7
1553.5,29.7
1554.0,29.7
1554.5,29.7
1555.0,29.7
1555.5,29.7
1556.0,29.7
1556.5,29.8
1557.0,29.7
1557.5,29.7
1558.0,29.7
1558.5,29.7
1559.0,29.7
1559.5,29.8
1560.0,29.7
1560.5,29.7
1561.0,29.7
1561.5,29.7
1562.0,29.7
1562.5,29.8
1563.0,29.7
1563.5,29.8
1564.0,29.7
1564.5,29.7
1565.0,29.7
1565.5,29.7
1566.0,29.7
1566.5,29.7
1567.0,29.7
1567.5,29.7
1568.0,29.8
1568.5,29.8
1569.0,29.8
1569.5,29.8
1570.0,29.8
1570.5,29.7
1571.0,29.7
1571.5,29.7
1572.0,29.7
1572.5,29.7
1573.0,29.8
1573.5,29.7
1574.0,29.7
1574.5,29.8
1575.0,29.7
1575.5,29.7
1576.0,29.7
1576.5,29.7
1577.0,29.7
1577.5,29.8
1578.0,29.7
1578.5,29.7
1579.0,29.7
1579.5,29.7
1580.0,29.7
1580.5,29.7
1581.0,29.7
1581.5,29.7
1582.0,29.7
1582.5,29.7
1583.0,29.8
1583.5,29.7
1584.0,29.7
1584.5,29.8
1585.0,29.7
1585.5,29.7
1586.0,29.7
1586.5,29.7
1587.0,29.7
1587.5,29.7
1588.0,29.8
1588.5,29.7
1589.0,29.7
1589.5,29.7
1590.0,29.7
1590.5,29.7
1591.0,29.7
1591.5,29.7
1592.0,29.7
1592.5,29.7
1593.0,29.7
1593.5,29.7
1594.0,29.7
1594.5,29.8
1595.0,29.7
1595.5,29.7
1596.0,29.7
1596.5,29.7
1597.0,29.7
1597.5,29.7
1598.0,29.7
1598.5,29.7
1599.0,29.7
1599.5,29.7
1600.0,29.7
1600.5,29.7
1601.0,29.7
1601.5,29.8
1602.0,29.7
1602.5,29.7
1603.0,29.7
1603.5,29.7
1604.0,29.7
1604.5,29.7
1605.0,29.7
1605.5,29.7
1606.0,29.7
1606.5,29.7
1607.0,29.7
1607.5,29.7
1608.0,29.7
1608.5,29.7
1609.0,29.7
1609.5,29.7
1610.0,29.7
1610.5,29.7
1611.0,29.7
1611.5,29.7
1612.0,29.7
1612.5,29.7
1613.0,29.7
1613.5,29.7
1614.0,29.7
1614.5,29.7
1615.0,29.7
1615.5,29.7
1616.0,29.7
1616.5,29.7
1617.0,29.7
1617.5,29.7
1618.0,29.7
1618.5,29.7
1619.0,29.7
1619.5,29.7
1620.0,29.7
1620.5,29.7
1621.0,29.7
1621.5,29.7
1622.0,29.7
1622.5,29.7
1623.0,29.7
1623.5,29.7
1624.0,29.7
1624.5,29.7
1625.0,29.7
1625.5,29.7
1626.0,29.7
1626.5,29.7
1627.0,29.7
1627.5,29.7
1628.0,29.7
1628.5,29.7
1629.0,29.7
1629.5,29.7
1630.0,29.7
1630.5,29.7
1631.0,29.7
1631.5,29.7
1632.0,29.7
1632.5,29.7
1633.0,29.7
1633.5,29.7
1634.0,29.7
1634.5,29.7
1635.0,29.7
1635.5,29.7
1636.0,29.7
1636.5,29.7
1637.0,29.7
1637.5,29.7
1638.0,29.7
1638.5,29.7
1639.0,29.7
1639.5,29.7
1640.0,29.7
1640.5,29.7
1641.0,29.7
1641.5,29.7
1642.0,29.7
1642.5,29.7
1643.0,29.7
1643.5,29.7
1644.0,29.7
1644.5,29.7
1645.0,29.7
1645.5,29.7
1646.0,29.7
1646.5,29.7
1647.0,29.7
1647.5,29.7
1648.0,29.7
1648.5,29.7
1649.0,29.7
1649.5,29.7
1650.0,29.7
1650.5,29.7
1651.0,29.7
1651.5,29.6
1652.0,29.7
1652.5,29.7
1653.0,29.7
1653.5,29.7
1654.0,29.7
1654.5,29.7
1655.0,29.7
1655.5,29.7
1656.0,29.7
1656.5,29.7
1657.0,29.7
1657.5,29.7
1658.0,29.7
1658.5,29.7
1659.0,29.7
1659.5,29.7
1660.0,29.7
1660.5,29.7
1661.0,29.7
1661.5,29.7
1662.0,29.6
1662.5,29.7
1663.0,29.7
1663.5,29.7
1664.0,29.7
1664.5,29.7
1665.0,29.7
1665.5,29.7
1666.0,29.7
1666.5,29.7
1667.0,29.7
1667.5,29.7
1668.0,29.7
1668.5,29.7
1669.0,29.7
1669.5,29.7
1670.0,29.7
1670.5,29.7
1671.0,29.7
1671.5,29.7
1672.0,29.6
1672.5,29.7
1673.0,29.7
1673.5,29.6
1674.0,29.7
1674.5,29.7
1675.0,29.7
1675.5,29.7
1676.0,29.6
1676.5,29.7
1677.0,29.7
1677.5,29.6
1678.0,29.7
1678.5,29.6
1679.0,29.7
1679.5,29.6
1680.0,29.7
1680.5,29.6
1681.0,29.6
1681.5,29.7
1682.0,29.7
1682.5,29.7
1683.0,29.7
1683.5,29.7
1684.0,29.7
1684.5,29.7
1685.0,29.6
1685.5,29.7
1686.0,29.6
1686.5,29.7
1687.0,29.7
1687.5,29.7
1688.0,29.7
1688.5,29.7
1689.0,29.6
1689.5,29.6
1690.0,29.6
1690.5,29.7
1691.0,29.7
1691.5,29.6
1692.0,29.6
1692.5,29.7
1693.0,29.6
1693.5,29.7
1694.0,29.7
1694.5,29.7
1695.0,29.7
1695.5,29.7
1696.0,29.7
1696.5,29.6
1697.0,29.6
1697.5,29.6
1698.0,29.7
1698.5,29.6
1699.0,29.7
1699.5,29.6
1700.0,29.7
1700.5,29.7
1701.0,29.7
1701.5,29.7
1702.0,29.6
1702.5,29.6
1703.0,29.6
1703.5,29.6
1704.0,29.6
1704.5,29.7
1705.0,29.6
1705.5,29.6
1706.0,29.7
1706.5,29.6
1707.0,29.6
1707.5,29.6
1708.0,29.6
1708.5,29.6
1709.0,29.6
1709.5,29.7
1710.0,29.6
1710.5,29.6
1711.0,29.6
1711.5,29.6
1712.0,29.7
1712.5,29.6
1713.0,29.7
1713.5,29.6
1714.0,29.6
1714.5,29.6
1715.0,29.7
1715.5,29.6
1716.0,29.7
1716.5,29.6
1717.0,29.6
1717.5,29.6
1718.0,29.6
1718.5,29.6
1719.0,29.6
1719.5,29.6
1720.0,29.6
1720.5,29.6
1721.0,29.6
1721.5,29.6
1722.0,29.6
1722.5,29.7
1723.0,29.6
1723.5,29.7
1724.0,29.6
1724.5,29.6
1725.0,29.7
1725.5,29.6
1726.0,29.6
1726.5,29.6
1727.0,29.7
1727.5,29.6
1728.0,29.6
1728.5,29.6
1729.0,29.6
1729.5,29.6
1730.0,29.6
1730.5,29.6
1731.0,29.6
1731.5,29.6
1732.0,29.6
1732.5,29.6
1733.0,29.6
1733.5,29.6
1734.0,29.6
1734.5,29.6
1735.0,29.6
1735.5,29.6
1736.0,29.6
1736.5,29.6
1737.0,29.6
1737.5,29.6
1738.0,29.6
1738.5,29.6
1739.0,29.6
1739.5,29.6
1740.0,29.6
1740.5,29.6
1741.0,29.6
1741.5,29.6
1742.0,29.6
1742.5,29.6
1743.0,29.6
1743.5,29.6
1744.0,29.6
1744.5,29.6
1745.0,29.6
1745.5,29.6
1746.0,29.6
1746.5,29.6
1747.0,29.6
1747.5,29.6
1748.0,29.6
1748.5,29.6
1749.0,29.6
1749.5,29.6
1750.0,29.6
1750.5,29.6
1751.0,29.6
1751.5,29.6
1752.0,29.6
1752.5,29.6
1753.0,29.6
1753.5,29.6
1754.0,29.6
1754.5,29.6
1755.0,29.6
1755.5,29.6
1756.0,29.6
1756.5,29.6
1757.0,29.6
1757.5,29.6
1758.0,29.6
1758.5,29.6
1759.0,29.6
1759.5,29.6
1760.0,29.6
1760.5,29.6
1761.0,29.6
1761.5,29.6
1762.0,29.5
1762.5,29.6
1763.0,29.6
1763.5,29.6
1764.0,29.6
1764.5,29.6
1765.0,29.6
1765.5,29.6
1766.0,29.6
1766.5,29.6
1767.0,29.6
1767.5,29.6
1768.0,29.6
1768.5,29.6
1769.0,29.6
1769.5,29.6
1770.0,29.6
1770.5,29.6
1771.0,29.6
1771.5,29.6
1772.0,29.6
1772.5,29.6
1773.0,29.5
1773.5,29.6
1774.0,29.6
1774.5,29.6
1775.0,29.6
1775.5,29.6
1776.0,29.6
1776.5,29.6
1777.0,29.6
1777.5,29.6
1778.0,29.6
1778.5,29.6
1779.0,29.6
1779.5,29.6
1780.0,29.6
1780.5,29.6
1781.0,29.6
1781.5,29.6
1782.0,29.6
1782.5,29.6
1783.0,29.6
1783.5,29.6
1784.0,29.6
1784.5,29.6
1785.0,29.6
1785.5,29.6
1786.0,29.6
1786.5,29.6
1787.0,29.6
1787.5,29.6
1788.0,29.6
1788.5,29.6
1789.0,29.6
1789.5,29.6
1790.0,29.6
1790.5,29.6
1791.0,29.6
1791.5,29.6
1792.0,29.6
1792.5,29.6
1793.0,29.6
1793.5,29.6
1794.0,29.6
1794.5,29.6
1795.0,29.6
1795.5,29.6
1796.0,29.6
1796.5,29.6
1797.0,29.6
1797.5,29.6
1798.0,29.6
1798.5,29.6
1799.0,29.6
1799.5,29.6
1800.0,29.6
1800.5,29.6
1801.0,29.6
1801.5,29.6
1802.0,29.6
1802.5,29.6
1803.0,29.6
1803.5,29.6
1804.0,29.6
1804.5,29.6
1805.0,29.6
1805.5,29.6
1806.0,29.6
1806.5,29.6
1807.0,29.6
1807.5,29.6
1808.0,29.6
1808.5,29.6
1809.0,29.6
1809.5,29.6
1810.0,29.6
1810.5,29.6
1811.0,29.6
1811.5,29.6
1812.0,29.6
1812.5,29.6
1813.0,29.6
1813.5,29.6
1814.0,29.6
1814.5,29.6
1815.0,29.6
1815.5,29.6
1816.0,29.6
1816.5,29.6
1817.0,29.6
1817.5,29.6
1818.0,29.6
1818.5,29.6
1819.0,29.6
1819.5,29.6
1820.0,29.6
1820.5,29.6
1821.0,29.6
1821.5,29.6
1822.0,29.6
1822.5,29.6
1823.0,29.6
1823.5,29.6
1824.0,29.6
1824.5,29.6
1825.0,29.6
1825.5,29.6
1826.0,29.6
1826.5,29.6
1827.0,29.6
1827.5,29.7
1828.0,29.6
1828.5,29.6
1829.0,29.6
1829.5,29.6
1830.0,29.6
1830.5,29.6
1831.0,29.6
1831.5,29.6
1832.0,29.6
1832.5,29.6
1833.0,29.6
1833.5,29.6
1834.0,29.6
1834.5,29.6
1835.0,29.6
1835.5,29.6
1836.0,29.6
1836.5,29.6
1837.0,29.6
1837.5,29.6
1838.0,29.6
1838.5,29.6
1839.0,29.6
1839.5,29.6
1840.0,29.6
1840.5,29.6
1841.0,29.6
1841.5,29.6
1842.0,29.6
1842.5,29.6
1843.0,29.6
1843.5,29.6
1844.0,29.6
1844.5,29.6
1845.0,29.6
1845.5,29.6
1846.0,29.6
1846.5,29.6
1847.0,29.6
1847.5,29.6
1848.0,29.6
1848.5,29.6
1849.0,29.6
1849.5,29.6
1850.0,29.6
1850.5,29.6
1851.0,29.6
1851.5,29.6
1852.0,29.6
1852.5,29.6
1853.0,29.6
1853.5,29.6
1854.0,29.6
1854.5,29.6
1855.0,29.6
1855.5,29.6
1856.0,29.6
1856.5,29.6
1857.0,29.6
1857.5,29.6
1858.0,29.6
1858.5,29.6
1859.0,29.6
1859.5,29.6
1860.0,29.6
1860.5,29.6
1861.0,29.6
1861.5,29.6
1862.0,29.6
1862.5,29.6
1863.0,29.6
1863.5,29.6
1864.0,29.6
1864.5,29.6
1865.0,29.6
1865.5,29.6
1866.0,29.6
1866.5,29.6
1867.0,29.6
1867.5,29.6
1868.0,29.6
1868.5,29.6
1869.0,29.6
1869.5,29.6
1870.0,29.6
1870.5,29.6
1871.0,29.6
1871.5,29.6
1872.0,29.6
1872.5,29.6
1873.0,29.6
1873.5,29.6
1874.0,29.6
1874.5,29.6
1875.0,29.6
1875.5,29.6
1876.0,29.6
1876.5,29.6
1877.0,29.6
1877.5,29.6
1878.0,29.6
1878.5,29.6
1879.0,29.6
1879.5,29.6
1880.0,29.6
1880.5,29.6
1881.0,29.6
1881.5,29.6
1882.0,29.6
1882.5,29.6
1883.0,29.6
1883.5,29.6
1884.0,29.6
1884.5,29.6
1885.0,29.6
1885.5,29.6
1886.0,29.6
1886.5,29.6
1887.0,29.6
1887.5,29.6
1888.0,29.6
1888.5,29.6
1889.0,29.6
1889.5,29.6
1890.0,29.6
1890.5,29.6
1891.0,29.6
1891.5,29.6
1892.0,29.6
1892.5,29.6
1893.0,29.6
1893.5,29.6
1894.0,29.6
1894.5,29.5
1895.0,29.6
1895.5,29.6
1896.0,29.6
1896.5,29.6
1897.0,29.6
1897.5,29.6
1898.0,29.6
1898.5,29.6
1899.0,29.6
1899.5,29.6
1900.0,29.6
1900.5,29.6
1901.0,29.6
1901.5,29.6
1902.0,29.6
1902.5,29.6
1903.0,29.6
1903.5,29.6
1904.0,29.6
1904.5,29.5
1905.0,29.6
1905.5,29.6
1906.0,29.6
1906.5,29.6
1907.0,29.6
1907.5,29.6
1908.0,29.6
1908.5,29.6
1909.0,29.6
1909.5,29.6
1910.0,29.6
1910.5,29.6
1911.0,29.6
1911.5,29.6
1912.0,29.6
1912.5,29.6
1913.0,29.5
1913.5,29.6
1914.0,29.6
1914.5,29.6
1915.0,29.6
1915.5,29.6
1916.0,29.6
1916.5,29.6
1917.0,29.6
1917.5,29.6
1918.0,29.6
1918.5,29.6
1919.0,29.6
1919.5,29.6
1920.0,29.6
1920.5,29.6
1921.0,29.6
1921.5,29.6
1922.0,29.6
1922.5,29.6
1923.0,29.6
1923.5,29.6
1924.0,29.6
1924.5,29.6
1925.0,29.6
1925.5,29.6
1926.0,29.6
1926.5,29.6
1927.0,29.6
1927.5,29.6
1928.0,29.6
1928.5,29.6
1929.0,29.6
1929.5,29.6
1930.0,29.6
1930.5,29.6
1931.0,29.6
1931.5,29.6
1932.0,29.6
1932.5,29.6
1933.0,29.6
1933.5,29.6
1934.0,29.6
1934.5,29.6
1935.0,29.6
1935.5,29.6
1936.0,29.6
1936.5,29.6
1937.0,29.6
1937.5,29.6
1938.0,29.6
1938.5,29.6
1939.0,29.6
1939.5,29.6
1940.0,29.6
1940.5,29.6
1941.0,29.6
1941.5,29.6
1942.0,29.6
1942.5,29.6
1943.0,29.6
1943.5,29.6
1944.0,29.6
1944.5,29.6
1945.0,29.6
1945.5,29.6
1946.0,29.6
1946.5,29.6
1947.0,29.6
1947.5,29.6
1948.0,29.6
1948.5,29.6
1949.0,29.6
1949.5,29.6
1950.0,29.5
1950.5,29.6
1951.0,29.6
1951.5,29.6
1952.0,29.6
1952.5,29.6
1953.0,29.6
1953.5,29.6
1954.0,29.6
1954.5,29.6
1955.0,29.6
1955.5,29.6
1956.0,29.6
1956.5,29.6
1957.0,29.6
1957.5,29.6
1958.0,29.6
1958.5,29.6
1959.0,29.6
1959.5,29.6
1960.0,29.6
1960.5,29.5
1961.0,29.5
1961.5,29.6
1962.0,29.6
1962.5,29.6
1963.0,29.6
1963.5,29.6
1964.0,29.6
1964.5,29.6
1965.0,29.6
1965.5,29.6
1966.0,29.6
1966.5,29.6
1967.0,29.6
1967.5,29.6
1968.0,29.6
1968.5,29.6
1969.0,29.6
1969.5,29.6
1970.0,29.6
1970.5,29.6
1971.0,29.6
1971.5,29.6
1972.0,29.6
1972.5,29.6
1973.0,29.6
1973.5,29.6
1974.0,29.6
1974.5,29.6
1975.0,29.6
1975.5,29.6
1976.0,29.6
1976.5,29.6
1977.0,29.6
1977.5,29.5
1978.0,29.6
1978.5,29.6
1979.0,29.6
1979.5,29.6
1980.0,29.5
1980.5,29.6
1981.0,29.6
1981.5,29.6
1982.0,29.6
1982.5,29.6
1983.0,29.6
1983.5,29.6
1984.0,29.6
1984.5,29.6
1985.0,29.6
1985.5,29.6
1986.0,29.6
1986.5,29.6
1987.0,29.6
1987.5,29.6
1988.0,29.5
1988.5,29.6
1989.0,29.6
1989.5,29.6
1990.0,29.6
1990.5,29.6
1991.0,29.6
1991.5,29.6
1992.0,29.6
1992.5,29.6
1993.0,29.6
1993.5,29.6
1994.0,29.6
1994.5,29.6
1995.0,29.6
1995.5,29.6
1996.0,29.6
1996.5,29.6
1997.0,29.6
1997.5,29.6
1998.0,29.5
1998.5,29.6
1999.0,29.6
1999.5,29.6
2000.0,29.6
2000.5,29.6
2001.0,29.6
2001.5,29.6
2002.0,29.6
2002.5,29.6
2003.0,29.6
2003.5,29.6
2004.0,29.6
2004.5,29.6
2005.0,29.6
2005.5,29.6
2006.0,29.6
2006.5,29.6
2007.0,29.6
2007.5,29.6
2008.0,29.5
2008.5,29.6
2009.0,29.6
2009.5,29.6
2010.0,29.6
2010.5,29.6
2011.0,29.6
2011.5,29.6
2012.0,29.5
2012.5,29.6
2013.0,29.6
2013.5,29.6
2014.0,29.6
2014.5,29.6
2015.0,29.6
2015.5,29.6
2016.0,29.6
2016.5,29.6
2017.0,29.6
2017.5,29.6
2018.0,29.5
2018.5,29.5
2019.0,29.6
2019.5,29.6
2020.0,29.6
2020.5,29.6
2021.0,29.6
2021.5,29.6
2022.0,29.6
2022.5,29.6
2023.0,29.6
2023.5,29.6
2024.0,29.6
2024.5,29.5
2025.0,29.6
2025.5,29.6
2026.0,29.5
2026.5,29.6
2027.0,29.6
2027.5,29.6
2028.0,29.6
2028.5,29.6
2029.0,29.6
2029.5,29.5
2030.0,29.6
2030.5,29.5
2031.0,29.6
2031.5,29.5
2032.0,29.6
2032.5,29.6
2033.0,29.6
2033.5,29.5
2034.0,29.6
2034.5,29.6
2035.0,29.6
2035.5,29.6
2036.0,29.5
2036.5,29.5
2037.0,29.6
2037.5,29.6
2038.0,29.5
2038.5,29.6
2039.0,29.6
2039.5,29.6
2040.0,29.6
2040.5,29.5
2041.0,29.6
2041.5,29.6
2042.0,29.6
2042.5,29.6
2043.0,29.6
2043.5,29.6
2044.0,29.6
2044.5,29.6
2045.0,29.6
2045.5,29.6
2046.0,29.6
2046.5,29.6
2047.0,29.5
2047.5,29.6
2048.0,29.5
2048.5,29.6
2049.0,29.6
2049.5,29.6
2050.0,29.6
2050.5,29.6
2051.0,29.5
2051.5,29.6
2052.0,29.5
2052.5,29.6
2053.0,29.5
2053.5,29.6
2054.0,29.5
2054.5,29.6
2055.0,29.5
2055.5,29.6
2056.0,29.6
2056.5,29.6
2057.0,29.6
2057.5,29.5
2058.0,29.5
2058.5,29.6
2059.0,29.6
2059.5,29.6
2060.0,29.6
2060.5,29.5
2061.0,29.6
2061.5,29.6
2062.0,29.6
2062.5,29.6
2063.0,29.6
2063.5,29.6
2064.0,29.6
2064.5,29.5
2065.0,29.6
2065.5,29.6
2066.0,29.6
2066.5,29.6
2067.0,29.6
2067.5,29.5
2068.0,29.6
2068.5,29.6
2069.0,29.5
2069.5,29.6
2070.0,29.6
2070.5,29.6
2071.0,29.6
2071.5,29.6
2072.0,29.6
2072.5,29.6
2073.0,29.6
2073.5,29.6
2074.0,29.6
2074.5,29.6
2075.0,29.6
2075.5,29.6
2076.0,29.6
2076.5,29.6
2077.0,29.5
2077.5,29.6
2078.0,29.6
2078.5,29.6
2079.0,29.6
2079.5,29.6
2080.0,29.6
2080.5,29.6
2081.0,29.5
2081.5,29.6
2082.0,29.6
2082.5,29.6
2083.0,29.6
2083.5,29.6
2084.0,29.6
2084.5,29.5
2085.0,29.6
2085.5,29.6
2086.0,29.6
2086.5,29.6
2087.0,29.6
2087.5,29.6
2088.0,29.6
2088.5,29.6
2089.0,29.6
2089.5,29.6
2090.0,29.6
2090.5,29.6
2091.0,29.5
2091.5,29.6
2092.0,29.6
2092.5,29.5
2093.0,29.6
2093.5,29.6
2094.0,29.6
2094.5,29.5
2095.0,29.6
2095.5,29.6
2096.0,29.6
2096.5,29.5
2097.0,29.6
2097.5,29.6
2098.0,29.6
2098.5,29.6
2099.0,29.6
2099.5,29.5
2100.0,29.5
2100.5,29.6
2101.0,29.5
2101.5,29.6
2102.0,29.6
2102.5,29.6
2103.0,29.6
2103.5,29.6
2104.0,29.6
2104.5,29.6
2105.0,29.6
2105.5,29.6
2106.0,29.5
2106.5,29.6
2107.0,29.6
2107.5,29.6
2108.0,29.5
2108.5,29.6
2109.0,29.6
2109.5,29.6
2110.0,29.6
2110.5,29.6
2111.0,29.6
2111.5,29.6
2112.0,29.6
2112.5,29.6
2113.0,29.6
2113.5,29.6
2114.0,29.6
2114.5,29.6
2115.0,29.5
2115.5,29.5
2116.0,29.6
2116.5,29.6
2117.0,29.5
2117.5,29.6
2118.0,29.5
2118.5,29.6
2119.0,29.6
2119.5,29.6
2120.0,29.6
2120.5,29.6
2121.0,29.6
2121.5,29.6
2122.0,29.6
2122.5,29.5
2123.0,29.6
2123.5,29.6
2124.0,29.5
2124.5,29.6
2125.0,29.6
2125.5,29.6
2126.0,29.6
2126.5,29.5
2127.0,29.6
2127.5,29.6
2128.0,29.6
2128.5,29.6
2129.0,29.6
2129.5,29.6
2130.0,29.6
2130.5,29.6
2131.0,29.6
2131.5,29.6
2132.0,29.6
2132.5,29.6
2133.0,29.6
2133.5,29.6
2134.0,29.6
2134.5,29.6
2135.0,29.6
2135.5,29.6
2136.0,29.6
2136.5,29.6
2137.0,29.6
2137.5,29.6
2138.0,29.5
2138.5,29.5
2139.0,29.6
2139.5,29.6
2140.0,29.6
2140.5,29.6
2141.0,29.6
2141.5,29.5
2142.0,29.6
2142.5,29.6
2143.0,29.6
2143.5,29.6
2144.0,29.6
2144.5,29.6
2145.0,29.6
2145.5,29.6
2146.0,29.6
2146.5,29.6
2147.0,29.6
2147.5,29.6
2148.0,29.6
2148.5,29.6
2149.0,29.6
2149.5,29.6
2150.0,29.6
2150.5,29.6
2151.0,29.6
2151.5,29.6
2152.0,29.6
2152.5,29.6
2153.0,29.6
2153.5,29.6
2154.0,29.6
2154.5,29.6
2155.0,29.6
2155.5,29.6
2156.0,29.5
2156.5,29.6
2157.0,29.6
2157.5,29.6
2158.0,29.6
2158.5,29.6
2159.0,29.6
2159.5,29.6
2160.0,29.6
2160.5,29.6
2161.0,29.6
2161.5,29.6
2162.0,29.6
2162.5,29.6
2163.0,29.6
2163.5,29.6
2164.0,29.6
2164.5,29.6
2165.0,29.6
2165.5,29.6
2166.0,29.6
2166.5,29.6
2167.0,29.6
2167.5,29.6
2168.0,29.6
2168.5,29.6
2169.0,29.6
2169.5,29.6
2170.0,29.6
2170.5,29.6
2171.0,29.6
2171.5,29.6
2172.0,29.6
2172.5,29.6
2173.0,29.6
2173.5,29.6
2174.0,29.6
2174.5,29.6
2175.0,29.6
2175.5,29.6
2176.0,29.6
2176.5,29.6
2177.0,29.6
2177.5,29.6
2178.0,29.6
2178.5,29.6
2179.0,29.6
2179.5,29.6
2180.0,29.6
2180.5,29.6
2181.0,29.6
2181.5,29.6
2182.0,29.6
2182.5,29.6
2183.0,29.6
2183.5,29.6
2184.0,29.6
2184.5,29.6
2185.0,29.6
2185.5,29.6
2186.0,29.6
2186.5,29.6
2187.0,29.6
2187.5,29.6
2188.0,29.6
2188.5,29.6
2189.0,29.6
2189.5,29.6
2190.0,29.6
2190.5,29.6
2191.0,29.6
2191.5,29.6
2192.0,29.6
2192.5,29.6
2193.0,29.6
2193.5,29.6
2194.0,29.6
2194.5,29.6
2195.0,29.6
2195.5,29.6
2196.0,29.6
2196.5,29.6
2197.0,29.6
2197.5,29.6
2198.0,29.6
2198.5,29.6
2199.0,29.6
2199.5,29.6
2200.0,29.6
2200.5,29.6
2201.0,29.6
2201.5,29.6
2202.0,29.6
2202.5,29.6
2203.0,29.6
2203.5,29.6
2204.0,29.6
2204.5,29.6
2205.0,29.6
2205.5,29.6
2206.0,29.6
2206.5,29.6
2207.0,29.6
2207.5,29.6
2208.0,29.6
2208.5,29.6
2209.0,29.6
2209.5,29.6
2210.0,29.6
2210.5,29.6
2211.0,29.6
2211.5,29.6
2212.0,29.6
2212.5,29.6
2213.0,29.6
2213.5,29.6
2214.0,29.6
2214.5,29.6
2215.0,29.6
2215.5,29.6
2216.0,29.6
2216.5,29.6
2217.0,29.6
2217.5,29.6
2218.0,29.7
2218.5,29.6
2219.0,29.6
2219.5,29.6
2220.0,29.6
2220.5,29.6
2221.0,29.6
2221.5,29.6
2222.0,29.6
2222.5,29.6
2223.0,29.6
2223.5,29.6
2224.0,29.6
2224.5,29.6
2225.0,29.6
2225.5,29.6
2226.0,29.6
2226.5,29.6
2227.0,29.6
2227.5,29.6
2228.0,29.6
2228.5,29.6
2229.0,29.6
2229.5,29.6
2230.0,29.6
2230.5,29.6
2231.0,29.6
2231.5,29.6
2232.0,29.6
2232.5,29.6
2233.0,29.6
2233.5,29.6
2234.0,29.6
2234.5,29.6
2235.0,29.6
2235.5,29.6
2236.0,29.6
2236.5,29.6
2237.0,29.6
2237.5,29.6
2238.0,29.6
2238.5,29.6
2239.0,29.6
2239.5,29.6
2240.0,29.6
2240.5,29.6
2241.0,29.6
2241.5,29.6
2242.0,29.6
2242.5,29.6
2243.0,29.6
2243.5,29.6
2244.0,29.6
2244.5,29.7
2245.0,29.6
2245.5,29.6
2246.0,29.6
2246.5,29.6
2247.0,29.6
2247.5,29.6
2248.0,29.6
2248.5,29.6
2249.0,29.6
2249.5,29.6
2250.0,29.7
2250.5,29.6
2251.0,29.6
2251.5,29.6
2252.0,29.7
2252.5,29.6
2253.0,29.7
2253.5,29.6
2254.0,29.7
2254.5,29.6
2255.0,29.7
2255.5,29.6
2256.0,29.6
2256.5,29.6
2257.0,29.6
2257.5,29.7
2258.0,29.6
2258.5,29.6
2259.0,29.6
2259.5,29.7
2260.0,29.6
2260.5,29.6
2261.0,29.7
2261.5,29.7
2262.0,29.6
2262.5,29.6
2263.0,29.7
2263.5,29.6
2264.0,29.7
2264.5,29.7
2265.0,29.6
2265.5,29.6
2266.0,29.6
2266.5,29.6
2267.0,29.6
2267.5,29.7
2268.0,29.7
2268.5,29.6
2269.0,29.7
2269.5,29.6
2270.0,29.6
2270.5,29.7
2271.0,29.6
2271.5,29.6
2272.0,29.7
2272.5,29.6
2273.0,29.7
2273.5,29.7
2274.0,29.6
2274.5,29.6
2275.0,29.7
2275.5,29.7
2276.0,29.7
2276.5,29.6
2277.0,29.6
2277.5,29.6
2278.0,29.7
2278.5,29.6
2279.0,29.6
2279.5,29.7
2280.0,29.7
2280.5,29.7
2281.0,29.6
2281.5,29.7
2282.0,29.6
2282.5,29.7
2283.0,29.7
2283.5,29.6
2284.0,29.6
2284.5,29.7
2285.0,29.7
2285.5,29.7
2286.0,29.6
2286.5,29.6
2287.0,29.6
2287.5,29.6
2288.0,29.7
2288.5,29.7
2289.0,29.6
2289.5,29.7
2290.0,29.7
2290.5,29.6
2291.0,29.7
2291.5,29.7
2292.0,29.7
2292.5,29.6
2293.0,29.7
2293.5,29.7
2294.0,29.7
2294.5,29.7
2295.0,29.7
2295.5,29.7
2296.0,29.7
2296.5,29.7
2297.0,29.6
2297.5,29.6
2298.0,29.7
2298.5,29.6
2299.0,29.7
2299.5,29.7
2300.0,29.7
2300.5,29.7
2301.0,29.7
2301.5,29.7
2302.0,29.7
2302.5,29.7
2303.0,29.7
2303.5,29.7
2304.0,29.7
2304.5,29.7
2305.0,29.6
2305.5,29.7
2306.0,29.7
2306.5,29.7
2307.0,29.7
2307.5,29.7
2308.0,29.7
2308.5,29.7
2309.0,29.7
2309.5,29.7
2310.0,29.6
2310.5,29.7
2311.0,29.6
2311.5,29.7
2312.0,29.7
2312.5,29.7
2313.0,29.7
2313.5,29.7
2314.0,29.7
2314.5,29.7
2315.0,29.7
2315.5,29.7
2316.0,29.7
2316.5,29.7
2317.0,29.7
2317.5,29.7
2318.0,29.6
2318.5,29.7
2319.0,29.7
2319.5,29.7
2320.0,29.7
2320.5,29.7
2321.0,29.7
2321.5,29.6
2322.0,29.7
2322.5,29.7
2323.0,29.7
2323.5,29.7
2324.0,29.7
2324.5,29.7
2325.0,29.7
2325.5,29.7
2326.0,29.7
2326.5,29.7
2327.0,29.7
2327.5,29.7
2328.0,29.7
2328.5,29.7
2329.0,29.7
2329.5,29.7
2330.0,29.7
2330.5,29.7
2331.0,29.6
2331.5,29.7
2332.0,29.7
2332.5,29.6
2333.0,29.7
2333.5,29.7
2334.0,29.7
2334.5,29.7
2335.0,29.7
2335.5,29.7
2336.0,29.7
2336.5,29.7
2337.0,29.7
2337.5,29.7
2338.0,29.7
2338.5,29.7
2339.0,29.7
2339.5,29.7
2340.0,29.7
2340.5,29.7
2341.0,29.7
2341.5,29.7
2342.0,29.7
2342.5,29.7
2343.0,29.7
2343.5,29.7
2344.0,29.7
2344.5,29.6
2345.0,29.7
2345.5,29.7
2346.0,29.7
2346.5,29.7
2347.0,29.7
2347.5,29.7
2348.0,29.7
2348.5,29.7
2349.0,29.7
2349.5,29.7
2350.0,29.7
2350.5,29.7
2351.0,29.7
2351.5,29.7
2352.0,29.7
2352.5,29.7
2353.0,29.7
2353.5,29.7
2354.0,29.7
2354.5,29.7
2355.0,29.7
2355.5,29.7
2356.0,29.7
2356.5,29.8
2357.0,29.7
2357.5,29.7
2358.0,29.7
2358.5,29.8
2359.0,29.7
2359.5,29.7
2360.0,29.7
2360.5,29.6
2361.0,29.7
2361.5,29.7
2362.0,29.7
2362.5,29.7
2363.0,29.7
2363.5,29.7
2364.0,29.7
2364.5,29.7
2365.0,29.7
2365.5,29.7
2366.0,29.7
2366.5,29.7
2367.0,29.7
2367.5,29.7
2368.0,29.7
2368.5,29.7
2369.0,29.7
2369.5,29.7
2370.0,29.7
2370.5,29.7
2371.0,29.7
2371.5,29.7
2372.0,29.7
2372.5,29.7
2373.0,29.7
2373.5,29.7
2374.0,29.7
2374.5,29.7
2375.0,29.7
2375.5,29.7
2376.0,29.7
2376.5,29.7
2377.0,29.7
2377.5,29.7
2378.0,29.7
2378.5,29.7
2379.0,29.7
2379.5,29.7
2380.0,29.7
2380.5,29.7
2381.0,29.7
2381.5,29.7
2382.0,29.7
2382.5,29.7
2383.0,29.7
2383.5,29.7
2384.0,29.7
2384.5,29.7
2385.0,29.7
2385.5,29.8
2386.0,29.7
2386.5,29.8
2387.0,29.7
2387.5,29.7
2388.0,29.7
2388.5,29.7
2389.0,29.7
2389.5,29.7
2390.0,29.7
2390.5,29.7
2391.0,29.7
2391.5,29.7
2392.0,29.7
2392.5,29.7
2393.0,29.7
2393.5,29.7
2394.0,29.7
2394.5,29.7
2395.0,29.7
2395.5,29.7
2396.0,29.7
2396.5,29.7
2397.0,29.7
2397.5,29.7
2398.0,29.7
2398.5,29.7
2399.0,29.7
2399.5,29.7
2400.0,29.7
2400.5,29.7
2401.0,29.7
2401.5,29.7
2402.0,29.7
2402.5,29.7
2403.0,29.7
2403.5,29.7
2404.0,29.7
2404.5,29.7
2405.0,29.8
2405.5,29.7
2406.0,29.8
2406.5,29.8
2407.0,29.7
2407.5,29.7
2408.0,29.7
2408.5,29.7
2409.0,29.7
2409.5,29.7
2410.0,29.7
2410.5,29.7
2411.0,29.7
2411.5,29.7
2412.0,29.7
2412.5,29.7
2413.0,29.8
2413.5,29.7
2414.0,29.7
2414.5,29.7
2415.0,29.7
2415.5,29.8
2416.0,29.7
2416.5,29.7
2417.0,29.7
2417.5,29.7
2418.0,29.7
2418.5,29.8
2419.0,29.7
2419.5,29.8
2420.0,29.7
2420.5,29.7
2421.0,29.7
2421.5,29.7
2422.0,29.7
2422.5,29.7
2423.0,29.7
2423.5,29.7
2424.0,29.7
2424.5,29.7
2425.0,29.7
2425.5,29.8
2426.0,29.7
2426.5,29.7
2427.0,29.7
2427.5,29.7
2428.0,29.8
2428.5,29.7
2429.0,29.7
2429.5,29.7
2430.0,29.7
2430.5,29.7
2431.0,29.7
2431.5,29.7
2432.0,29.7
2432.5,29.7
2433.0,29.7
2433.5,29.7
2434.0,29.7
2434.5,29.7
2435.0,29.7
2435.5,29.7
2436.0,29.7
2436.5,29.7
2437.0,29.7
2437.5,29.7
2438.0,29.7
2438.5,29.7
2439.0,29.7
2439.5,29.7
2440.0,29.7
2440.5,29.7
2441.0,29.7
2441.5,29.8
2442.0,29.7
2442.5,29.7
2443.0,29.7
2443.5,29.7
2444.0,29.7
2444.5,29.8
2445.0,29.7
2445.5,29.7
2446.0,29.8
2446.5,29.7
2447.0,29.8
2447.5,29.7
2448.0,29.8
2448.5,29.7
2449.0,29.7
2449.5,29.7
2450.0,29.7
2450.5,29.7
2451.0,29.7
2451.5,29.8
2452.0,29.7
2452.5,29.7
2453.0,29.7
2453.5,29.7
2454.0,29.7
2454.5,29.7
2455.0,29.7
2455.5,29.7
2456.0,29.8
2456.5,29.7
2457.0,29.7
2457.5,29.7
2458.0,29.8
2458.5,29.7
2459.0,29.7
2459.5,29.7
2460.0,29.8
2460.5,29.8
2461.0,29.7
2461.5,29.8
2462.0,29.7
2462.5,29.7
2463.0,29.7
2463.5,29.8
2464.0,29.8
2464.5,29.8
2465.0,29.7
2465.5,29.8
2466.0,29.8
2466.5,29.8
2467.0,29.8
2467.5,29.7
2468.0,29.8
2468.5,29.7
2469.0,29.7
2469.5,29.8
2470.0,29.7
2470.5,29.8
2471.0,29.7
2471.5,29.8
2472.0,29.8
2472.5,29.7
2473.0,29.8
2473.5,29.8
2474.0,29.7
2474.5,29.8
2475.0,29.8
2475.5,29.7
2476.0,29.7
2476.5,29.8
2477.0,29.8
2477.5,29.8
2478.0,29.7
2478.5,29.7
2479.0,29.7
2479.5,29.8
2480.0,29.8
2480.5,29.8
2481.0,29.8
2481.5,29.7
2482.0,29.8
2482.5,29.8
2483.0,29.8
2483.5,29.8
2484.0,29.8
2484.5,29.8
2485.0,29.7
2485.5,29.7
2486.0,29.7
2486.5,29.8
2487.0,29.8
2487.5,29.7
2488.0,29.8
2488.5,29.7
2489.0,29.8
2489.5,29.7
2490.0,29.7
2490.5,29.8
2491.0,29.7
2491.5,29.7
2492.0,29.8
2492.5,29.8
2493.0,29.8
2493.5,29.7
2494.0,29.7
2494.5,29.8
2495.0,29.7
2495.5,29.7
2496.0,29.7
2496.5,29.8
2497.0,29.8
2497.5,29.8
2498.0,29.7
2498.5,29.8
2499.0,29.7
2499.5,29.8
2500.0,29.8
2500.5,29.7
2501.0,29.8
2501.5,29.8
2502.0,29.7
2502.5,29.8
2503.0,29.8
2503.5,29.8
2504.0,29.8
2504.5,29.8
2505.0,29.7
2505.5,29.7
2506.0,29.8
2506.5,29.8
2507.0,29.7
2507.5,29.8
2508.0,29.7
2508.5,29.7
2509.0,29.8
2509.5,29.7
2510.0,29.8
2510.5,29.8
2511.0,29.8
2511.5,29.8
2512.0,29.7
2512.5,29.7
2513.0,29.8
2513.5,29.8
2514.0,29.7
2514.5,29.8
2515.0,29.8
2515.5,29.8
2516.0,29.8
2516.5,29.7
2517.0,29.8
2517.5,29.8
2518.0,29.8
2518.5,29.8
2519.0,29.7
2519.5,29.8
2520.0,29.8
2520.5,29.8
2521.0,29.7
2521.5,29.8
2522.0,29.7
2522.5,29.7
2523.0,29.7
2523.5,29.7
2524.0,29.8
2524.5,29.8
2525.0,29.8
2525.5,29.7
2526.0,29.7
2526.5,29.7
2527.0,29.8
2527.5,29.7
2528.0,29.8
2528.5,29.8
2529.0,29.8
2529.5,29.8
2530.0,29.8
2530.5,29.7
2531.0,29.8
2531.5,29.8
2532.0,29.8
2532.5,29.8
2533.0,29.8
2533.5,29.7
2534.0,29.8
2534.5,29.8
2535.0,29.7
2535.5,29.7
2536.0,29.8
2536.5,29.7
2537.0,29.8
2537.5,29.8
2538.0,29.8
2538.5,29.7
2539.0,29.8
2539.5,29.8
2540.0,29.7
2540.5,29.8
2541.0,29.7
2541.5,29.7
2542.0,29.7
2542.5,29.8
2543.0,29.8
2543.5,29.7
2544.0,29.7
2544.5,29.7
2545.0,29.8
2545.5,29.7
2546.0,29.8
2546.5,29.8
2547.0,29.8
2547.5,29.7
2548.0,29.7
2548.5,29.8
2549.0,29.8
2549.5,29.8
2550.0,29.8
2550.5,29.7
2551.0,29.7
2551.5,29.8
2552.0,29.7
2552.5,29.8
2553.0,29.8
2553.5,29.7
2554.0,29.7
2554.5,29.8
2555.0,29.8
2555.5,29.8
2556.0,29.8
2556.5,29.8
2557.0,29.8
2557.5,29.8
2558.0,29.8
2558.5,29.8
2559.0,29.8
2559.5,29.8
2560.0,29.8
2560.5,29.7
2561.0,29.8
2561.5,29.8
2562.0,29.8
2562.5,29.7
2563.0,29.7
2563.5,29.7
2564.0,29.8
2564.5,29.8
2565.0,29.8
2565.5,29.8
2566.0,29.7
2566.5,29.8
2567.0,29.8
2567.5,29.8
2568.0,29.8
2568.5,29.7
2569.0,29.8
2569.5,29.8
2570.0,29.7
2570.5,29.8
2571.0,29.8
2571.5,29.7
2572.0,29.8
2572.5,29.7
2573.0,29.8
2573.5,29.7
2574.0,29.8
2574.5,29.8
2575.0,29.7
2575.5,29.8
2576.0,29.8
2576.5,29.8
2577.0,29.8
2577.5,29.8
2578.0,29.8
2578.5,29.8
2579.0,29.8
2579.5,29.7
2580.0,29.7
2580.5,29.8
2581.0,29.8
2581.5,29.8
2582.0,29.8
2582.5,29.8
2583.0,29.8
2583.5,29.8
2584.0,29.8
2584.5,29.8
2585.0,29.8
2585.5,29.8
2586.0,29.7
2586.5,29.8
2587.0,29.8
2587.5,29.8
2588.0,29.8
2588.5,29.8
2589.0,29.8
2589.5,29.8
2590.0,29.8
2590.5,29.8
2591.0,29.7
2591.5,29.7
2592.0,29.8
2592.5,29.8
2593.0,29.8
2593.5,29.8
2594.0,29.8
2594.5,29.8
2595.0,29.8
2595.5,29.8
2596.0,29.7
2596.5,29.8
2597.0,29.7
2597.5,29.8
2598.0,29.8
2598.5,29.8
2599.0,29.8
2599.5,29.8
2600.0,29.8
2600.5,29.8
2601.0,29.8
2601.5,29.8
2602.0,29.8
2602.5,29.8
2603.0,29.8
2603.5,29.8
2604.0,29.7
2604.5,29.8
2605.0,29.8
2605.5,29.8
2606.0,29.8
2606.5,29.8
2607.0,29.8
2607.5,29.8
2608.0,29.8
2608.5,29.8
2609.0,29.8
2609.5,29.8
2610.0,29.8
2610.5,29.8
2611.0,29.8
2611.5,29.7
2612.0,29.7
2612.5,29.8
2613.0,29.8
2613.5,29.8
2614.0,29.8
2614.5,29.8
2615.0,29.8
2615.5,29.8
2616.0,29.8
2616.5,29.8
2617.0,29.8
2617.5,29.8
2618.0,29.8
2618.5,29.8
2619.0,29.8
2619.5,29.7
2620.0,29.8
2620.5,29.8
2621.0,29.8
2621.5,29.8
2622.0,29.8
2622.5,29.8
2623.0,29.7
2623.5,29.8
2624.0,29.8
2624.5,29.8
2625.0,29.8
2625.5,29.8
2626.0,29.8
2626.5,29.8
2627.0,29.8
2627.5,29.8
2628.0,29.8
2628.5,29.8
2629.0,29.8
2629.5,29.8
2630.0,29.8
2630.5,29.7
2631.0,29.7
2631.5,29.8
2632.0,29.7
2632.5,29.8
2633.0,29.8
2633.5,29.8
2634.0,29.7
2634.5,29.7
2635.0,29.7
2635.5,29.8
2636.0,29.8
2636.5,29.8
2637.0,29.8
2637.5,29.8
2638.0,29.8
2638.5,29.8
2639.0,29.8
2639.5,29.8
2640.0,29.8
2640.5,29.8
2641.0,29.8
2641.5,29.8
2642.0,29.8
2642.5,29.8
2643.0,29.8
2643.5,29.8
2644.0,29.8
2644.5,29.8
2645.0,29.8
2645.5,29.8
2646.0,29.8
2646.5,29.8
2647.0,29.8
2647.5,29.7
2648.0,29.8
2648.5,29.8
2649.0,29.8
2649.5,29.8
2650.0,29.7
2650.5,29.8
2651.0,29.7
2651.5,29.8
2652.0,29.7
2652.5,29.8
2653.0,29.8
2653.5,29.8
2654.0,29.8
2654.5,29.8
2655.0,29.8
2655.5,29.7
2656.0,29.8
2656.5,29.8
2657.0,29.8
2657.5,29.7
2658.0,29.8
2658.5,29.7
2659.0,29.8
2659.5,29.8
2660.0,29.8
2660.5,29.8
2661.0,29.7
2661.5,29.7
2662.0,29.8
2662.5,29.8
2663.0,29.8
2663.5,29.8
2664.0,29.8
2664.5,29.8
2665.0,29.8
2665.5,29.8
2666.0,29.7
2666.5,29.8
2667.0,29.8
2667.5,29.7
2668.0,29.8
2668.5,29.7
2669.0,29.8
2669.5,29.8
2670.0,29.7
2670.5,29.8
2671.0,29.8
2671.5,29.8
2672.0,29.8
2672.5,29.8
2673.0,29.8
2673.5,29.8
2674.0,29.8
2674.5,29.8
2675.0,29.8
2675.5,29.8
2676.0,29.8
2676.5,29.8
2677.0,29.8
2677.5,29.8
2678.0,29.8
2678.5,29.8
2679.0,29.8
2679.5,29.8
2680.0,29.8
2680.5,29.8
2681.0,29.8
2681.5,29.8
2682.0,29.8
2682.5,29.8
2683.0,29.8
2683.5,29.8
2684.0,29.8
2684.5,29.8
2685.0,29.8
2685.5,29.8
2686.0,29.8
2686.5,29.8
2687.0,29.8
2687.5,29.8
2688.0,29.8
2688.5,29.8
2689.0,29.8
2689.5,29.8
2690.0,29.8
2690.5,29.7
2691.0,29.8
2691.5,29.8
2692.0,29.8
2692.5,29.8
2693.0,29.8
2693.5,29.8
2694.0,29.7
2694.5,29.8
2695.0,29.8
2695.5,29.8
2696.0,29.7
2696.5,29.8
2697.0,29.8
2697.5,29.8
2698.0,29.8
2698.5,29.7
2699.0,29.8
2699.5,29.8
2700.0,29.8
2700.5,29.8
2701.0,29.8
2701.5,29.8
2702.0,29.8
2702.5,29.8
2703.0,29.8
2703.5,29.8
2704.0,29.8
2704.5,29.8
2705.0,29.8
2705.5,29.8
2706.0,29.8
2706.5,29.7
2707.0,29.8
2707.5,29.8
2708.0,29.8
2708.5,29.8
2709.0,29.8
2709.5,29.8
2710.0,29.8
2710.5,29.7
2711.0,29.7
2711.5,29.8
2712.0,29.8
2712.5,29.8
2713.0,29.8
2713.5,29.8
2714.0,29.8
2714.5,29.8
2715.0,29.8
2715.5,29.8
2716.0,29.8
2716.5,29.8
2717.0,29.8
2717.5,29.7
2718.0,29.8
2718.5,29.7
2719.0,29.8
2719.5,29.8
2720.0,29.8
2720.5,29.7
2721.0,29.8
2721.5,29.7
2722.0,29.7
2722.5,29.8
2723.0,29.8
2723.5,29.8
2724.0,29.8
2724.5,29.8
2725.0,29.8
2725.5,29.7
2726.0,29.8
2726.5,29.8
2727.0,29.8
2727.5,29.8
2728.0,29.8
2728.5,29.8
2729.0,29.8
2729.5,29.8
2730.0,29.8
2730.5,29.8
2731.0,29.8
2731.5,29.8
2732.0,29.8
2732.5,29.8
2733.0,29.8
2733.5,29.7
2734.0,29.8
2734.5,29.8
2735.0,29.8
2735.5,29.7
2736.0,29.8
2736.5,29.8
2737.0,29.8
2737.5,29.8
2738.0,29.8
2738.5,29.8
2739.0,29.8
2739.5,29.8
2740.0,29.8
2740.5,29.7
2741.0,29.8
2741.5,29.8
2742.0,29.8
2742.5,29.8
2743.0,29.7
2743.5,29.8
2744.0,29.8
2744.5,29.8
2745.0,29.7
2745.5,29.8
2746.0,29.8
2746.5,29.8
2747.0,29.8
2747.5,29.8
2748.0,29.8
2748.5,29.8
2749.0,29.8
2749.5,29.8
2750.0,29.8
2750.5,29.8
2751.0,29.8
2751.5,29.8
2752.0,29.8
2752.5,29.8
2753.0,29.8
2753.5,29.8
2754.0,29.8
2754.5,29.8
2755.0,29.8
2755.5,29.8
2756.0,29.8
2756.5,29.8
2757.0,29.8
2757.5,29.8
2758.0,29.8
2758.5,29.8
2759.0,29.8
2759.5,29.8
2760.0,29.7
2760.5,29.8
2761.0,29.8
2761.5,29.8
2762.0,29.8
2762.5,29.8
2763.0,29.8
2763.5,29.8
2764.0,29.7
2764.5,29.8
2765.0,29.8
2765.5,29.8
2766.0,29.8
2766.5,29.8
2767.0,29.8
2767.5,29.8
2768.0,29.8
2768.5,29.8
2769.0,29.8
2769.5,29.7
2770.0,29.8
2770.5,29.8
2771.0,29.8
2771.5,29.8
2772.0,29.8
2772.5,29.7
2773.0,29.8
2773.5,29.8
2774.0,29.7
2774.5,29.8
2775.0,29.8
2775.5,29.8
2776.0,29.8
2776.5,29.8
2777.0,29.8
2777.5,29.8
2778.0,29.8
2778.5,29.8
2779.0,29.8
2779.5,29.8
2780.0,29.8
2780.5,29.8
2781.0,29.8
2781.5,29.8
2782.0,29.7
2782.5,29.8
2783.0,29.8
2783.5,29.8
2784.0,29.7
2784.5,29.8
2785.0,29.8
2785.5,29.8
2786.0,29.8
2786.5,29.8
2787.0,29.8
2787.5,29.8
2788.0,29.8
2788.5,29.8
2789.0,29.8
2789.5,29.8
2790.0,29.8
2790.5,29.8
2791.0,29.8
2791.5,29.8
2792.0,29.8
2792.5,29.8
2793.0,29.8
2793.5,29.8
2794.0,29.8
2794.5,29.8
2795.0,29.8
2795.5,29.8
2796.0,29.8
2796.5,29.8
2797.0,29.8
2797.5,29.8
2798.0,29.8
2798.5,29.8
2799.0,29.8
2799.5,29.8
2800.0,29.8
2800.5,29.8
2801.0,29.8
2801.5,29.8
2802.0,29.8
2802.5,29.8
2803.0,29.8
2803.5,29.8
2804.0,29.8
2804.5,29.8
2805.0,29.8
2805.5,29.8
2806.0,29.8
2806.5,29.8
2807.0,29.8
2807.5,29.8
2808.0,29.8
2808.5,29.8
2809.0,29.8
2809.5,29.8
2810.0,29.8
2810.5,29.8
2811.0,29.8
2811.5,29.8
2812.0,29.8
2812.5,29.7
2813.0,29.8
2813.5,29.8
2814.0,29.8
2814.5,29.8
2815.0,29.8
2815.5,29.8
2816.0,29.8
2816.5,29.8
2817.0,29.8
2817.5,29.7
2818.0,29.8
2818.5,29.8
2819.0,29.8
2819.5,29.8
2820.0,29.8
2820.5,29.7
2821.0,29.8
2821.5,29.8
2822.0,29.8
2822.5,29.8
2823.0,29.8
2823.5,29.8
2824.0,29.8
2824.5,29.8
2825.0,29.7
2825.5,29.8
2826.0,29.8
2826.5,29.8
2827.0,29.8
2827.5,29.8
2828.0,29.8
2828.5,29.8
2829.0,29.8
2829.5,29.8
2830.0,29.8
2830.5,29.8
2831.0,29.8
2831.5,29.8
2832.0,29.8
2832.5,29.8
2833.0,29.8
2833.5,29.8
2834.0,29.8
2834.5,29.8
2835.0,29.8
2835.5,29.8
2836.0,29.7
2836.5,29.8
2837.0,29.8
2837.5,29.8
2838.0,29.8
2838.5,29.8
2839.0,29.8
2839.5,29.8
2840.0,29.8
2840.5,29.8
2841.0,29.8
2841.5,29.8
2842.0,29.8
2842.5,29.8
2843.0,29.7
2843.5,29.8
2844.0,29.8
2844.5,29.8
2845.0,29.8
2845.5,29.8
2846.0,29.8
2846.5,29.8
2847.0,29.8
2847.5,29.8
2848.0,29.8
2848.5,29.8
2849.0,29.8
2849.5,29.8
2850.0,29.8
2850.5,29.8
2851.0,29.8
2851.5,29.8
2852.0,29.8
2852.5,29.7
2853.0,29.8
2853.5,29.8
2854.0,29.8
2854.5,29.8
2855.0,29.8
2855.5,29.8
2856.0,29.8
2856.5,29.8
2857.0,29.8
2857.5,29.8
2858.0,29.8
2858.5,29.8
2859.0,29.8
2859.5,29.8
2860.0,29.8
2860.5,29.8
2861.0,29.8
2861.5,29.8
2862.0,29.8
2862.5,29.8
2863.0,29.8
2863.5,29.8
2864.0,29.8
2864.5,29.8
2865.0,29.8
2865.5,29.7
2866.0,29.8
2866.5,29.8
2867.0,29.8
2867.5,29.8
2868.0,29.7
2868.5,29.8
2869.0,29.8
2869.5,29.8
2870.0,29.8
2870.5,29.8
2871.0,29.7
2871.5,29.8
2872.0,29.8
2872.5,29.8
2873.0,29.8
2873.5,29.8
2874.0,29.8
2874.5,29.8
2875.0,29.8
2875.5,29.8
2876.0,29.8
2876.5,29.8
2877.0,29.8
2877.5,29.8
2878.0,29.8
2878.5,29.7
2879.0,29.8
2879.5,29.8
2880.0,29.8
2880.5,29.8
2881.0,29.8
2881.5,29.8
2882.0,29.8
2882.5,29.8
2883.0,29.8
2883.5,29.8
2884.0,29.8
2884.5,29.8
2885.0,29.8
2885.5,29.8
2886.0,29.8
2886.5,29.8
2887.0,29.8
2887.5,29.8
2888.0,29.8
2888.5,29.8
2889.0,29.8
2889.5,29.8
2890.0,29.8
2890.5,29.8
2891.0,29.8
2891.5,29.8
2892.0,29.8
2892.5,29.8
2893.0,29.7
2893.5,29.8
2894.0,29.8
2894.5,29.8
2895.0,29.8
2895.5,29.8
2896.0,29.8
2896.5,29.8
2897.0,29.8
2897.5,29.8
2898.0,29.8
2898.5,29.8
2899.0,29.8
2899.5,29.8
2900.0,29.8
2900.5,29.8
2901.0,29.8
2901.5,29.8
2902.0,29.8
2902.5,29.8
2903.0,29.8
2903.5,29.8
2904.0,29.8
2904.5,29.8
2905.0,29.8
2905.5,29.8
2906.0,29.8
2906.5,29.8
2907.0,29.8
2907.5,29.7
2908.0,29.8
2908.5,29.8
2909.0,29.8
2909.5,29.8
2910.0,29.8
2910.5,29.8
2911.0,29.8
2911.5,29.8
2912.0,29.8
2912.5,29.8
2913.0,29.8
2913.5,29.8
2914.0,29.8
2914.5,29.8
2915.0,29.8
2915.5,29.8
2916.0,29.8
2916.5,29.8
2917.0,29.8
2917.5,29.8
2918.0,29.8
2918.5,29.7
2919.0,29.8
2919.5,29.8
2920.0,29.8
2920.5,29.7
2921.0,29.8
2921.5,29.8
2922.0,29.8
2922.5,29.9
2923.0,29.8
2923.5,29.8
2924.0,29.8
2924.5,29.8
2925.0,29.8
2925.5,29.8
2926.0,29.8
2926.5,29.8
2927.0,29.8
2927.5,29.8
2928.0,29.8
2928.5,29.8
2929.0,29.8
2929.5,29.8
2930.0,29.8
2930.5,29.8
2931.0,29.8
2931.5,29.8
2932.0,29.8
2932.5,29.8
2933.0,29.8
2933.5,29.8
2934.0,29.8
2934.5,29.8
2935.0,29.8
2935.5,29.8
2936.0,29.8
2936.5,29.8
2937.0,29.8
2937.5,29.7
2938.0,29.8
2938.5,29.8
2939.0,29.8
2939.5,29.8
2940.0,29.8
2940.5,29.8
2941.0,29.8
2941.5,29.8
2942.0,29.8
2942.5,29.8
2943.0,29.8
2943.5,29.8
2944.0,29.8
2944.5,29.7
2945.0,29.8
2945.5,29.8
2946.0,29.8
2946.5,29.8
2947.0,29.8
2947.5,29.8
2948.0,29.8
2948.5,29.8
2949.0,29.8
2949.5,29.8
2950.0,29.8
2950.5,29.8
2951.0,29.8
2951.5,29.8
2952.0,29.8
2952.5,29.8
2953.0,29.8
2953.5,29.8
2954.0,29.8
2954.5,29.8
2955.0,29.8
2955.5,29.8
2956.0,29.8
2956.5,29.8
2957.0,29.8
2957.5,29.8
2958.0,29.8
2958.5,29.8
2959.0,29.8
2959.5,29.8
2960.0,29.8
2960.5,29.8
2961.0,29.8
2961.5,29.7
2962.0,29.8
2962.5,29.8
2963.0,29.8
2963.5,29.8
2964.0,29.8
2964.5,29.8
2965.0,29.9
2965.5,29.8
2966.0,29.8
2966.5,29.8
2967.0,29.8
2967.5,29.8
2968.0,29.8
2968.5,29.8
2969.0,29.8
2969.5,29.8
2970.0,29.8
2970.5,29.8
2971.0,29.8
2971.5,29.7
2972.0,29.8
2972.5,29.8
2973.0,29.8
2973.5,29.8
2974.0,29.8
2974.5,29.8
2975.0,29.8
2975.5,29.8
2976.0,29.8
2976.5,29.8
2977.0,29.8
2977.5,29.8
2978.0,29.8
2978.5,29.8
2979.0,29.8
2979.5,29.8
2980.0,29.8
2980.5,29.8
2981.0,29.8
2981.5,29.8
2982.0,29.8
2982.5,29.8
2983.0,29.8
2983.5,29.8
2984.0,29.8
2984.5,29.8
2985.0,29.8
2985.5,29.8
2986.0,29.8
2986.5,29.8
2987.0,29.8
2987.5,29.8
2988.0,29.8
2988.5,29.8
2989.0,29.8
2989.5,29.8
2990.0,29.8
2990.5,29.8
2991.0,29.8
2991.5,29.8
2992.0,29.8
2992.5,29.8
2993.0,29.8
2993.5,29.8
2994.0,29.8
2994.5,29.8
2995.0,29.8
2995.5,29.8
2996.0,29.8
2996.5,29.7
2997.0,29.8
2997.5,29.8
2998.0,29.8
2998.5,29.8
2999.0,29.8
2999.5,29.8
3000.0,29.8
3000.5,29.8
3001.0,29.8
3001.5,29.8
3002.0,29.8
3002.5,29.8
3003.0,29.8
3003.5,29.8
3004.0,29.8
3004.5,29.7
3005.0,29.8
3005.5,29.8
3006.0,29.8
3006.5,29.8
3007.0,29.8
3007.5,29.8
3008.0,29.8
3008.5,29.8
3009.0,29.8
3009.5,29.8
3010.0,29.8
3010.5,29.8
3011.0,29.8
3011.5,29.8
3012.0,29.8
3012.5,29.8
3013.0,29.8
3013.5,29.8
3014.0,29.8
3014.5,29.8
3015.0,29.8
3015.5,29.8
3016.0,29.8
3016.5,29.8
3017.0,29.8
3017.5,29.8
3018.0,29.8
3018.5,29.8
3019.0,29.8
3019.5,29.8
3020.0,29.8
3020.5,29.8
3021.0,29.7
3021.5,29.8
3022.0,29.8
3022.5,29.8
3023.0,29.8
3023.5,29.8
3024.0,29.8
3024.5,29.8
3025.0,29.8
3025.5,29.8
3026.0,29.8
3026.5,29.8
3027.0,29.8
3027.5,29.8
3028.0,29.8
3028.5,29.8
3029.0,29.8
3029.5,29.8
3030.0,29.8
3030.5,29.8
3031.0,29.8
3031.5,29.8
3032.0,29.8
3032.5,29.8
3033.0,29.8
3033.5,29.8
3034.0,29.8
3034.5,29.8
3035.0,29.8
3035.5,29.8
3036.0,29.8
3036.5,29.8
3037.0,29.8
3037.5,29.8
3038.0,29.8
3038.5,29.8
3039.0,29.8
3039.5,29.8
3040.0,29.8
3040.5,29.8
3041.0,29.8
3041.5,29.8
3042.0,29.8
3042.5,29.8
3043.0,29.8
3043.5,29.8
3044.0,29.8
3044.5,29.8
3045.0,29.8
3045.5,29.8
3046.0,29.8
3046.5,29.8
3047.0,29.8
3047.5,29.8
3048.0,29.8
3048.5,29.8
3049.0,29.8
3049.5,29.8
3050.0,29.8
3050.5,29.8
3051.0,29.8
3051.5,29.8
3052.0,29.8
3052.5,29.8
3053.0,29.8
3053.5,29.8
3054.0,29.8
3054.5,29.8
3055.0,29.8
3055.5,29.8
3056.0,29.8
3056.5,29.8
3057.0,29.8
3057.5,29.8
3058.0,29.8
3058.5,29.8
3059.0,29.8
3059.5,29.8
3060.0,29.8
3060.5,29.8
3061.0,29.8
3061.5,29.8
3062.0,29.8
3062.5,29.8
3063.0,29.8
3063.5,29.8
3064.0,29.8
3064.5,29.8
3065.0,29.8
3065.5,29.8
3066.0,29.8
3066.5,29.8
3067.0,29.8
3067.5,29.8
3068.0,29.8
3068.5,29.8
3069.0,29.8
3069.5,29.8
3070.0,29.8
3070.5,29.8
3071.0,29.8
3071.5,29.8
3072.0,29.8
3072.5,29.8
3073.0,29.8
3073.5,29.8
3074.0,29.8
3074.5,29.8
3075.0,29.8
3075.5,29.8
3076.0,29.8
3076.5,29.8
3077.0,29.8
3077.5,29.8
3078.0,29.8
3078.5,29.8
3079.0,29.8
3079.5,29.8
3080.0,29.8
3080.5,29.8
3081.0,29.8
3081.5,29.8
3082.0,29.8
3082.5,29.8
3083.0,29.8
3083.5,29.8
3084.0,29.8
3084.5,29.8
3085.0,29.8
3085.5,29.8
3086.0,29.8
3086.5,29.8
3087.0,29.8
3087.5,29.8
3088.0,29.8
3088.5,29.8
3089.0,29.8
3089.5,29.8
3090.0,29.8
3090.5,29.8
3091.0,29.8
3091.5,29.8
3092.0,29.8
3092.5,29.8
3093.0,29.8
3093.5,29.8
3094.0,29.8
3094.5,29.8
3095.0,29.8
3095.5,29.8
3096.0,29.8
3096.5,29.8
3097.0,29.8
3097.5,29.8
3098.0,29.8
3098.5,29.8
3099.0,29.8
3099.5,29.8
3100.0,29.8
3100.5,29.8
3101.0,29.8
3101.5,29.8
3102.0,29.8
3102.5,29.8
3103.0,29.8
3103.5,29.8
3104.0,29.8
3104.5,29.8
3105.0,29.8
3105.5,29.8
3106.0,29.8
3106.5,29.8
3107.0,29.8
3107.5,29.8
3108.0,29.8
3108.5,29.8
3109.0,29.8
3109.5,29.8
3110.0,29.8
3110.5,29.8
3111.0,29.8
3111.5,29.8
3112.0,29.8
3112.5,29.8
3113.0,29.8
3113.5,29.8
3114.0,29.8
3114.5,29.8
3115.0,29.8
3115.5,29.8
3116.0,29.8
3116.5,29.8
3117.0,29.8
3117.5,29.8
3118.0,29.8
3118.5,29.8
3119.0,29.8
3119.5,29.8
3120.0,29.8
3120.5,29.8
3121.0,29.8
3121.5,29.8
3122.0,29.8
3122.5,29.8
3123.0,29.8
3123.5,29.8
3124.0,29.8
3124.5,29.8
3125.0,29.8
3125.5,29.9
3126.0,29.8
3126.5,29.8
3127.0,29.8
3127.5,29.8
3128.0,29.8
3128.5,29.8
3129.0,29.8
3129.5,29.8
3130.0,29.8
3130.5,29.8
3131.0,29.8
3131.5,29.8
3132.0,29.8
3132.5,29.8
3133.0,29.8
3133.5,29.8
3134.0,29.8
3134.5,29.8
3135.0,29.8
3135.5,29.8
3136.0,29.8
3136.5,29.8
3137.0,29.8
3137.5,29.8
3138.0,29.8
3138.5,29.8
3139.0,29.8
3139.5,29.8
3140.0,29.8
3140.5,29.8
3141.0,29.8
3141.5,29.8
3142.0,29.8
3142.5,29.8
3143.0,29.8
3143.5,29.8
3144.0,29.8
3144.5,29.8
3145.0,29.8
3145.5,29.8
3146.0,29.8
3146.5,29.8
3147.0,29.8
3147.5,29.8
3148.0,29.8
3148.5,29.8
3149.0,29.8
3149.5,29.8
3150.0,29.8
3150.5,29.8
3151.0,29.8
3151.5,29.8
3152.0,29.8
3152.5,29.9
3153.0,29.8
3153.5,29.8
3154.0,29.8
3154.5,29.8
3155.0,29.8
3155.5,29.8
3156.0,29.8
3156.5,29.8
3157.0,29.8
3157.5,29.8
3158.0,29.8
3158.5,29.8
3159.0,29.8
3159.5,29.8
3160.0,29.8
3160.5,29.8
3161.0,29.8
3161.5,29.8
3162.0,29.8
3162.5,29.8
3163.0,29.8
3163.5,29.8
3164.0,29.8
3164.5,29.8
3165.0,29.8
3165.5,29.8
3166.0,29.8
3166.5,29.8
3167.0,29.8
3167.5,29.8
3168.0,29.8
3168.5,29.8
3169.0,29.8
3169.5,29.8
3170.0,29.8
3170.5,29.9
3171.0,29.8
3171.5,29.8
3172.0,29.8
3172.5,29.8
3173.0,29.8
3173.5,29.8
3174.0,29.8
3174.5,29.9
3175.0,29.8
3175.5,29.8
3176.0,29.8
3176.5,29.8
3177.0,29.8
3177.5,29.9
3178.0,29.8
3178.5,29.8
3179.0,29.8
3179.5,29.8
3180.0,29.8
3180.5,29.8
3181.0,29.8
3181.5,29.8
3182.0,29.8
3182.5,29.9
3183.0,29.8
3183.5,29.8
3184.0,29.8
3184.5,29.8
3185.0,29.8
3185.5,29.8
3186.0,29.8
3186.5,29.8
3187.0,29.8
3187.5,29.9
3188.0,29.8
3188.5,29.8
3189.0,29.8
3189.5,29.8
3190.0,29.9
3190.5,29.8
3191.0,29.8
3191.5,29.8
3192.0,29.8
3192.5,29.9
3193.0,29.8
3193.5,29.8
3194.0,29.8
3194.5,29.8
3195.0,29.8
3195.5,29.8
3196.0,29.8
3196.5,29.8
3197.0,29.8
3197.5,29.8
3198.0,29.8
3198.5,29.8
3199.0,29.8
3199.5,29.8
3200.0,29.8
3200.5,29.9
3201.0,29.9
3201.5,29.8
3202.0,29.9
3202.5,29.8
3203.0,29.8
3203.5,29.9
3204.0,29.8
3204.5,29.9
3205.0,29.8
3205.5,29.8
3206.0,29.8
3206.5,29.8
3207.0,29.8
3207.5,29.8
3208.0,29.8
3208.5,29.8
3209.0,29.8
3209.5,29.9
3210.0,29.8
3210.5,29.8
3211.0,29.9
3211.5,29.8
3212.0,29.9
3212.5,29.8
3213.0,29.8
3213.5,29.8
3214.0,29.8
3214.5,29.8
3215.0,29.9
3215.5,29.8
3216.0,29.8
3216.5,29.8
3217.0,29.8
3217.5,29.9
3218.0,29.8
3218.5,29.8
3219.0,29.9
3219.5,29.8
3220.0,29.8
3220.5,29.8
3221.0,29.9
3221.5,29.8
3222.0,29.8
3222.5,29.8
3223.0,29.8
3223.5,29.8
3224.0,29.8
3224.5,29.8
3225.0,29.8
3225.5,29.8
3226.0,29.8
3226.5,29.9
3227.0,29.8
3227.5,29.9
3228.0,29.8
3228.5,29.8
3229.0,29.8
3229.5,29.8
3230.0,29.8
3230.5,29.9
3231.0,29.8
3231.5,29.8
3232.0,29.8
3232.5,29.8
3233.0,29.8
3233.5,29.9
3234.0,29.8
3234.5,29.8
3235.0,29.9
3235.5,29.8
3236.0,29.8
3236.5,29.8
3237.0,29.8
3237.5,29.8
3238.0,29.8
3238.5,29.8
3239.0,29.8
3239.5,29.9
3240.0,29.9
3240.5,29.9
3241.0,29.8
3241.5,29.8
3242.0,29.8
3242.5,29.8
3243.0,29.8
3243.5,29.8
3244.0,29.9
3244.5,29.8
3245.0,29.8
3245.5,29.8
3246.0,29.8
3246.5,29.8
3247.0,29.8
3247.5,29.8
3248.0,29.8
3248.5,29.9
3249.0,29.8
3249.5,29.8
3250.0,29.8
3250.5,29.9
3251.0,29.8
3251.5,29.9
3252.0,29.8
3252.5,29.9
3253.0,29.9
3253.5,29.8
3254.0,29.8
3254.5,29.9
3255.0,29.8
3255.5,29.9
3256.0,29.9
3256.5,29.8
3257.0,29.9
3257.5,29.8
3258.0,29.8
3258.5,29.8
3259.0,29.8
3259.5,29.9
3260.0,29.8
3260.5,29.9
3261.0,29.8
3261.5,29.8
3262.0,29.8
3262.5,29.8
3263.0,29.8
3263.5,29.8
3264.0,29.9
3264.5,29.8
3265.0,29.9
3265.5,29.8
3266.0,29.8
3266.5,29.9
3267.0,29.9
3267.5,29.8
3268.0,29.8
3268.5,29.8
3269.0,29.8
3269.5,29.8
3270.0,29.8
3270.5,29.9
3271.0,29.8
3271.5,29.8
3272.0,29.8
3272.5,29.8
3273.0,29.8
3273.5,29.8
3274.0,29.8
3274.5,29.8
3275.0,29.8
3275.5,29.8
3276.0,29.9
3276.5,29.8
3277.0,29.9
3277.5,29.8
3278.0,29.8
3278.5,29.9
3279.0,29.8
3279.5,29.8
3280.0,29.9
3280.5,29.9
3281.0,29.8
3281.5,29.8
3282.0,29.8
3282.5,29.9
3283.0,29.9
3283.5,29.9
3284.0,29.8
3284.5,29.9
3285.0,29.9
3285.5,29.8
3286.0,29.8
3286.5,29.8
3287.0,29.9
3287.5,29.9
3288.0,29.8
3288.5,29.8
3289.0,29.9
3289.5,29.8
3290.0,29.8
3290.5,29.8
3291.0,29.9
3291.5,29.9
3292.0,29.8
3292.5,29.8
3293.0,29.9
3293.5,29.9
3294.0,29.8
3294.5,29.9
3295.0,29.8
3295.5,29.8
3296.0,29.8
3296.5,29.8
3297.0,29.9
3297.5,29.8
3298.0,29.8
3298.5,29.8
3299.0,29.8
3299.5,29.9
3300.0,29.8
3300.5,29.9
3301.0,29.8
3301.5,29.8
3302.0,29.8
3302.5,29.9
3303.0,29.8
3303.5,29.8
3304.0,29.9
3304.5,29.8
3305.0,29.9
3305.5,29.8
3306.0,29.8
3306.5,29.9
3307.0,29.8
3307.5,29.9
3308.0,29.9
3308.5,29.8
3309.0,29.9
3309.5,29.8
3310.0,29.9
3310.5,29.8
3311.0,29.8
3311.5,29.8
3312.0,29.9
3312.5,29.8
3313.0,29.9
3313.5,29.9
3314.0,29.8
3314.5,29.9
3315.0,29.9
3315.5,29.8
3316.0,29.9
3316.5,29.9
3317.0,29.8
3317.5,29.8
3318.0,29.8
3318.5,29.8
3319.0,29.8
3319.5,29.9
3320.0,29.8
3320.5,29.8
3321.0,29.8
3321.5,29.9
3322.0,29.8
3322.5,29.8
3323.0,29.9
3323.5,29.9
3324.0,29.9
3324.5,29.9
3325.0,29.8
3325.5,29.8
3326.0,29.8
3326.5,29.8
3327.0,29.9
3327.5,29.8
3328.0,29.8
3328.5,29.8
3329.0,29.8
3329.5,29.8
3330.0,29.9
3330.5,29.9
3331.0,29.8
3331.5,29.8
3332.0,29.8
3332.5,29.9
3333.0,29.8
3333.5,29.8
3334.0,29.8
3334.5,29.9
3335.0,29.9
3335.5,29.8
3336.0,29.8
3336.5,29.8
3337.0,29.8
3337.5,29.9
3338.0,29.8
3338.5,29.9
3339.0,29.9
3339.5,29.9
3340.0,29.8
3340.5,29.9
3341.0,29.9
3341.5,29.8
3342.0,29.8
3342.5,29.8
3343.0,29.8
3343.5,29.8
3344.0,29.8
3344.5,29.9
3345.0,29.8
3345.5,29.8
3346.0,29.8
3346.5,29.9
3347.0,29.8
3347.5,29.9
3348.0,29.9
3348.5,29.9
3349.0,29.8
3349.5,29.8
3350.0,29.8
3350.5,29.8
3351.0,29.9
3351.5,29.9
3352.0,29.8
3352.5,29.8
3353.0,29.8
3353.5,29.8
3354.0,29.8
3354.5,29.8
3355.0,29.8
3355.5,29.8
3356.0,29.9
3356.5,29.8
3357.0,29.8
3357.5,29.8
3358.0,29.8
3358.5,29.8
3359.0,29.8
3359.5,29.8
3360.0,29.8
3360.5,29.8
3361.0,29.9
3361.5,29.9
3362.0,29.8
3362.5,29.8
3363.0,29.8
3363.5,29.9
3364.0,29.8
3364.5,29.9
3365.0,29.8
3365.5,29.8
3366.0,29.9
3366.5,29.8
3367.0,29.8
3367.5,29.9
3368.0,29.8
3368.5,29.8
3369.0,29.9
3369.5,29.8
3370.0,29.8
3370.5,29.8
3371.0,29.8
3371.5,29.8
3372.0,29.8
3372.5,29.9
3373.0,29.9
3373.5,29.8
3374.0,29.9
3374.5,29.8
3375.0,29.8
3375.5,29.9
3376.0,29.8
3376.5,29.8
3377.0,29.8
3377.5,29.8
3378.0,29.8
3378.5,29.8
3379.0,29.8
3379.5,29.9
3380.0,29.8
3380.5,29.8
3381.0,29.9
3381.5,29.9
3382.0,29.9
3382.5,29.8
3383.0,29.8
3383.5,29.8
3384.0,29.8
3384.5,29.8
3385.0,29.8
3385.5,29.8
3386.0,29.8
3386.5,29.9
3387.0,29.9
3387.5,29.8
3388.0,29.8
3388.5,29.8
3389.0,29.8
3389.5,29.8
3390.0,29.8
3390.5,29.8
3391.0,29.8
3391.5,29.8
3392.0,29.9
3392.5,29.8
3393.0,29.8
3393.5,29.8
3394.0,29.8
3394.5,29.8
3395.0,29.8
3395.5,29.8
3396.0,29.8
3396.5,29.8
3397.0,29.8
3397.5,29.9
3398.0,29.8
3398.5,29.8
3399.0,29.8
3399.5,29.8
3400.0,29.8
3400.5,29.8
3401.0,29.8
3401.5,29.8
3402.0,29.9
3402.5,29.8
3403.0,29.8
3403.5,29.9
3404.0,29.8
3404.5,29.8
3405.0,29.8
3405.5,29.8
3406.0,29.8
3406.5,29.8
3407.0,29.8
3407.5,29.8
3408.0,29.9
3408.5,29.8
3409.0,29.8
3409.5,29.8
3410.0,29.8
3410.5,29.8
3411.0,29.9
3411.5,29.8
3412.0,29.8
3412.5,29.8
3413.0,29.8
3413.5,29.8
3414.0,29.8
3414.5,29.8
3415.0,29.9
3415.5,29.9
3416.0,29.8
3416.5,29.8
3417.0,29.8
3417.5,29.8
3418.0,29.8
3418.5,29.8
3419.0,29.9
3419.5,29.8
3420.0,29.8
3420.5,29.8
3421.0,29.9
3421.5,29.9
3422.0,29.8
3422.5,29.9
3423.0,29.8
3423.5,29.8
3424.0,29.9
3424.5,29.8
3425.0,29.8
3425.5,29.8
3426.0,29.8
3426.5,29.8
3427.0,29.8
3427.5,29.8
3428.0,29.9
3428.5,29.9
3429.0,29.8
3429.5,29.8
3430.0,29.8
3430.5,29.8
3431.0,29.9
3431.5,29.8
3432.0,29.9
3432.5,29.8
3433.0,29.8
3433.5,29.9
3434.0,29.8
3434.5,29.8
3435.0,29.9
3435.5,29.8
3436.0,29.8
3436.5,29.8
3437.0,29.8
3437.5,29.8
3438.0,29.8
3438.5,29.8
3439.0,29.8
3439.5,29.9
3440.0,29.9
3440.5,29.8
3441.0,29.8
3441.5,29.8
3442.0,29.9
3442.5,29.8
3443.0,29.8
3443.5,29.8
3444.0,29.8
3444.5,29.8
3445.0,29.8
3445.5,29.8
3446.0,29.8
3446.5,29.8
3447.0,29.8
3447.5,29.8
3448.0,29.9
3448.5,29.9
3449.0,29.8
3449.5,29.8
3450.0,29.9
3450.5,29.8
3451.0,29.8
3451.5,29.8
3452.0,29.8
3452.5,29.8
3453.0,29.8
3453.5,29.8
3454.0,29.8
3454.5,29.8
3455.0,29.8
3455.5,29.8
3456.0,29.8
3456.5,29.8
3457.0,29.8
3457.5,29.8
3458.0,29.8
3458.5,29.8
3459.0,29.8
3459.5,29.8
3460.0,29.8
3460.5,29.8
3461.0,29.9
3461.5,29.8
3462.0,29.9
3462.5,29.8
3463.0,29.9
3463.5,29.8
3464.0,29.8
3464.5,29.8
3465.0,29.9
3465.5,29.8
3466.0,29.8
3466.5,29.9
3467.0,29.8
3467.5,29.8
3468.0,29.8
3468.5,29.8
3469.0,29.8
3469.5,29.8
3470.0,29.8
3470.5,29.9
3471.0,29.8
3471.5,29.9
3472.0,29.8
3472.5,29.9
3473.0,29.8
3473.5,29.8
3474.0,29.8
3474.5,29.8
3475.0,29.8
3475.5,29.8
3476.0,29.8
3476.5,29.9
3477.0,29.8
3477.5,29.8
3478.0,29.8
3478.5,29.8
3479.0,29.8
3479.5,29.8
3480.0,29.8
3480.5,29.8
3481.0,29.8
3481.5,29.8
3482.0,29.8
3482.5,29.8
3483.0,29.8
3483.5,29.8
3484.0,29.8
3484.5,29.8
3485.0,29.8
3485.5,29.8
3486.0,29.8
3486.5,29.9
3487.0,29.8
3487.5,29.8
3488.0,29.8
3488.5,29.8
3489.0,29.8
3489.5,29.8
3490.0,29.8
3490.5,29.8
3491.0,29.8
3491.5,29.8
3492.0,29.8
3492.5,29.9
3493.0,29.8
3493.5,29.9
3494.0,29.8
3494.5,29.8
3495.0,29.8
3495.5,29.8
3496.0,29.8
3496.5,29.8
3497.0,29.8
3497.5,29.8
3498.0,29.8
3498.5,29.8
3499.0,29.8
3499.5,29.8
3500.0,29.8
3500.5,29.9
3501.0,29.8
3501.5,29.8
3502.0,29.8
3502.5,29.9
3503.0,29.8
3503.5,29.8
3504.0,29.8
3504.5,29.8
3505.0,29.8
3505.5,29.8
3506.0,29.8
3506.5,29.8
3507.0,29.8
3507.5,29.8
3508.0,29.8
3508.5,29.8
3509.0,29.9
3509.5,29.9
3510.0,29.8
3510.5,29.8
3511.0,29.8
3511.5,29.8
3512.0,29.8
3512.5,29.8
3513.0,29.8
3513.5,29.8
3514.0,29.8
3514.5,29.8
3515.0,29.8
3515.5,29.8
3516.0,29.8
3516.5,29.8
3517.0,29.8
3517.5,29.8
3518.0,29.8
3518.5,29.9
3519.0,29.8
3519.5,29.8
3520.0,29.8
3520.5,29.8
3521.0,29.9
3521.5,29.8
3522.0,29.8
3522.5,29.8
3523.0,29.9
3523.5,29.8
3524.0,29.8
3524.5,29.8
3525.0,29.8
3525.5,29.8
3526.0,29.8
3526.5,29.8
3527.0,29.8
3527.5,29.9
3528.0,29.8
3528.5,29.8
3529.0,29.9
3529.5,29.8
3530.0,29.8
3530.5,29.8
3531.0,29.8
3531.5,29.8
3532.0,29.9
3532.5,29.8
3533.0,29.9
3533.5,29.8
3534.0,29.8
3534.5,29.8
3535.0,29.8
3535.5,29.8
3536.0,29.8
3536.5,29.8
3537.0,29.8
3537.5,29.8
3538.0,29.8
3538.5,29.8
3539.0,29.8
3539.5,29.9
3540.0,29.9
3540.5,29.8
3541.0,29.9
3541.5,29.9
3542.0,29.9
3542.5,29.8
3543.0,29.8
3543.5,29.8
3544.0,29.8
3544.5,29.8
3545.0,29.8
3545.5,29.8
3546.0,29.8
3546.5,29.8
3547.0,29.8
3547.5,29.8
3548.0,29.8
3548.5,29.8
3549.0,29.8
3549.5,29.8
3550.0,29.9
3550.5,29.8
3551.0,29.8
3551.5,29.8
3552.0,29.8
3552.5,29.8
3553.0,29.8
3553.5,29.8
3554.0,29.8
3554.5,29.8
3555.0,29.8
3555.5,29.8
3556.0,29.8
3556.5,29.8
3557.0,29.8
3557.5,29.8
3558.0,29.8
3558.5,29.9
3559.0,29.8
3559.5,29.9
3560.0,29.8
3560.5,29.8
3561.0,29.8
3561.5,29.9
3562.0,29.9
3562.5,29.8
3563.0,29.8
3563.5,29.8
3564.0,29.8
3564.5,29.8
3565.0,29.9
3565.5,29.8
3566.0,29.8
3566.5,29.9
3567.0,29.8
3567.5,29.8
3568.0,29.8
3568.5,29.8
3569.0,29.8
3569.5,29.8
3570.0,29.8
3570.5,29.8
3571.0,29.8
3571.5,29.8
3572.0,29.8
3572.5,29.8
3573.0,29.8
3573.5,29.9
3574.0,29.9
3574.5,29.8
3575.0,29.8
3575.5,29.8
3576.0,29.8
3576.5,29.8
3577.0,29.8
3577.5,29.9
3578.0,29.8
3578.5,29.8
3579.0,29.8
3579.5,29.8
3580.0,29.9
3580.5,29.9
3581.0,29.8
3581.5,29.8
3582.0,29.8
3582.5,29.8
3583.0,29.8
3583.5,29.8
3584.0,29.8
3584.5,29.8
3585.0,29.9
3585.5,29.8
3586.0,29.8
3586.5,29.8
3587.0,29.8
3587.5,29.8
3588.0,29.8
3588.5,29.8
3589.0,29.8
3589.5,29.8
3590.0,29.9
3590.5,29.9
3591.0,29.8
3591.5,29.8
3592.0,29.8
3592.5,29.8
3593.0,29.8
3593.5,29.8
3594.0,29.9
3594.5,29.8
3595.0,29.9
3595.5,29.9
3596.0,29.8
3596.5,29.8
3597.0,29.8
3597.5,29.8
3598.0,29.8
3598.5,29.8
3599.0,29.9
3599.5,29.8
3600.0,29.8
3600.5,29.9
3601.0,29.8
3601.5,29.8
3602.0,29.8
3602.5,29.8
3603.0,29.8
3603.5,29.8
3604.0,29.8
3604.5,29.8
3605.0,29.8
3605.5,29.9
3606.0,29.9
3606.5,29.8
3607.0,29.8
3607.5,29.8
3608.0,29.9
3608.5,29.8
3609.0,29.8
3609.5,29.8
3610.0,29.9
3610.5,29.8
3611.0,29.8
3611.5,29.8
3612.0,29.8
3612.5,29.8
3613.0,29.8
3613.5,29.8
3614.0,29.9
3614.5,29.8
3615.0,29.8
3615.5,29.8
3616.0,29.8
3616.5,29.8
3617.0,29.9
3617.5,29.9
3618.0,29.8
3618.5,29.8
3619.0,29.9
3619.5,29.8
3620.0,29.8
3620.5,29.8
3621.0,29.8
3621.5,29.8
3622.0,29.9
3622.5,29.8
3623.0,29.9
3623.5,29.9
3624.0,29.8
3624.5,29.8
3625.0,29.8
3625.5,29.8
3626.0,29.8
3626.5,29.8
3627.0,29.8
3627.5,29.8
3628.0,29.8
3628.5,29.8
3629.0,29.8
3629.5,29.8
3630.0,29.9
3630.5,29.8
3631.0,29.8
3631.5,29.8
3632.0,29.8
3632.5,29.8
3633.0,29.8
3633.5,29.8
3634.0,29.8
3634.5,29.8
3635.0,29.8
3635.5,29.8
3636.0,29.8
3636.5,29.8
3637.0,29.8
3637.5,29.8
3638.0,29.8
3638.5,29.8
3639.0,29.8
3639.5,29.8
3640.0,29.8
3640.5,29.8
3641.0,29.8
3641.5,29.9
3642.0,29.8
3642.5,29.8
3643.0,29.8
3643.5,29.8
3644.0,29.8
3644.5,29.8
3645.0,29.8
3645.5,29.9
3646.0,29.8
3646.5,29.8
3647.0,29.8
3647.5,29.8
3648.0,29.8
3648.5,29.8
3649.0,29.9
3649.5,29.8
3650.0,29.8
3650.5,29.8
3651.0,29.8
3651.5,29.8
3652.0,29.8
3652.5,29.8
3653.0,29.8
3653.5,29.8
3654.0,29.8
3654.5,29.8
3655.0,29.8
3655.5,29.8
3656.0,29.8
3656.5,29.8
3657.0,29.8
3657.5,29.8
3658.0,29.9
3658.5,29.8
3659.0,29.8
3659.5,29.8
3660.0,29.9
3660.5,29.8
3661.0,29.8
3661.5,29.8
3662.0,29.9
3662.5,29.8
3663.0,29.8
3663.5,29.8
3664.0,29.8
3664.5,29.8
3665.0,29.8
3665.5,29.9
3666.0,29.8
3666.5,29.9
3667.0,29.8
3667.5,29.8
3668.0,29.8
3668.5,29.8
3669.0,29.8
3669.5,29.8
3670.0,29.8
3670.5,29.8
3671.0,29.8
3671.5,29.8
3672.0,29.9
3672.5,29.8
3673.0,29.9
3673.5,29.8
3674.0,29.8
3674.5,29.9
3675.0,29.8
3675.5,29.8
3676.0,29.8
3676.5,29.8
3677.0,29.8
3677.5,29.8
3678.0,29.8
3678.5,29.9
3679.0,29.8
3679.5,29.8
3680.0,29.9
3680.5,29.9
3681.0,29.8
3681.5,29.8
3682.0,29.8
3682.5,29.9
3683.0,29.8
3683.5,29.8
3684.0,29.8
3684.5,29.8
3685.0,29.8
3685.5,29.8
3686.0,29.8
3686.5,29.8
3687.0,29.8
3687.5,29.8
3688.0,29.8
3688.5,29.8
3689.0,29.8
3689.5,29.9
3690.0,29.8
3690.5,29.8
3691.0,29.8
3691.5,29.8
3692.0,29.8
3692.5,29.8
3693.0,29.8
3693.5,29.8
3694.0,29.8
3694.5,29.8
3695.0,29.8
3695.5,29.8
3696.0,29.8
3696.5,29.8
3697.0,29.8
3697.5,29.8
3698.0,29.8
3698.5,29.8
3699.0,29.8
3699.5,29.8
3700.0,29.8
3700.5,29.8
3701.0,29.8
3701.5,29.8
3702.0,29.8
3702.5,29.8
3703.0,29.9
3703.5,29.9
3704.0,29.8
3704.5,29.8
3705.0,29.8
3705.5,29.8
3706.0,29.8
3706.5,29.8
3707.0,29.9
3707.5,29.8
3708.0,29.8
3708.5,29.9
3709.0,29.9
3709.5,29.8
3710.0,29.8
3710.5,29.8
3711.0,29.9
3711.5,29.9
3712.0,29.8
3712.5,29.8
3713.0,29.9
3713.5,29.8
3714.0,29.8
3714.5,29.8
3715.0,29.8
3715.5,29.9
3716.0,29.9
3716.5,29.8
3717.0,29.8
3717.5,29.8
3718.0,29.8
3718.5,29.8
3719.0,29.8
3719.5,29.8
3720.0,29.8
3720.5,29.8
3721.0,29.8
3721.5,29.8
3722.0,29.8
3722.5,29.8
3723.0,29.8
3723.5,29.8
3724.0,29.8
3724.5,29.8
3725.0,29.8
3725.5,29.8
3726.0,29.9
3726.5,29.8
3727.0,29.8
3727.5,29.8
3728.0,29.8
3728.5,29.8
3729.0,29.8
3729.5,29.9
3730.0,29.9
3730.5,29.8
3731.0,29.8
3731.5,29.8
3732.0,29.8
3732.5,29.9
3733.0,29.8
3733.5,29.8
3734.0,29.9
3734.5,29.8
3735.0,29.8
3735.5,29.8
3736.0,29.8
3736.5,29.9
3737.0,29.8
3737.5,29.8
3738.0,29.8
3738.5,29.8
3739.0,29.8
3739.5,29.8
3740.0,29.8
3740.5,29.8
3741.0,29.8
3741.5,29.9
3742.0,29.8
3742.5,29.8
3743.0,29.8
3743.5,29.8
3744.0,29.8
3744.5,29.8
3745.0,29.8
3745.5,29.8
3746.0,29.8
3746.5,29.9
3747.0,29.9
3747.5,29.8
3748.0,29.8
3748.5,29.8
3749.0,29.8
3749.5,29.8
3750.0,29.8
3750.5,29.9
3751.0,29.9
3751.5,29.8
3752.0,29.8
3752.5,29.8
3753.0,29.8
3753.5,29.9
3754.0,29.9
3754.5,29.9
3755.0,29.8
3755.5,29.8
3756.0,29.8
3756.5,29.9
3757.0,29.8
3757.5,29.8
3758.0,29.8
3758.5,29.8
3759.0,29.8
3759.5,29.9
3760.0,29.8
3760.5,29.8
3761.0,29.8
3761.5,29.8
3762.0,29.9
3762.5,29.9
3763.0,29.8
3763.5,29.9
3764.0,29.9
3764.5,29.8
3765.0,29.8
3765.5,29.8
3766.0,29.9
3766.5,29.8
3767.0,29.9
3767.5,29.8
3768.0,29.8
3768.5,29.8
3769.0,29.8
3769.5,29.9
3770.0,29.8
3770.5,29.9
3771.0,29.8
3771.5,29.8
3772.0,29.8
3772.5,29.8
3773.0,29.8
3773.5,29.8
3774.0,29.8
3774.5,29.8
3775.0,29.8
3775.5,29.9
3776.0,29.8
3776.5,29.8
3777.0,29.8
3777.5,29.9
3778.0,29.8
3778.5,29.8
3779.0,29.8
3779.5,29.8
3780.0,29.8
3780.5,29.8
3781.0,29.8
3781.5,29.8
3782.0,29.8
3782.5,29.8
3783.0,29.8
3783.5,29.8
3784.0,29.9
3784.5,29.8
3785.0,29.8
3785.5,29.8
3786.0,29.8
3786.5,29.8
3787.0,29.8
3787.5,29.8
3788.0,29.8
3788.5,29.9
3789.0,29.8
3789.5,29.8
3790.0,29.8
3790.5,29.8
3791.0,29.8
3791.5,29.8
3792.0,29.8
3792.5,29.9
3793.0,29.8
3793.5,29.8
3794.0,29.9
3794.5,29.9
3795.0,29.8
3795.5,29.9
3796.0,29.9
3796.5,29.8
3797.0,29.9
3797.5,29.8
3798.0,29.8
3798.5,29.8
3799.0,29.8
3799.5,29.9
3800.0,29.8
3800.5,29.8
3801.0,29.9
3801.5,29.8
3802.0,29.8
3802.5,29.8
3803.0,29.8
3803.5,29.8
3804.0,29.9
3804.5,29.8
3805.0,29.9
3805.5,29.8
3806.0,29.9
3806.5,29.8
3807.0,29.8
3807.5,29.8
3808.0,29.8
3808.5,29.8
3809.0,29.8
3809.5,29.9
3810.0,29.8
3810.5,29.8
3811.0,29.8
3811.5,29.8
3812.0,29.8
3812.5,29.8
3813.0,29.8
3813.5,29.8
3814.0,29.8
3814.5,29.9
3815.0,29.8
3815.5,29.8
3816.0,29.8
3816.5,29.9
3817.0,29.8
3817.5,29.8
3818.0,29.8
3818.5,29.8
3819.0,29.8
3819.5,29.8
3820.0,29.9
3820.5,29.8
3821.0,29.8
3821.5,29.9
3822.0,29.8
3822.5,29.8
3823.0,29.8
3823.5,29.9
3824.0,29.8
3824.5,29.8
3825.0,29.8
3825.5,29.8
3826.0,29.8
3826.5,29.8
3827.0,29.8
3827.5,29.9
3828.0,29.8
3828.5,29.8
3829.0,29.8
3829.5,29.8
3830.0,29.8
3830.5,29.9
3831.0,29.8
3831.5,29.8
3832.0,29.8
3832.5,29.8
3833.0,29.8
3833.5,29.8
3834.0,29.8
3834.5,29.8
3835.0,29.8
3835.5,29.9
3836.0,29.8
3836.5,29.9
3837.0,29.8
3837.5,29.9
3838.0,29.9
3838.5,29.8
3839.0,29.8
3839.5,29.8
3840.0,29.8
3840.5,29.8
3841.0,29.8
3841.5,29.9
3842.0,29.8
3842.5,29.8
3843.0,29.8
3843.5,29.8
3844.0,29.9
3844.5,29.8
3845.0,29.9
3845.5,29.8
3846.0,29.9
3846.5,29.8
3847.0,29.8
3847.5,29.8
3848.0,29.9
3848.5,29.8
3849.0,29.8
3849.5,29.9
3850.0,29.8
3850.5,29.8
3851.0,29.8
3851.5,29.9
3852.0,29.8
3852.5,29.8
3853.0,29.9
3853.5,29.8
3854.0,29.8
3854.5,29.9
3855.0,29.9
3855.5,29.9
3856.0,29.9
3856.5,29.9
3857.0,29.8
3857.5,29.8
3858.0,29.8
3858.5,29.8
3859.0,29.8
3859.5,29.8
3860.0,29.8
3860.5,29.8
3861.0,29.8
3861.5,29.9
3862.0,29.8
3862.5,29.8
3863.0,29.9
3863.5,29.9
3864.0,29.8
3864.5,29.9
3865.0,29.8
3865.5,29.8
3866.0,29.8
3866.5,29.8
3867.0,29.8
3867.5,29.9
3868.0,29.8
3868.5,29.8
3869.0,29.8
3869.5,29.8
3870.0,29.9
3870.5,29.9
3871.0,29.8
3871.5,29.9
3872.0,29.8
3872.5,29.9
3873.0,29.8
3873.5,29.8
3874.0,29.8
3874.5,29.8
3875.0,29.8
3875.5,29.8
3876.0,29.8
3876.5,29.8
3877.0,29.8
3877.5,29.8
3878.0,29.8
3878.5,29.9
3879.0,29.8
3879.5,29.9
3880.0,29.8
3880.5,29.9
3881.0,29.8
3881.5,29.9
3882.0,29.9
3882.5,29.8
3883.0,29.8
3883.5,29.8
3884.0,29.8
3884.5,29.9
3885.0,29.9
3885.5,29.9
3886.0,29.9
3886.5,29.8
3887.0,29.8
3887.5,29.9
3888.0,29.8
3888.5,29.8
3889.0,29.8
3889.5,29.8
3890.0,29.8
3890.5,29.8
3891.0,29.8
3891.5,29.8
3892.0,29.9
3892.5,29.9
3893.0,29.8
3893.5,29.9
3894.0,29.9
3894.5,29.9
3895.0,29.8
3895.5,29.8
3896.0,29.9
3896.5,29.8
3897.0,29.8
3897.5,29.8
3898.0,29.9
3898.5,29.9
3899.0,29.8
3899.5,29.9
3900.0,29.8
3900.5,29.9
3901.0,29.8
3901.5,29.8
3902.0,29.8
3902.5,29.8
3903.0,29.8
3903.5,29.8
3904.0,29.8
3904.5,29.8
3905.0,29.8
3905.5,29.8
3906.0,29.9
3906.5,29.8
3907.0,29.8
3907.5,29.8
3908.0,29.9
3908.5,29.8
3909.0,29.8
3909.5,29.8
3910.0,29.8
3910.5,29.8
3911.0,29.9
3911.5,29.8
3912.0,29.8
3912.5,29.9
3913.0,29.8
3913.5,29.8
3914.0,29.8
3914.5,29.9
3915.0,29.8
3915.5,29.9
3916.0,29.9
3916.5,29.8
3917.0,29.9
3917.5,29.8
3918.0,29.8
3918.5,29.8
3919.0,29.9
3919.5,29.9
3920.0,29.9
3920.5,29.9
3921.0,29.8
3921.5,29.8
3922.0,29.8
3922.5,29.8
3923.0,29.8
3923.5,29.9
3924.0,29.8
3924.5,29.8
3925.0,29.9
3925.5,29.8
3926.0,29.9
3926.5,29.9
3927.0,29.8
3927.5,29.8
3928.0,29.9
3928.5,29.8
3929.0,29.8
3929.5,29.9
3930.0,29.9
3930.5,29.9
3931.0,29.8
3931.5,29.8
3932.0,29.9
3932.5,29.9
3933.0,29.9
3933.5,29.8
3934.0,29.8
3934.5,29.9
3935.0,29.9
3935.5,29.8
3936.0,29.8
3936.5,29.9
3937.0,29.8
3937.5,29.8
3938.0,29.9
3938.5,29.8
3939.0,29.8
3939.5,29.9
3940.0,29.8
3940.5,29.9
3941.0,29.8
3941.5,29.8
3942.0,29.9
3942.5,29.9
3943.0,29.8
3943.5,29.9
3944.0,29.9
3944.5,29.8
3945.0,29.9
3945.5,29.9
3946.0,29.9
3946.5,29.8
3947.0,29.8
3947.5,29.8
3948.0,29.8
3948.5,29.8
3949.0,29.9
3949.5,29.8
3950.0,29.8
3950.5,29.8
3951.0,29.9
3951.5,29.9
3952.0,29.8
3952.5,29.9
3953.0,29.8
3953.5,29.9
3954.0,29.9
3954.5,29.8
3955.0,29.9
3955.5,29.9
3956.0,29.9
3956.5,29.9
3957.0,29.9
3957.5,29.8
3958.0,29.9
3958.5,29.9
3959.0,29.9
3959.5,29.8
3960.0,29.9
3960.5,29.9
3961.0,29.8
3961.5,29.8
3962.0,29.9
3962.5,29.9
3963.0,29.8
3963.5,29.9
3964.0,29.8
3964.5,29.9
3965.0,29.9
3965.5,29.8
3966.0,29.9
3966.5,29.8
3967.0,29.8
3967.5,29.9
3968.0,29.9
3968.5,29.9
3969.0,29.9
3969.5,29.8
3970.0,29.8
3970.5,29.9
3971.0,29.9
3971.5,29.8
3972.0,29.8
3972.5,29.8
3973.0,29.9
3973.5,29.9
3974.0,29.9
3974.5,29.8
3975.0,29.9
3975.5,29.8
3976.0,29.8
3976.5,29.9
3977.0,29.9
3977.5,29.8
3978.0,29.8
3978.5,29.8
3979.0,29.9
3979.5,29.8
3980.0,29.9
3980.5,29.8
3981.0,29.8
3981.5,29.8
3982.0,29.8
3982.5,29.9
3983.0,29.9
3983.5,29.8
3984.0,29.9
3984.5,29.9
3985.0,29.9
3985.5,29.8
3986.0,29.9
3986.5,29.9
3987.0,29.9
3987.5,29.9
3988.0,29.9
3988.5,29.8
3989.0,29.9
3989.5,29.8
3990.0,29.8
3990.5,29.8
3991.0,29.9
3991.5,29.8
3992.0,29.9
3992.5,29.8
3993.0,29.8
3993.5,29.9
3994.0,29.9
3994.5,29.9
3995.0,29.9
3995.5,29.8
3996.0,29.8
3996.5,29.8
3997.0,29.9
3997.5,29.9
3998.0,29.9
3998.5,29.9
3999.0,29.8
3999.5,29.8
4000.0,29.9
4000.5,29.8
4001.0,29.8
4001.5,29.8
4002.0,29.8
4002.5,29.9
4003.0,29.9
4003.5,29.8
4004.0,29.8
4004.5,29.8
4005.0,29.9
4005.5,29.8
4006.0,29.8
4006.5,29.8
4007.0,29.9
4007.5,29.9
4008.0,29.8
4008.5,29.9
4009.0,29.9
4009.5,29.9
4010.0,29.8
4010.5,29.9
4011.0,29.9
4011.5,29.8
4012.0,29.8
4012.5,29.9
4013.0,29.9
4013.5,29.9
4014.0,29.9
4014.5,29.9
4015.0,29.9
4015.5,29.8
4016.0,29.9
4016.5,29.9
4017.0,29.9
4017.5,29.9
4018.0,29.9
4018.5,29.8
4019.0,29.8
4019.5,29.8
4020.0,29.8
4020.5,29.8
4021.0,29.8
4021.5,29.9
4022.0,29.9
4022.5,29.8
4023.0,29.9
4023.5,29.8
4024.0,29.8
4024.5,29.9
4025.0,29.8
4025.5,29.8
4026.0,29.8
4026.5,29.8
4027.0,29.8
4027.5,29.9
4028.0,29.8
4028.5,29.8
4029.0,29.8
4029.5,29.8
4030.0,29.9
4030.5,29.8
4031.0,29.9
4031.5,29.9
4032.0,29.8
4032.5,29.9
4033.0,29.8
4033.5,29.9
4034.0,29.9
4034.5,29.8
4035.0,29.8
4035.5,29.9
4036.0,29.9
4036.5,29.9
4037.0,29.8
4037.5,29.9
4038.0,29.8
4038.5,29.9
4039.0,29.8
4039.5,29.9
4040.0,29.9
4040.5,29.9
4041.0,29.9
4041.5,29.9
4042.0,29.9
4042.5,29.9
4043.0,29.9
4043.5,29.8
4044.0,29.9
4044.5,29.9
4045.0,29.9
4045.5,29.8
4046.0,29.8
4046.5,29.8
4047.0,29.8
4047.5,29.9
4048.0,29.8
4048.5,29.9
4049.0,29.9
4049.5,29.8
4050.0,29.9
4050.5,29.9
4051.0,29.8
4051.5,29.9
4052.0,29.8
4052.5,29.8
4053.0,29.9
4053.5,29.8
4054.0,29.9
4054.5,29.8
4055.0,29.9
4055.5,29.9
4056.0,29.9
4056.5,29.9
4057.0,29.9
4057.5,29.9
4058.0,29.8
4058.5,29.9
4059.0,29.9
4059.5,29.8
4060.0,29.9
4060.5,29.8
4061.0,29.9
4061.5,29.9
4062.0,29.8
4062.5,29.8
4063.0,29.9
4063.5,29.8
4064.0,29.9
4064.5,29.8
4065.0,29.8
4065.5,29.8
4066.0,29.9
4066.5,29.9
4067.0,29.9
4067.5,29.8
4068.0,29.9
4068.5,29.9
4069.0,29.8
4069.5,29.9
4070.0,29.9
4070.5,29.8
4071.0,29.8
4071.5,29.9
4072.0,29.9
4072.5,29.8
4073.0,29.9
4073.5,29.9
4074.0,29.8
4074.5,29.9
4075.0,29.9
4075.5,29.8
4076.0,29.8
4076.5,29.8
4077.0,29.8
4077.5,29.9
4078.0,29.9
4078.5,29.9
4079.0,29.8
4079.5,29.8
4080.0,29.9
4080.5,29.9
4081.0,29.8
4081.5,29.9
4082.0,29.8
4082.5,29.9
4083.0,29.8
4083.5,29.9
4084.0,29.9
4084.5,29.9
4085.0,29.9
4085.5,29.8
4086.0,29.9
4086.5,29.9
4087.0,29.9
4087.5,29.9
4088.0,29.9
4088.5,29.9
4089.0,29.9
4089.5,29.9
4090.0,29.8
4090.5,29.9
4091.0,29.9
4091.5,29.8
4092.0,29.8
4092.5,29.9
4093.0,29.8
4093.5,29.8
4094.0,29.9
4094.5,29.9
4095.0,29.9
4095.5,29.9
4096.0,29.8
4096.5,29.8
4097.0,29.8
4097.5,29.9
4098.0,29.8
4098.5,29.8
4099.0,29.8
4099.5,29.8
4100.0,29.8
4100.5,29.9
4101.0,29.9
4101.5,29.9
4102.0,29.8
4102.5,29.9
4103.0,29.9
4103.5,29.9
4104.0,29.9
4104.5,29.9
4105.0,29.8
4105.5,29.8
4106.0,29.9
4106.5,29.9
4107.0,29.9
4107.5,29.9
4108.0,29.9
4108.5,29.9
4109.0,29.9
4109.5,29.9
4110.0,29.9
4110.5,29.8
4111.0,29.9
4111.5,29.9
4112.0,29.9
4112.5,29.9
4113.0,29.9
4113.5,29.8
4114.0,29.9
4114.5,29.9
4115.0,29.8
4115.5,29.9
4116.0,29.8
4116.5,29.8
4117.0,29.9
4117.5,29.8
4118.0,29.8
4118.5,29.8
4119.0,29.9
4119.5,29.8
4120.0,29.9
4120.5,29.9
4121.0,29.8
4121.5,29.8
4122.0,29.9
4122.5,29.9
4123.0,29.9
4123.5,29.9
4124.0,29.9
4124.5,29.9
4125.0,29.9
4125.5,29.8
4126.0,29.9
4126.5,29.8
4127.0,29.9
4127.5,29.9
4128.0,29.8
4128.5,29.9
4129.0,29.8
4129.5,29.9
4130.0,29.9
4130.5,29.9
4131.0,29.8
4131.5,29.9
4132.0,29.9
4132.5,29.9
4133.0,29.8
4133.5,29.8
4134.0,29.9
4134.5,29.8
4135.0,29.8
4135.5,29.8
4136.0,29.8
4136.5,29.8
4137.0,29.9
4137.5,29.9
4138.0,29.9
4138.5,29.8
4139.0,29.8
4139.5,29.9
4140.0,29.9
4140.5,29.9
4141.0,29.9
4141.5,29.9
4142.0,29.9
4142.5,29.8
4143.0,29.9
4143.5,29.9
4144.0,29.9
4144.5,29.9
4145.0,29.8
4145.5,29.9
4146.0,29.8
4146.5,29.9
4147.0,29.8
4147.5,29.9
4148.0,29.9
4148.5,29.9
4149.0,29.9
4149.5,29.8
4150.0,29.9
4150.5,29.8
4151.0,29.9
4151.5,29.9
4152.0,29.9
4152.5,29.8
4153.0,29.9
4153.5,29.8
4154.0,29.8
4154.5,29.8
4155.0,29.9
4155.5,29.8
4156.0,29.8
4156.5,29.9
4157.0,29.8
4157.5,29.9
4158.0,29.9
4158.5,29.8
4159.0,29.8
4159.5,29.9
4160.0,29.9
4160.5,29.9
4161.0,29.9
4161.5,29.9
4162.0,29.9
4162.5,29.9
4163.0,29.8
4163.5,29.9
4164.0,29.9
4164.5,29.8
4165.0,29.9
4165.5,29.8
4166.0,29.9
4166.5,29.9
4167.0,29.9
4167.5,29.9
4168.0,29.8
4168.5,29.9
4169.0,29.8
4169.5,29.8
4170.0,29.9
4170.5,29.9
4171.0,29.9
4171.5,29.9
4172.0,29.9
4172.5,29.8
4173.0,29.9
4173.5,29.9
4174.0,29.9
4174.5,29.8
4175.0,29.9
4175.5,29.9
4176.0,29.8
4176.5,29.9
4177.0,29.9
4177.5,29.9
4178.0,29.9
4178.5,29.9
4179.0,29.9
4179.5,29.9
4180.0,29.8
4180.5,29.8
4181.0,29.9
4181.5,29.9
4182.0,29.9
4182.5,29.9
4183.0,29.9
4183.5,29.9
4184.0,29.9
4184.5,29.9
4185.0,29.8
4185.5,29.9
4186.0,29.8
4186.5,29.9
4187.0,29.8
4187.5,29.8
4188.0,29.9
4188.5,29.9
4189.0,29.8
4189.5,29.9
4190.0,29.9
4190.5,29.8
4191.0,29.9
4191.5,29.9
4192.0,29.8
4192.5,29.9
4193.0,29.9
4193.5,29.9
4194.0,29.8
4194.5,29.9
4195.0,29.9
4195.5,29.8
4196.0,29.8
4196.5,29.9
4197.0,29.9
4197.5,29.9
4198.0,29.9
4198.5,29.9
4199.0,29.8
4199.5,29.9
4200.0,29.9
4200.5,29.8
4201.0,29.9
4201.5,29.9
4202.0,29.9
4202.5,29.9
4203.0,29.9
4203.5,29.8
4204.0,29.9
4204.5,29.9
4205.0,29.8
4205.5,29.8
4206.0,29.8
4206.5,29.9
4207.0,29.9
4207.5,29.9
4208.0,29.9
4208.5,29.9
4209.0,29.9
4209.5,29.8
4210.0,29.8
4210.5,29.9
4211.0,29.9
4211.5,29.8
4212.0,29.9
4212.5,29.9
4213.0,29.8
4213.5,29.8
4214.0,29.9
4214.5,29.8
4215.0,29.8
4215.5,29.9
4216.0,29.8
4216.5,29.9
4217.0,29.9
4217.5,29.9
4218.0,29.9
4218.5,29.8
4219.0,29.9
4219.5,29.9
4220.0,29.8
4220.5,29.9
4221.0,29.8
4221.5,29.8
4222.0,29.9
4222.5,29.9
4223.0,29.8
4223.5,29.9
4224.0,29.8
4224.5,29.8
4225.0,29.9
4225.5,29.9
4226.0,29.8
4226.5,29.8
4227.0,29.9
4227.5,29.9
4228.0,29.8
4228.5,29.9
4229.0,29.8
4229.5,29.8
4230.0,29.9
4230.5,29.8
4231.0,29.8
4231.5,29.8
4232.0,29.9
4232.5,29.8
4233.0,29.9
4233.5,29.8
4234.0,29.8
4234.5,29.9
4235.0,29.9
4235.5,29.9
4236.0,29.8
4236.5,29.9
4237.0,29.9
4237.5,29.9
4238.0,29.9
4238.5,29.8
4239.0,29.9
4239.5,29.9
4240.0,29.8
4240.5,29.9
4241.0,29.9
4241.5,29.9
4242.0,29.8
4242.5,29.9
4243.0,29.9
4243.5,29.8
4244.0,29.9
4244.5,29.9
4245.0,29.8
4245.5,29.9
4246.0,29.9
4246.5,29.9
4247.0,29.9
4247.5,29.8
4248.0,29.9
4248.5,29.9
4249.0,29.9
4249.5,29.9
4250.0,29.9
4250.5,29.9
4251.0,29.8
4251.5,29.9
4252.0,29.9
4252.5,29.8
4253.0,29.9
4253.5,29.8
4254.0,29.9
4254.5,29.9
4255.0,29.9
4255.5,29.9
4256.0,29.9
4256.5,29.8
4257.0,29.8
4257.5,29.8
4258.0,29.8
4258.5,29.9
4259.0,29.9
4259.5,29.9
4260.0,29.8
4260.5,29.9
4261.0,29.8
4261.5,29.8
4262.0,29.8
4262.5,29.9
4263.0,29.8
4263.5,29.9
4264.0,29.9
4264.5,29.8
4265.0,29.8
4265.5,29.9
4266.0,29.8
4266.5,29.8
4267.0,29.8
4267.5,29.8
4268.0,29.8
4268.5,29.9
4269.0,29.9
4269.5,29.8
4270.0,29.8
4270.5,29.9
4271.0,29.9
4271.5,29.9
4272.0,29.9
4272.5,29.8
4273.0,29.8
4273.5,29.8
4274.0,29.8
4274.5,29.9
4275.0,29.9
4275.5,29.8
4276.0,29.8
4276.5,29.9
4277.0,29.9
4277.5,29.8
4278.0,29.9
4278.5,29.8
4279.0,29.9
4279.5,29.8
4280.0,29.9
4280.5,29.9
4281.0,29.8
4281.5,29.8
4282.0,29.8
4282.5,29.8
4283.0,29.9
4283.5,29.9
4284.0,29.9
4284.5,29.8
4285.0,29.9
4285.5,29.8
4286.0,29.9
4286.5,29.9
4287.0,29.8
4287.5,29.9
4288.0,29.9
4288.5,29.9
4289.0,29.8
4289.5,29.8
4290.0,29.9
4290.5,29.9
4291.0,29.8
4291.5,29.9
4292.0,29.8
4292.5,29.9
4293.0,29.8
4293.5,29.8
4294.0,29.9
4294.5,29.9
4295.0,29.9
4295.5,29.8
4296.0,29.9
4296.5,29.8
4297.0,29.9
4297.5,29.9
4298.0,29.8
4298.5,29.8
4299.0,29.9
4299.5,29.8
4300.0,29.8
4300.5,29.8
4301.0,29.8
4301.5,29.8
4302.0,29.8
4302.5,29.8
4303.0,29.9
4303.5,29.8
4304.0,29.9
4304.5,29.9
4305.0,29.8
4305.5,29.9
4306.0,29.9
4306.5,29.9
4307.0,29.8
4307.5,29.9
4308.0,29.8
4308.5,29.8
4309.0,29.9
4309.5,29.8
4310.0,29.8
4310.5,29.8
4311.0,29.9
4311.5,29.8
4312.0,29.8
4312.5,29.8
4313.0,29.9
4313.5,29.8
4314.0,29.9
4314.5,29.8
4315.0,29.8
4315.5,29.8
4316.0,29.9
4316.5,29.8
4317.0,29.8
4317.5,29.8
4318.0,29.8
4318.5,29.8
4319.0,29.8
4319.5,29.9
4320.0,29.8
4320.5,29.8
4321.0,29.8
4321.5,29.9
4322.0,29.9
4322.5,29.9
4323.0,29.8
4323.5,29.8
4324.0,29.9
4324.5,29.9
4325.0,29.8
4325.5,29.8
4326.0,29.9
4326.5,29.8
4327.0,29.8
4327.5,29.8
4328.0,29.9
4328.5,29.8
4329.0,29.9
4329.5,29.8
4330.0,29.9
4330.5,29.8
4331.0,29.8
4331.5,29.8
4332.0,29.8
4332.5,29.8
4333.0,29.8
4333.5,29.9
4334.0,29.9
4334.5,29.9
4335.0,29.8
4335.5,29.8
4336.0,29.8
4336.5,29.8
4337.0,29.8
4337.5,29.8
4338.0,29.8
4338.5,29.8
4339.0,29.8
4339.5,29.9
4340.0,29.9
4340.5,29.8
4341.0,29.8
4341.5,29.9
4342.0,29.9
4342.5,29.8
4343.0,29.8
4343.5,29.8
4344.0,29.8
4344.5,29.9
4345.0,29.8
4345.5,29.8
4346.0,29.8
4346.5,29.8
4347.0,29.8
4347.5,29.9
4348.0,29.8
4348.5,29.8
4349.0,29.8
4349.5,29.8
4350.0,29.9
4350.5,29.8
4351.0,29.8
4351.5,29.8
4352.0,29.8
4352.5,29.8
4353.0,29.8
4353.5,29.8
4354.0,29.8
4354.5,29.8
4355.0,29.9
4355.5,29.9
4356.0,29.9
4356.5,29.9
4357.0,29.8
4357.5,29.8
4358.0,29.8
4358.5,29.8
4359.0,29.8
4359.5,29.8
4360.0,29.9
4360.5,29.8
4361.0,29.8
4361.5,29.8
4362.0,29.8
4362.5,29.9
4363.0,29.8
4363.5,29.8
4364.0,29.9
4364.5,29.8
4365.0,29.9
4365.5,29.9
4366.0,29.9
4366.5,29.8
4367.0,29.8
4367.5,29.8
4368.0,29.8
4368.5,29.8
4369.0,29.9
4369.5,29.8
4370.0,29.8
4370.5,29.8
4371.0,29.8
4371.5,29.9
4372.0,29.9
4372.5,29.8
4373.0,29.8
4373.5,29.9
4374.0,29.9
4374.5,29.9
4375.0,29.8
4375.5,29.8
4376.0,29.9
4376.5,29.9
4377.0,29.8
4377.5,29.9
4378.0,29.8
4378.5,29.9
4379.0,29.8
4379.5,29.8
4380.0,29.9
4380.5,29.8
4381.0,29.8
4381.5,29.8
4382.0,29.9
4382.5,29.9
4383.0,29.9
4383.5,29.8
4384.0,29.8
4384.5,29.9
4385.0,29.9
4385.5,29.8
4386.0,29.8
4386.5,29.9
4387.0,29.9
4387.5,29.9
4388.0,29.8
4388.5,29.8
4389.0,29.8
4389.5,29.9
4390.0,29.8
4390.5,29.8
4391.0,29.8
4391.5,29.9
4392.0,29.8
4392.5,29.9
4393.0,29.9
4393.5,29.8
4394.0,29.9
4394.5,29.8
4395.0,29.8
4395.5,29.9
4396.0,29.9
4396.5,29.8
4397.0,29.8
4397.5,29.9
4398.0,29.9
4398.5,29.8
4399.0,29.8
4399.5,29.9
4400.0,29.9
4400.5,29.8
4401.0,29.9
4401.5,29.8
4402.0,29.8
4402.5,29.9
4403.0,29.8
4403.5,29.8
4404.0,29.8
4404.5,29.8
4405.0,29.8
4405.5,29.8
4406.0,29.9
4406.5,29.8
4407.0,29.9
4407.5,29.8
4408.0,29.8
4408.5,29.8
4409.0,29.9
4409.5,29.8
4410.0,29.8
4410.5,29.8
4411.0,29.9
4411.5,29.8
4412.0,29.9
4412.5,29.9
4413.0,29.9
4413.5,29.9
4414.0,29.8
4414.5,29.9
4415.0,29.8
4415.5,29.9
4416.0,29.8
4416.5,29.9
4417.0,29.9
4417.5,29.8
4418.0,29.8
4418.5,29.8
4419.0,29.9
4419.5,29.8
4420.0,29.9
4420.5,29.8
4421.0,29.9
4421.5,29.9
4422.0,29.8
4422.5,29.8
4423.0,29.9
4423.5,29.9
4424.0,29.8
4424.5,29.8
4425.0,29.9
4425.5,29.9
4426.0,29.8
4426.5,29.9
4427.0,29.8
4427.5,29.8
4428.0,29.9
4428.5,29.8
4429.0,29.9
4429.5,29.9
4430.0,29.8
4430.5,29.8
4431.0,29.9
4431.5,29.8
4432.0,29.9
4432.5,29.8
4433.0,29.9
4433.5,29.8
4434.0,29.9
4434.5,29.8
4435.0,29.8
4435.5,29.9
4436.0,29.8
4436.5,29.9
4437.0,29.8
4437.5,29.9
4438.0,29.9
4438.5,29.8
4439.0,29.8
4439.5,29.9
4440.0,29.9
4440.5,29.9
4441.0,29.8
4441.5,29.9
4442.0,29.9
4442.5,29.8
4443.0,29.8
4443.5,29.9
4444.0,29.9
4444.5,29.8
4445.0,29.9
4445.5,29.9
4446.0,29.9
4446.5,29.9
4447.0,29.9
4447.5,29.9
4448.0,29.9
4448.5,29.9
4449.0,29.9
4449.5,29.9
4450.0,29.9
4450.5,29.9
4451.0,29.9
4451.5,29.9
4452.0,29.9
4452.5,29.9
4453.0,29.8
4453.5,29.9
4454.0,29.9
4454.5,29.9
4455.0,29.9
4455.5,29.9
4456.0,29.8
4456.5,29.9
4457.0,29.9
4457.5,29.8
4458.0,29.9
4458.5,29.8
4459.0,29.9
4459.5,29.8
4460.0,29.8
4460.5,29.9
4461.0,29.9
4461.5,29.8
4462.0,29.9
4462.5,29.8
4463.0,29.9
4463.5,29.9
4464.0,29.8
4464.5,29.9
4465.0,29.9
4465.5,29.9
4466.0,29.8
4466.5,29.8
4467.0,29.9
4467.5,29.9
4468.0,29.9
4468.5,29.8
4469.0,29.9
4469.5,29.8
4470.0,29.9
4470.5,29.8
4471.0,29.9
4471.5,29.8
4472.0,29.8
4472.5,29.9
4473.0,29.8
4473.5,29.8
4474.0,29.9
4474.5,29.8
4475.0,29.9
4475.5,29.8
4476.0,29.8
4476.5,29.9
4477.0,29.8
4477.5,29.9
4478.0,29.9
4478.5,29.9
4479.0,29.9
4479.5,29.9
4480.0,29.9
4480.5,29.9
4481.0,29.9
4481.5,29.9
4482.0,29.9
4482.5,29.8
4483.0,29.9
4483.5,29.9
4484.0,29.9
4484.5,29.9
4485.0,29.9
4485.5,29.9
4486.0,29.9
4486.5,29.8
4487.0,29.9
4487.5,29.8
4488.0,29.8
4488.5,29.9
4489.0,29.9
4489.5,29.9
4490.0,29.8
4490.5,29.9
4491.0,29.9
4491.5,29.9
4492.0,29.9
4492.5,29.8
4493.0,29.8
4493.5,29.9
4494.0,29.8
4494.5,29.8
4495.0,29.8
4495.5,29.9
4496.0,29.8
4496.5,29.8
4497.0,29.9
4497.5,29.8
4498.0,29.9
4498.5,29.9
4499.0,29.9
4499.5,29.9
4500.0,29.8
4500.5,29.9
4501.0,29.8
4501.5,29.9
4502.0,29.9
4502.5,29.9
4503.0,29.8
4503.5,29.8
4504.0,29.9
4504.5,29.8
4505.0,29.9
4505.5,29.9
4506.0,29.9
4506.5,29.8
4507.0,29.9
4507.5,29.9
4508.0,29.9
4508.5,29.8
4509.0,29.8
4509.5,29.8
4510.0,29.9
4510.5,29.9
4511.0,29.8
4511.5,29.9
4512.0,29.8
4512.5,29.8
4513.0,29.9
4513.5,29.8
4514.0,29.9
4514.5,29.8
4515.0,29.8
4515.5,29.9
4516.0,29.8
4516.5,29.8
4517.0,29.9
4517.5,29.9
4518.0,29.8
4518.5,29.9
4519.0,29.9
4519.5,29.8
4520.0,29.8
4520.5,29.9
4521.0,29.9
4521.5,29.9
4522.0,29.9
4522.5,29.8
4523.0,29.9
4523.5,29.9
4524.0,29.9
4524.5,29.8
4525.0,29.8
4525.5,29.9
4526.0,29.9
4526.5,29.8
4527.0,29.9
4527.5,29.9
4528.0,29.8
4528.5,29.8
4529.0,29.9
4529.5,29.8
4530.0,29.8
4530.5,29.9
4531.0,29.8
4531.5,29.8
4532.0,29.8
4532.5,29.8
4533.0,29.9
4533.5,29.9
4534.0,29.9
4534.5,29.8
4535.0,29.8
4535.5,29.8
4536.0,29.8
4536.5,29.8
4537.0,29.8
4537.5,29.8
4538.0,29.8
4538.5,29.8
4539.0,29.8
4539.5,29.8
4540.0,29.9
4540.5,29.8
4541.0,29.8
4541.5,29.9
4542.0,29.9
4542.5,29.8
4543.0,29.9
4543.5,29.9
4544.0,29.8
4544.5,29.8
4545.0,29.9
4545.5,29.8
4546.0,29.8
4546.5,29.9
4547.0,29.8
4547.5,29.9
4548.0,29.8
4548.5,29.8
4549.0,29.8
4549.5,29.8
4550.0,29.8
4550.5,29.8
4551.0,29.9
4551.5,29.8
4552.0,29.9
4552.5,29.9
4553.0,29.9
4553.5,29.8
4554.0,29.9
4554.5,29.9
4555.0,29.9
4555.5,29.9
4556.0,29.8
4556.5,29.9
4557.0,29.8
4557.5,29.9
4558.0,29.8
4558.5,29.9
4559.0,29.8
4559.5,29.8
4560.0,29.8
4560.5,29.8
4561.0,29.8
4561.5,29.8
4562.0,29.9
4562.5,29.8
4563.0,29.9
4563.5,29.8
4564.0,29.9
4564.5,29.9
4565.0,29.8
4565.5,29.8
4566.0,29.8
4566.5,29.9
4567.0,29.9
4567.5,29.9
4568.0,29.9
4568.5,29.8
4569.0,29.9
4569.5,29.8
4570.0,29.9
4570.5,29.9
4571.0,29.8
4571.5,29.8
4572.0,29.9
4572.5,29.9
4573.0,29.9
4573.5,29.9
4574.0,29.8
4574.5,29.8
4575.0,29.9
4575.5,29.9
4576.0,29.9
4576.5,29.8
4577.0,29.8
4577.5,29.9
4578.0,29.9
4578.5,29.9
4579.0,29.9
4579.5,29.9
4580.0,29.9
4580.5,29.8
4581.0,29.8
4581.5,29.8
4582.0,29.8
4582.5,29.9
4583.0,29.9
4583.5,29.9
4584.0,29.9
4584.5,29.9
4585.0,29.9
4585.5,29.9
4586.0,29.9
4586.5,29.8
4587.0,29.9
4587.5,29.9
4588.0,29.9
4588.5,29.9
4589.0,29.9
4589.5,29.9
4590.0,29.9
4590.5,29.9
4591.0,29.8
4591.5,29.9
4592.0,29.9
4592.5,29.8
4593.0,29.9
4593.5,29.9
4594.0,29.9
4594.5,29.8
4595.0,29.9
4595.5,29.8
4596.0,29.9
4596.5,29.9
4597.0,29.9
4597.5,29.9
4598.0,29.9
4598.5,29.9
4599.0,29.9
4599.5,29.8
4600.0,29.9
4600.5,29.9
4601.0,29.9
4601.5,29.9
4602.0,29.8
4602.5,29.9
4603.0,29.9
4603.5,29.9
4604.0,29.8
4604.5,29.9
4605.0,29.9
4605.5,29.8
4606.0,29.9
4606.5,29.9
4607.0,29.8
4607.5,29.9
4608.0,29.9
4608.5,29.9
4609.0,29.9
4609.5,29.9
4610.0,29.9
4610.5,29.9
4611.0,29.9
4611.5,29.8
4612.0,29.9
4612.5,29.8
4613.0,29.9
4613.5,29.9
4614.0,29.9
4614.5,29.8
4615.0,29.9
4615.5,29.9
4616.0,29.9
4616.5,29.9
4617.0,29.9
4617.5,29.9
4618.0,29.9
4618.5,29.9
4619.0,29.9
4619.5,29.9
4620.0,29.9
4620.5,29.9
4621.0,29.9
4621.5,29.9
4622.0,29.9
4622.5,29.9
4623.0,29.9
4623.5,29.9
4624.0,29.9
4624.5,29.9
4625.0,29.9
4625.5,29.9
4626.0,29.9
4626.5,29.8
4627.0,29.9
4627.5,29.9
4628.0,29.9
4628.5,29.9
4629.0,29.9
4629.5,29.9
4630.0,29.9
4630.5,29.9
4631.0,29.9
4631.5,29.9
4632.0,29.9
4632.5,29.9
4633.0,29.9
4633.5,29.9
4634.0,29.9
4634.5,29.9
4635.0,29.9
4635.5,29.9
4636.0,29.9
4636.5,29.8
4637.0,29.9
4637.5,29.9
4638.0,29.9
4638.5,29.9
4639.0,29.8
4639.5,29.9
4640.0,29.9
4640.5,29.9
4641.0,29.9
4641.5,29.9
4642.0,29.9
4642.5,29.9
4643.0,29.9
4643.5,29.9
4644.0,29.9
4644.5,29.9
4645.0,29.9
4645.5,29.9
4646.0,29.9
4646.5,29.9
4647.0,29.9
4647.5,29.9
4648.0,29.9
4648.5,29.9
4649.0,29.9
4649.5,29.9
4650.0,29.9
4650.5,29.9
4651.0,29.9
4651.5,29.9
4652.0,29.9
4652.5,29.9
4653.0,29.9
4653.5,29.9
4654.0,29.9
4654.5,29.9
4655.0,29.8
4655.5,29.9
4656.0,29.9
4656.5,29.9
4657.0,29.9
4657.5,29.9
4658.0,29.8
4658.5,29.9
4659.0,29.9
4659.5,29.9
4660.0,29.9
4660.5,29.9
4661.0,29.9
4661.5,29.9
4662.0,29.9
4662.5,29.9
4663.0,29.9
4663.5,29.9
4664.0,29.9
4664.5,29.9
4665.0,29.9
4665.5,29.9
4666.0,29.9
4666.5,29.9
4667.0,29.9
4667.5,29.9
4668.0,29.9
4668.5,29.9
4669.0,29.9
4669.5,29.9
4670.0,29.9
4670.5,29.9
4671.0,29.9
4671.5,29.9
4672.0,29.8
4672.5,29.9
4673.0,29.9
4673.5,29.9
4674.0,29.9
4674.5,29.9
4675.0,29.9
4675.5,29.9
4676.0,29.9
4676.5,29.9
4677.0,29.9
4677.5,29.9
4678.0,29.9
4678.5,29.9
4679.0,29.9
4679.5,29.9
4680.0,29.9
4680.5,29.9
4681.0,29.9
4681.5,29.9
4682.0,29.9
4682.5,29.9
4683.0,29.9
4683.5,29.9
4684.0,29.9
4684.5,29.9
4685.0,29.9
4685.5,29.9
4686.0,29.9
4686.5,29.9
4687.0,29.9
4687.5,29.9
4688.0,29.9
4688.5,29.9
4689.0,29.9
4689.5,29.9
4690.0,29.9
4690.5,29.9
4691.0,29.9
4691.5,29.9
4692.0,29.9
4692.5,29.9
4693.0,29.9
4693.5,29.9
4694.0,29.9
4694.5,29.9
4695.0,29.9
4695.5,29.9
4696.0,29.9
4696.5,29.9
4697.0,29.9
4697.5,29.9
4698.0,29.9
4698.5,29.9
4699.0,29.9
4699.5,29.9
4700.0,29.9
4700.5,29.9
4701.0,29.9
4701.5,29.9
4702.0,29.9
4702.5,29.9
4703.0,29.9
4703.5,29.9
4704.0,29.9
4704.5,29.9
4705.0,29.9
4705.5,29.9
4706.0,29.9
4706.5,29.9
4707.0,29.9
4707.5,29.9
4708.0,29.9
4708.5,29.9
4709.0,29.9
4709.5,29.9
4710.0,29.9
4710.5,29.9
4711.0,29.9
4711.5,29.9
4712.0,29.9
4712.5,29.9
4713.0,29.9
4713.5,29.9
4714.0,29.9
4714.5,29.9
4715.0,29.9
4715.5,29.9
4716.0,29.8
4716.5,29.9
4717.0,29.9
4717.5,29.9
4718.0,29.9
4718.5,29.9
4719.0,29.9
4719.5,29.9
4720.0,29.9
4720.5,29.9
4721.0,29.9
4721.5,29.9
4722.0,29.9
4722.5,29.9
4723.0,29.9
4723.5,29.9
4724.0,29.9
4724.5,29.9
4725.0,29.9
4725.5,29.9
4726.0,29.9
4726.5,29.9
4727.0,29.9
4727.5,29.9
4728.0,29.9
4728.5,29.9
4729.0,29.9
4729.5,29.9
4730.0,29.9
4730.5,29.9
4731.0,29.9
4731.5,29.9
4732.0,29.9
4732.5,29.9
4733.0,29.9
4733.5,29.9
4734.0,29.9
4734.5,29.9
4735.0,29.9
4735.5,29.9
4736.0,29.9
4736.5,29.8
4737.0,29.9
4737.5,29.9
4738.0,29.9
4738.5,29.9
4739.0,29.9
4739.5,29.9
4740.0,29.9
4740.5,29.9
4741.0,29.9
4741.5,29.9
4742.0,29.9
4742.5,29.9
4743.0,29.9
4743.5,29.9
4744.0,29.9
4744.5,29.9
4745.0,29.9
4745.5,29.9
4746.0,29.9
4746.5,29.9
4747.0,29.9
4747.5,29.9
4748.0,29.9
4748.5,29.9
4749.0,29.9
4749.5,29.9
4750.0,29.9
4750.5,29.9
4751.0,29.9
4751.5,29.9
4752.0,29.9
4752.5,29.9
4753.0,29.9
4753.5,29.9
4754.0,29.9
4754.5,29.9
4755.0,29.9
4755.5,29.9
4756.0,29.9
4756.5,29.9
4757.0,29.9
4757.5,29.9
4758.0,29.9
4758.5,29.9
4759.0,29.9
4759.5,29.9
4760.0,29.9
4760.5,29.9
4761.0,29.9
4761.5,29.8
4762.0,29.9
4762.5,29.9
4763.0,29.9
4763.5,29.9
4764.0,29.8
4764.5,29.9
4765.0,29.8
4765.5,29.9
4766.0,29.9
4766.5,29.9
4767.0,29.9
4767.5,29.8
4768.0,29.9
4768.5,29.9
4769.0,29.9
4769.5,29.9
4770.0,29.9
4770.5,29.9
4771.0,29.9
4771.5,29.9
4772.0,30
4772.5,29.9
4773.0,29.9
4773.5,29.9
4774.0,29.9
4774.5,29.9
4775.0,29.9
4775.5,29.9
4776.0,29.9
4776.5,29.9
4777.0,29.9
4777.5,29.9
4778.0,29.9
4778.5,29.8
4779.0,29.8
4779.5,29.9
4780.0,29.9
4780.5,29.9
4781.0,29.9
4781.5,29.9
4782.0,29.9
4782.5,29.9
4783.0,29.8
4783.5,29.9
4784.0,29.9
4784.5,29.9
4785.0,29.9
4785.5,29.9
4786.0,29.9
4786.5,29.9
4787.0,29.9
4787.5,29.9
4788.0,29.9
4788.5,29.9
4789.0,29.9
4789.5,29.9
4790.0,29.9
4790.5,29.9
4791.0,29.9
4791.5,29.9
4792.0,29.9
4792.5,29.9
4793.0,29.9
4793.5,29.9
4794.0,29.9
4794.5,29.9
4795.0,29.9
4795.5,29.9
4796.0,29.9
4796.5,29.9
4797.0,29.9
4797.5,29.9
4798.0,29.8
4798.5,29.9
4799.0,29.9
4799.5,29.9
4800.0,29.9
4800.5,29.9
4801.0,29.9
4801.5,29.9
4802.0,29.9
4802.5,29.9
4803.0,29.9
4803.5,29.9
4804.0,29.9
4804.5,29.9
4805.0,29.9
4805.5,29.9
4806.0,29.8
4806.5,29.9
4807.0,29.9
4807.5,29.9
4808.0,29.9
4808.5,29.9
4809.0,29.9
4809.5,29.9
4810.0,29.8
4810.5,29.9
4811.0,29.9
4811.5,29.8
4812.0,29.9
4812.5,29.9
4813.0,29.9
4813.5,29.9
4814.0,29.9
4814.5,29.9
4815.0,29.9
4815.5,29.9
4816.0,29.9
4816.5,29.9
4817.0,29.9
4817.5,29.9
4818.0,29.8
4818.5,29.9
4819.0,29.9
4819.5,29.9
4820.0,29.8
4820.5,29.9
4821.0,29.8
4821.5,29.9
4822.0,29.9
4822.5,29.9
4823.0,29.9
4823.5,29.9
4824.0,29.9
4824.5,29.9
4825.0,29.9
4825.5,29.9
4826.0,29.9
4826.5,29.9
4827.0,29.9
4827.5,29.9
4828.0,29.9
4828.5,29.9
4829.0,29.9
4829.5,29.9
4830.0,29.9
4830.5,29.9
4831.0,29.9
4831.5,29.9
4832.0,29.8
4832.5,29.9
4833.0,29.9
4833.5,29.9
4834.0,29.9
4834.5,29.8
4835.0,29.8
4835.5,29.9
4836.0,29.9
4836.5,29.9
4837.0,29.9
4837.5,29.9
4838.0,29.9
4838.5,29.9
4839.0,29.9
4839.5,29.9
4840.0,29.9
4840.5,29.9
4841.0,29.9
4841.5,29.9
4842.0,29.9
4842.5,29.9
4843.0,29.9
4843.5,29.9
4844.0,29.9
4844.5,29.9
4845.0,29.9
4845.5,29.9
4846.0,29.8
4846.5,29.9
4847.0,29.9
4847.5,29.8
4848.0,29.9
4848.5,29.8
4849.0,29.9
4849.5,29.9
4850.0,29.9
4850.5,29.9
4851.0,29.9
4851.5,29.9
4852.0,29.9
4852.5,29.8
4853.0,29.9
4853.5,29.9
4854.0,29.8
4854.5,29.9
4855.0,29.9
4855.5,29.9
4856.0,29.9
4856.5,29.9
4857.0,29.9
4857.5,29.9
4858.0,29.9
4858.5,29.9
4859.0,29.9
4859.5,29.8
4860.0,29.9
4860.5,29.8
4861.0,29.9
4861.5,29.8
4862.0,29.9
4862.5,29.9
4863.0,29.9
4863.5,29.9
4864.0,29.9
4864.5,29.9
4865.0,29.9
4865.5,29.9
4866.0,29.9
4866.5,29.8
4867.0,29.9
4867.5,29.9
4868.0,29.9
4868.5,29.9
4869.0,29.8
4869.5,29.9
4870.0,29.8
4870.5,29.9
4871.0,29.8
4871.5,29.9
4872.0,29.9
4872.5,29.9
4873.0,29.9
4873.5,29.9
4874.0,29.9
4874.5,29.9
4875.0,29.9
4875.5,29.9
4876.0,29.9
4876.5,29.9
4877.0,29.9
4877.5,29.9
4878.0,29.9
4878.5,29.9
4879.0,29.9
4879.5,29.9
4880.0,29.9
4880.5,29.9
4881.0,29.9
4881.5,29.8
4882.0,29.9
4882.5,29.9
4883.0,29.9
4883.5,29.9
4884.0,29.9
4884.5,29.8
4885.0,29.9
4885.5,29.9
4886.0,29.9
4886.5,29.9
4887.0,29.9
4887.5,29.8
4888.0,29.8
4888.5,29.9
4889.0,29.9
4889.5,29.8
4890.0,29.9
4890.5,29.9
4891.0,29.9
4891.5,29.9
4892.0,29.9
4892.5,29.9
4893.0,29.9
4893.5,29.9
4894.0,29.9
4894.5,29.9
4895.0,29.9
4895.5,29.9
4896.0,29.9
4896.5,29.9
4897.0,29.9
4897.5,29.9
4898.0,29.9
4898.5,29.8
4899.0,29.9
4899.5,29.9
4900.0,29.9
4900.5,29.9
4901.0,29.8
4901.5,29.9
4902.0,29.9
4902.5,29.9
4903.0,29.9
4903.5,29.8
4904.0,29.9
4904.5,29.9
4905.0,29.9
4905.5,29.9
4906.0,29.9
4906.5,29.9
4907.0,29.9
4907.5,29.9
4908.0,29.9
4908.5,29.8
4909.0,29.8
4909.5,29.9
4910.0,29.8
4910.5,29.9
4911.0,29.9
4911.5,29.9
4912.0,29.8
4912.5,29.9
4913.0,29.9
4913.5,29.9
4914.0,29.9
4914.5,29.8
4915.0,29.8
4915.5,29.8
4916.0,29.9
4916.5,29.9
4917.0,29.9
4917.5,29.9
4918.0,29.9
4918.5,29.8
4919.0,29.8
4919.5,29.8
4920.0,29.9
4920.5,29.9
4921.0,29.9
4921.5,29.9
4922.0,29.9
4922.5,29.9
4923.0,29.9
4923.5,29.9
4924.0,29.8
4924.5,29.8
4925.0,29.9
4925.5,29.9
4926.0,29.8
4926.5,29.9
4927.0,29.9
4927.5,29.9
4928.0,29.9
4928.5,29.9
4929.0,29.9
4929.5,29.8
4930.0,29.9
4930.5,29.8
4931.0,29.9
4931.5,29.8
4932.0,29.9
4932.5,29.9
4933.0,29.8
4933.5,29.9
4934.0,29.9
4934.5,29.8
4935.0,29.9
4935.5,29.8
4936.0,29.9
4936.5,29.9
4937.0,29.9
4937.5,29.8
4938.0,29.8
4938.5,29.8
4939.0,29.9
4939.5,29.9
4940.0,29.8
4940.5,29.8
4941.0,29.9
4941.5,29.9
4942.0,29.8
4942.5,29.8
4943.0,29.9
4943.5,29.9
4944.0,29.8
4944.5,29.9
4945.0,29.8
4945.5,29.8
4946.0,29.8
4946.5,29.8
4947.0,29.8
4947.5,29.8
4948.0,29.9
4948.5,29.9
4949.0,29.8
4949.5,29.8
4950.0,29.8
4950.5,29.9
4951.0,29.9
4951.5,29.9
4952.0,29.8
4952.5,29.8
4953.0,29.8
4953.5,29.8
4954.0,29.8
4954.5,29.9
4955.0,29.9
4955.5,29.8
4956.0,29.8
4956.5,29.8
4957.0,29.8
4957.5,29.8
4958.0,29.8
4958.5,29.8
4959.0,29.9
4959.5,29.8
4960.0,29.8
4960.5,29.8
4961.0,29.9
4961.5,29.8
4962.0,29.9
4962.5,29.9
4963.0,29.8
4963.5,29.8
4964.0,29.8
4964.5,29.8
4965.0,29.9
4965.5,29.9
4966.0,29.9
4966.5,29.8
4967.0,29.9
4967.5,29.8
4968.0,29.8
4968.5,29.9
4969.0,29.8
4969.5,29.8
4970.0,29.8
4970.5,29.9
4971.0,29.9
4971.5,29.8
4972.0,29.8
4972.5,29.9
4973.0,29.8
4973.5,29.8
4974.0,29.8
4974.5,29.8
4975.0,29.9
4975.5,29.8
4976.0,29.9
4976.5,29.8
4977.0,29.8
4977.5,29.9
4978.0,29.9
4978.5,29.9
4979.0,29.8
4979.5,29.8
4980.0,29.8
4980.5,29.8
4981.0,29.8
4981.5,29.8
4982.0,29.8
4982.5,29.8
4983.0,29.8
4983.5,29.8
4984.0,29.8
4984.5,29.8
4985.0,29.9
4985.5,29.8
4986.0,29.8
4986.5,29.8
4987.0,29.9
4987.5,29.8
4988.0,29.8
4988.5,29.9
4989.0,29.8
4989.5,29.8
4990.0,29.8
4990.5,29.8
4991.0,29.8
4991.5,29.8
4992.0,29.8
4992.5,29.8
4993.0,29.8
4993.5,29.8
4994.0,29.8
4994.5,29.8
4995.0,29.8
4995.5,29.8
4996.0,29.8
4996.5,29.8
4997.0,29.8
4997.5,29.8
4998.0,29.8
4998.5,29.8
4999.0,29.8
4999.5,29.8
5000.0,29.9
5000.5,29.8
5001.0,29.8
5001.5,29.8
5002.0,29.8
5002.5,29.8
5003.0,29.8
5003.5,29.8
5004.0,29.8
5004.5,29.8
5005.0,29.8
5005.5,29.8
5006.0,29.8
5006.5,29.8
5007.0,29.8
5007.5,29.8
5008.0,29.8
5008.5,29.8
5009.0,29.8
5009.5,29.8
5010.0,29.8
5010.5,29.8
5011.0,29.8
5011.5,29.8
5012.0,29.8
5012.5,29.9
5013.0,29.8
5013.5,29.8
5014.0,29.8
5014.5,29.9
5015.0,29.8
5015.5,29.8
5016.0,29.8
5016.5,29.8
5017.0,29.8
5017.5,29.8
5018.0,29.8
5018.5,29.8
5019.0,29.8
5019.5,29.8
5020.0,29.8
5020.5,29.8
5021.0,29.8
5021.5,29.8
5022.0,29.8
5022.5,29.8
5023.0,29.8
5023.5,29.8
5024.0,29.8
5024.5,29.8
5025.0,29.8
5025.5,29.8
5026.0,29.8
5026.5,29.8
5027.0,29.8
5027.5,29.8
5028.0,29.8
5028.5,29.8
5029.0,29.8
5029.5,29.8
5030.0,29.8
5030.5,29.8
5031.0,29.8
5031.5,29.8
5032.0,29.9
5032.5,29.8
5033.0,29.8
5033.5,29.8
5034.0,29.8
5034.5,29.8
5035.0,29.8
5035.5,29.8
5036.0,29.8
5036.5,29.8
5037.0,29.8
5037.5,29.8
5038.0,29.8
5038.5,29.8
5039.0,29.8
5039.5,29.8
5040.0,29.8
5040.5,29.9
5041.0,29.9
5041.5,29.8
5042.0,29.8
5042.5,29.8
5043.0,29.8
5043.5,29.8
5044.0,29.8
5044.5,29.8
5045.0,29.8
5045.5,29.8
5046.0,29.8
5046.5,29.8
5047.0,29.8
5047.5,29.9
5048.0,29.8
5048.5,29.8
5049.0,29.8
5049.5,29.8
5050.0,29.8
5050.5,29.8
5051.0,29.8
5051.5,29.8
5052.0,29.8
5052.5,29.8
5053.0,29.8
5053.5,29.8
5054.0,29.8
5054.5,29.8
5055.0,29.8
5055.5,29.8
5056.0,29.8
5056.5,29.8
5057.0,29.8
5057.5,29.8
5058.0,29.8
5058.5,29.8
5059.0,29.8
5059.5,29.8
5060.0,29.8
5060.5,29.8
5061.0,29.8
5061.5,29.8
5062.0,29.8
5062.5,29.8
5063.0,29.8
5063.5,29.8
5064.0,29.8
5064.5,29.8
5065.0,29.8
5065.5,29.8
5066.0,29.9
5066.5,29.8
5067.0,29.8
5067.5,29.8
5068.0,29.8
5068.5,29.8
5069.0,29.8
5069.5,29.8
5070.0,29.8
5070.5,29.8
5071.0,29.8
5071.5,29.8
5072.0,29.8
5072.5,29.8
5073.0,29.8
5073.5,29.8
5074.0,29.8
5074.5,29.9
5075.0,29.8
5075.5,29.8
5076.0,29.8
5076.5,29.8
5077.0,29.8
5077.5,29.8
5078.0,29.8
5078.5,29.8
5079.0,29.8
5079.5,29.8
5080.0,29.8
5080.5,29.8
5081.0,29.8
5081.5,29.8
5082.0,29.8
5082.5,29.8
5083.0,29.8
5083.5,29.8
5084.0,29.8
5084.5,29.8
5085.0,29.8
5085.5,29.8
5086.0,29.8
5086.5,29.8
5087.0,29.8
5087.5,29.8
5088.0,29.8
5088.5,29.8
5089.0,29.9
5089.5,29.8
5090.0,29.8
5090.5,29.9
5091.0,29.8
5091.5,29.8
5092.0,29.8
5092.5,29.8
5093.0,29.8
5093.5,29.8
5094.0,29.8
5094.5,29.8
5095.0,29.8
5095.5,29.8
5096.0,29.8
5096.5,29.8
5097.0,29.8
5097.5,29.8
5098.0,29.8
5098.5,29.8
5099.0,29.8
5099.5,29.8
5100.0,29.8
5100.5,29.8
5101.0,29.8
5101.5,29.8
5102.0,29.8
5102.5,29.8
5103.0,29.9
5103.5,29.8
5104.0,29.8
5104.5,29.8
5105.0,29.8
5105.5,29.8
5106.0,29.8
5106.5,29.9
5107.0,29.8
5107.5,29.8
5108.0,29.8
5108.5,29.8
5109.0,29.8
5109.5,29.8
5110.0,29.8
5110.5,29.8
5111.0,29.8
5111.5,29.8
5112.0,29.8
5112.5,29.8
5113.0,29.8
5113.5,29.8
5114.0,29.8
5114.5,29.9
5115.0,29.8
5115.5,29.8
5116.0,29.8
5116.5,29.8
5117.0,29.8
5117.5,29.8
5118.0,29.8
5118.5,29.8
5119.0,29.8
5119.5,29.8
5120.0,29.8
5120.5,29.8
5121.0,29.8
5121.5,29.8
5122.0,29.9
5122.5,29.8
5123.0,29.9
5123.5,29.8
5124.0,29.8
5124.5,29.8
5125.0,29.8
5125.5,29.8
5126.0,29.8
5126.5,29.8
5127.0,29.8
5127.5,29.8
5128.0,29.8
5128.5,29.8
5129.0,29.8
5129.5,29.8
5130.0,29.8
5130.5,29.8
5131.0,29.8
5131.5,29.8
5132.0,29.8
5132.5,29.8
5133.0,29.8
5133.5,29.8
5134.0,29.8
5134.5,29.8
5135.0,29.8
5135.5,29.8
5136.0,29.8
5136.5,29.8
5137.0,29.8
5137.5,29.8
5138.0,29.8
5138.5,29.8
5139.0,29.8
5139.5,29.8
5140.0,29.9
5140.5,29.8
5141.0,29.8
5141.5,29.8
5142.0,29.8
5142.5,29.8
5143.0,29.8
5143.5,29.8
5144.0,29.8
5144.5,29.8
5145.0,29.9
5145.5,29.8
5146.0,29.8
5146.5,29.8
5147.0,29.8
5147.5,29.8
5148.0,29.8
5148.5,29.8
5149.0,29.8
5149.5,29.8
5150.0,29.8
5150.5,29.8
5151.0,29.8
5151.5,29.8
5152.0,29.8
5152.5,29.8
5153.0,29.8
5153.5,29.8
5154.0,29.8
5154.5,29.8
5155.0,29.8
5155.5,29.8
5156.0,29.9
5156.5,29.8
5157.0,29.8
5157.5,29.8
5158.0,29.8
5158.5,29.8
5159.0,29.8
5159.5,29.8
5160.0,29.8
5160.5,29.8
5161.0,29.8
5161.5,29.8
5162.0,29.8
5162.5,29.8
5163.0,29.8
5163.5,29.9
5164.0,29.8
5164.5,29.8
5165.0,29.8
5165.5,29.8
5166.0,29.8
5166.5,29.9
5167.0,29.8
5167.5,29.8
5168.0,29.8
5168.5,29.8
5169.0,29.8
5169.5,29.8
5170.0,29.8
5170.5,29.8
5171.0,29.8
5171.5,29.8
5172.0,29.8
5172.5,29.8
5173.0,29.9
5173.5,29.8
5174.0,29.8
5174.5,29.8
5175.0,29.8
5175.5,29.8
5176.0,29.8
5176.5,29.8
5177.0,29.8
5177.5,29.8
5178.0,29.8
5178.5,29.8
5179.0,29.8
5179.5,29.8
5180.0,29.8
5180.5,29.8
5181.0,29.8
5181.5,29.8
5182.0,29.8
5182.5,29.9
5183.0,29.8
5183.5,29.8
5184.0,29.8
5184.5,29.8
5185.0,29.8
5185.5,29.8
5186.0,29.8
5186.5,29.8
5187.0,29.8
5187.5,29.8
5188.0,29.8
5188.5,29.8
5189.0,29.8
5189.5,29.9
5190.0,29.8
5190.5,29.8
5191.0,29.8
5191.5,29.9
5192.0,29.8
5192.5,29.9
5193.0,29.8
5193.5,29.8
5194.0,29.8
5194.5,29.8
5195.0,29.8
5195.5,29.8
5196.0,29.8
5196.5,29.8
5197.0,29.8
5197.5,29.8
5198.0,29.8
5198.5,29.8
5199.0,29.9
5199.5,29.8
5200.0,29.8
5200.5,29.8
5201.0,29.8
5201.5,29.8
5202.0,29.8
5202.5,29.8
5203.0,29.8
5203.5,29.8
5204.0,29.8
5204.5,29.8
5205.0,29.8
5205.5,29.8
5206.0,29.8
5206.5,29.8
5207.0,29.8
5207.5,29.8
5208.0,29.8
5208.5,29.8
5209.0,29.8
5209.5,29.8
5210.0,29.8
5210.5,29.8
5211.0,29.8
5211.5,29.8
5212.0,29.8
5212.5,29.9
5213.0,29.8
5213.5,29.8
5214.0,29.8
5214.5,29.8
5215.0,29.9
5215.5,29.8
5216.0,29.8
5216.5,29.8
5217.0,29.8
5217.5,29.8
5218.0,29.8
5218.5,29.8
5219.0,29.9
5219.5,29.8
5220.0,29.9
5220.5,29.8
5221.0,29.9
5221.5,29.8
5222.0,29.8
5222.5,29.8
5223.0,29.9
5223.5,29.8
5224.0,29.9
5224.5,29.8
5225.0,29.8
5225.5,29.9
5226.0,29.9
5226.5,29.8
5227.0,29.8
5227.5,29.9
5228.0,29.8
5228.5,29.8
5229.0,29.8
5229.5,29.9
5230.0,29.8
5230.5,29.8
5231.0,29.8
5231.5,29.8
5232.0,29.8
5232.5,29.9
5233.0,29.8
5233.5,29.8
5234.0,29.8
5234.5,29.9
5235.0,29.8
5235.5,29.8
5236.0,29.8
5236.5,29.8
5237.0,29.9
5237.5,29.8
5238.0,29.9
5238.5,29.8
5239.0,29.8
5239.5,29.8
5240.0,29.8
5240.5,29.9
5241.0,29.8
5241.5,29.8
5242.0,29.8
5242.5,29.9
5243.0,29.8
5243.5,29.8
5244.0,29.8
5244.5,29.8
5245.0,29.8
5245.5,29.8
5246.0,29.8
5246.5,29.8
5247.0,29.8
5247.5,29.8
5248.0,29.9
5248.5,29.8
5249.0,29.8
5249.5,29.8
5250.0,29.8
5250.5,29.8
5251.0,29.8
5251.5,29.8
5252.0,29.8
5252.5,29.8
5253.0,29.8
5253.5,29.8
5254.0,29.8
5254.5,29.8
5255.0,29.8
5255.5,29.9
5256.0,29.8
5256.5,29.8
5257.0,29.8
5257.5,29.8
5258.0,29.8
5258.5,29.8
5259.0,29.9
5259.5,29.8
5260.0,29.8
5260.5,29.8
5261.0,29.8
5261.5,29.8
5262.0,29.8
5262.5,29.8
5263.0,29.8
5263.5,29.8
5264.0,29.8
5264.5,29.8
5265.0,29.8
5265.5,29.8
5266.0,29.8
5266.5,29.8
5267.0,29.8
5267.5,29.8
5268.0,29.8
5268.5,29.8
5269.0,29.9
5269.5,29.8
5270.0,29.8
5270.5,29.8
5271.0,29.8
5271.5,29.9
5272.0,29.8
5272.5,29.8
5273.0,29.8
5273.5,29.8
5274.0,29.9
5274.5,29.8
5275.0,29.9
5275.5,29.9
5276.0,29.8
5276.5,29.8
5277.0,29.8
5277.5,29.8
5278.0,29.8
5278.5,29.8
5279.0,29.8
5279.5,29.8
5280.0,29.8
5280.5,29.8
5281.0,29.9
5281.5,29.8
5282.0,29.8
5282.5,29.8
5283.0,29.8
5283.5,29.8
5284.0,29.8
5284.5,29.8
5285.0,29.8
5285.5,29.9
5286.0,29.8
5286.5,29.8
5287.0,29.8
5287.5,29.8
5288.0,29.8
5288.5,29.8
5289.0,29.8
5289.5,29.9
5290.0,29.8
5290.5,29.8
5291.0,29.8
5291.5,29.8
5292.0,29.8
5292.5,29.9
5293.0,29.8
5293.5,29.8
5294.0,29.8
5294.5,29.8
5295.0,29.8
5295.5,29.8
5296.0,29.8
5296.5,29.8
5297.0,29.8
5297.5,29.8
5298.0,29.8
5298.5,29.8
5299.0,29.8
5299.5,29.8
5300.0,29.9
5300.5,29.8
5301.0,29.8
5301.5,29.8
5302.0,29.8
5302.5,29.8
5303.0,29.8
5303.5,29.8
5304.0,29.8
5304.5,29.8
5305.0,29.8
5305.5,29.8
5306.0,29.8
5306.5,29.8
5307.0,29.8
5307.5,29.8
5308.0,29.8
5308.5,29.8
5309.0,29.8
5309.5,29.8
5310.0,29.8
5310.5,29.8
5311.0,29.8
5311.5,29.8
5312.0,29.8
5312.5,29.8
5313.0,29.8
5313.5,29.8
5314.0,29.8
5314.5,29.8
5315.0,29.8
5315.5,29.8
5316.0,29.8
5316.5,29.8
5317.0,29.8
5317.5,29.8
5318.0,29.9
5318.5,29.8
5319.0,29.8
5319.5,29.8
5320.0,29.8
5320.5,29.9
5321.0,29.8
5321.5,29.9
5322.0,29.9
5322.5,29.8
5323.0,29.8
5323.5,29.8
5324.0,29.8
5324.5,29.8
5325.0,29.8
5325.5,29.8
5326.0,29.8
5326.5,29.8
5327.0,29.8
5327.5,29.8
5328.0,29.8
5328.5,29.8
5329.0,29.8
5329.5,29.8
5330.0,29.8
5330.5,29.8
5331.0,29.8
5331.5,29.8
5332.0,29.8
5332.5,29.8
5333.0,29.8
5333.5,29.8
5334.0,29.8
5334.5,29.8
5335.0,29.8
5335.5,29.8
5336.0,29.8
5336.5,29.8
5337.0,29.8
5337.5,29.8
5338.0,29.8
5338.5,29.8
5339.0,29.8
5339.5,29.8
5340.0,29.8
5340.5,29.8
5341.0,29.8
5341.5,29.8
5342.0,29.8
5342.5,29.8
5343.0,29.8
5343.5,29.8
5344.0,29.8
5344.5,29.8
5345.0,29.8
5345.5,29.9
5346.0,29.8
5346.5,29.8
5347.0,29.8
5347.5,29.8
5348.0,29.8
5348.5,29.8
5349.0,29.8
5349.5,29.8
5350.0,29.8
5350.5,29.8
5351.0,29.8
5351.5,29.8
5352.0,29.8
5352.5,29.8
5353.0,29.9
5353.5,29.8
5354.0,29.8
5354.5,29.8
5355.0,29.9
5355.5,29.8
5356.0,29.8
5356.5,29.9
5357.0,29.8
5357.5,29.8
5358.0,29.8
5358.5,29.8
5359.0,29.8
5359.5,29.8
5360.0,29.8
5360.5,29.9
5361.0,29.8
5361.5,29.8
5362.0,29.8
5362.5,29.8
5363.0,29.8
5363.5,29.8
5364.0,29.8
5364.5,29.8
5365.0,29.8
5365.5,29.8
5366.0,29.8
5366.5,29.9
5367.0,29.8
5367.5,29.8
5368.0,29.8
5368.5,29.8
5369.0,29.8
5369.5,29.8
5370.0,29.8
5370.5,29.8
5371.0,29.8
5371.5,29.8
5372.0,29.8
5372.5,29.8
5373.0,29.8
5373.5,29.8
5374.0,29.8
5374.5,29.8
5375.0,29.8
5375.5,29.8
5376.0,29.8
5376.5,29.8
5377.0,29.8
5377.5,29.8
5378.0,29.8
5378.5,29.8
5379.0,29.8
5379.5,29.8
5380.0,29.8
5380.5,29.8
5381.0,29.8
5381.5,29.8
5382.0,29.8
5382.5,29.8
5383.0,29.8
5383.5,29.8
5384.0,29.8
5384.5,29.8
5385.0,29.8
5385.5,29.8
5386.0,29.8
5386.5,29.8
5387.0,29.8
5387.5,29.8
5388.0,29.8
5388.5,29.8
5389.0,29.8
5389.5,29.8
5390.0,29.8
5390.5,29.8
5391.0,29.8
5391.5,29.8
5392.0,29.9
5392.5,29.8
5393.0,29.8
5393.5,29.8
5394.0,29.8
5394.5,29.8
5395.0,29.8
5395.5,29.8
5396.0,29.8
5396.5,29.8
5397.0,29.8
5397.5,29.8
5398.0,29.8
5398.5,29.8
5399.0,29.8
5399.5,29.8
5400.0,29.8
5400.5,29.8
5401.0,29.8
5401.5,29.8
5402.0,29.8
5402.5,29.8
5403.0,29.8
5403.5,29.8
5404.0,29.8
5404.5,29.8
5405.0,29.8
5405.5,29.8
5406.0,29.8
5406.5,29.8
5407.0,29.8
5407.5,29.8
5408.0,29.9
5408.5,29.8
5409.0,29.8
5409.5,29.8
5410.0,29.8
5410.5,29.8
5411.0,29.8
5411.5,29.8
5412.0,29.8
5412.5,29.8
5413.0,29.8
5413.5,29.8
5414.0,29.8
5414.5,29.8
5415.0,29.8
5415.5,29.8
5416.0,29.8
5416.5,29.8
5417.0,29.8
5417.5,29.8
5418.0,29.9
5418.5,29.8
5419.0,29.8
5419.5,29.9
5420.0,29.8
5420.5,29.8
5421.0,29.8
5421.5,29.8
5422.0,29.8
5422.5,29.8
5423.0,29.8
5423.5,29.8
5424.0,29.8
5424.5,29.8
5425.0,29.8
5425.5,29.8
5426.0,29.8
5426.5,29.8
5427.0,29.8
5427.5,29.8
5428.0,29.8
5428.5,29.8
5429.0,29.8
5429.5,29.8
5430.0,29.8
5430.5,29.8
5431.0,29.8
5431.5,29.8
5432.0,29.8
5432.5,29.8
5433.0,29.8
5433.5,29.8
5434.0,29.8
5434.5,29.8
5435.0,29.8
5435.5,29.8
5436.0,29.8
5436.5,29.8
5437.0,29.8
5437.5,29.8
5438.0,29.8
5438.5,29.8
5439.0,29.8
5439.5,29.8
5440.0,29.8
5440.5,29.9
5441.0,29.8
5441.5,29.8
5442.0,29.8
5442.5,29.8
5443.0,29.8
5443.5,29.8
5444.0,29.9
5444.5,29.8
5445.0,29.8
5445.5,29.8
5446.0,29.8
5446.5,29.8
5447.0,29.8
5447.5,29.8
5448.0,29.8
5448.5,29.8
5449.0,29.8
5449.5,29.8
5450.0,29.8
5450.5,29.8
5451.0,29.8
5451.5,29.8
5452.0,29.8
5452.5,29.8
5453.0,29.8
5453.5,29.8
5454.0,29.8
5454.5,29.8
5455.0,29.8
5455.5,29.8
5456.0,29.8
5456.5,29.8
5457.0,29.8
5457.5,29.8
5458.0,29.8
5458.5,29.8
5459.0,29.8
5459.5,29.8
5460.0,29.8
5460.5,29.8
5461.0,29.8
5461.5,29.8
5462.0,29.8
5462.5,29.8
5463.0,29.8
5463.5,29.8
5464.0,29.8
5464.5,29.8
5465.0,29.8
5465.5,29.8
5466.0,29.8
5466.5,29.8
5467.0,29.8
5467.5,29.8
5468.0,29.8
5468.5,29.8
5469.0,29.8
5469.5,29.8
5470.0,29.8
5470.5,29.8
5471.0,29.8
5471.5,29.8
5472.0,29.8
5472.5,29.8
5473.0,29.8
5473.5,29.8
5474.0,29.8
5474.5,29.8
5475.0,29.8
5475.5,29.8
5476.0,29.8
5476.5,29.8
5477.0,29.8
5477.5,29.9
5478.0,29.8
5478.5,29.8
5479.0,29.8
5479.5,29.8
5480.0,29.8
5480.5,29.8
5481.0,29.8
5481.5,29.9
5482.0,29.8
5482.5,29.8
5483.0,29.8
5483.5,29.8
5484.0,29.8
5484.5,29.8
5485.0,29.8
5485.5,29.8
5486.0,29.8
5486.5,29.8
5487.0,29.8
5487.5,29.8
5488.0,29.8
5488.5,29.8
5489.0,29.9
5489.5,29.8
5490.0,29.9
5490.5,29.8
5491.0,29.8
5491.5,29.8
5492.0,29.8
5492.5,29.8
5493.0,29.8
5493.5,29.8
5494.0,29.8
5494.5,29.8
5495.0,29.8
5495.5,29.8
5496.0,29.8
5496.5,29.9
5497.0,29.8
5497.5,29.8
5498.0,29.8
5498.5,29.8
5499.0,29.9
5499.5,29.8
5500.0,29.8
5500.5,29.8
5501.0,29.8
5501.5,29.8
5502.0,29.8
5502.5,29.8
5503.0,29.8
5503.5,29.8
5504.0,29.8
5504.5,29.8
5505.0,29.8
5505.5,29.8
5506.0,29.8
5506.5,29.8
5507.0,29.8
5507.5,29.8
5508.0,29.8
5508.5,29.8
5509.0,29.8
5509.5,29.8
5510.0,29.8
5510.5,29.8
5511.0,29.9
5511.5,29.8
5512.0,29.8
5512.5,29.8
5513.0,29.8
5513.5,29.8
5514.0,29.8
5514.5,29.8
5515.0,29.8
5515.5,29.8
5516.0,29.8
5516.5,29.8
5517.0,29.8
5517.5,29.8
5518.0,29.8
5518.5,29.8
5519.0,29.8
5519.5,29.8
5520.0,29.8
5520.5,29.9
5521.0,29.8
5521.5,29.8
5522.0,29.8
5522.5,29.8
5523.0,29.8
5523.5,29.8
5524.0,29.9
5524.5,29.8
5525.0,29.8
5525.5,29.8
5526.0,29.8
5526.5,29.8
5527.0,29.8
5527.5,29.8
5528.0,29.8
5528.5,29.8
5529.0,29.8
5529.5,29.8
5530.0,29.8
5530.5,29.8
5531.0,29.8
5531.5,29.8
5532.0,29.8
5532.5,29.8
5533.0,29.8
5533.5,29.8
5534.0,29.8
5534.5,29.9
5535.0,29.8
5535.5,29.8
5536.0,29.8
5536.5,29.8
5537.0,29.8
5537.5,29.8
5538.0,29.8
5538.5,29.8
5539.0,29.8
5539.5,29.8
5540.0,29.9
5540.5,29.8
5541.0,29.8
5541.5,29.8
5542.0,29.8
5542.5,29.8
5543.0,29.8
5543.5,29.8
5544.0,29.9
5544.5,29.8
5545.0,29.8
5545.5,29.8
5546.0,29.8
5546.5,29.8
5547.0,29.8
5547.5,29.8
5548.0,29.9
5548.5,29.8
5549.0,29.8
5549.5,29.8
5550.0,29.8
5550.5,29.8
5551.0,29.8
5551.5,29.8
5552.0,29.8
5552.5,29.8
5553.0,29.8
5553.5,29.8
5554.0,29.8
5554.5,29.8
5555.0,29.8
5555.5,29.8
5556.0,29.8
5556.5,29.8
5557.0,29.8
5557.5,29.8
5558.0,29.9
5558.5,29.8
5559.0,29.8
5559.5,29.8
5560.0,29.8
5560.5,29.8
5561.0,29.8
5561.5,29.8
5562.0,29.8
5562.5,29.8
5563.0,29.8
5563.5,29.8
5564.0,29.8
5564.5,29.8
5565.0,29.8
5565.5,29.8
5566.0,29.8
5566.5,29.8
5567.0,29.8
5567.5,29.8
5568.0,29.8
5568.5,29.8
5569.0,29.8
5569.5,29.8
5570.0,29.8
5570.5,29.9
5571.0,29.8
5571.5,29.8
5572.0,29.8
5572.5,29.8
5573.0,29.8
5573.5,29.8
5574.0,29.8
5574.5,29.8
5575.0,29.8
5575.5,29.8
5576.0,29.8
5576.5,29.8
5577.0,29.8
5577.5,29.8
5578.0,29.8
5578.5,29.8
5579.0,29.8
5579.5,29.8
5580.0,29.8
5580.5,29.8
5581.0,29.8
5581.5,29.8
5582.0,29.8
5582.5,29.9
5583.0,29.8
5583.5,29.8
5584.0,29.8
5584.5,29.8
5585.0,29.8
5585.5,29.9
5586.0,29.8
5586.5,29.8
5587.0,29.8
5587.5,29.8
5588.0,29.8
5588.5,29.8
5589.0,29.8
5589.5,29.8
5590.0,29.8
5590.5,29.8
5591.0,29.8
5591.5,29.8
5592.0,29.8
5592.5,29.8
5593.0,29.8
5593.5,29.8
5594.0,29.8
5594.5,29.8
5595.0,29.8
5595.5,29.8
5596.0,29.8
5596.5,29.8
5597.0,29.8
5597.5,29.8
5598.0,29.9
5598.5,29.8
5599.0,29.8
5599.5,29.8
5600.0,29.8
5600.5,29.8
5601.0,29.8
5601.5,29.9
5602.0,29.8
5602.5,29.8
5603.0,29.8
5603.5,29.8
5604.0,29.8
5604.5,29.8
5605.0,29.8
5605.5,29.8
5606.0,29.9
5606.5,29.8
5607.0,29.8
5607.5,29.8
5608.0,29.8
5608.5,29.8
5609.0,29.8
5609.5,29.8
5610.0,29.8
5610.5,29.8
5611.0,29.8
5611.5,29.8
5612.0,29.8
5612.5,29.8
5613.0,29.8
5613.5,29.8
5614.0,29.9
5614.5,29.8
5615.0,29.8
5615.5,29.8
5616.0,29.8
5616.5,29.8
5617.0,29.9
5617.5,29.8
5618.0,29.8
5618.5,29.8
5619.0,29.8
5619.5,29.8
5620.0,29.8
5620.5,29.8
5621.0,29.8
5621.5,29.8
5622.0,29.8
5622.5,29.8
5623.0,29.8
5623.5,29.8
5624.0,29.8
5624.5,29.8
5625.0,29.8
5625.5,29.8
5626.0,29.9
5626.5,29.8
5627.0,29.8
5627.5,29.8
5628.0,29.8
5628.5,29.8
5629.0,29.9
5629.5,29.8
5630.0,29.8
5630.5,29.8
5631.0,29.8
5631.5,29.8
5632.0,29.8
5632.5,29.8
5633.0,29.8
5633.5,29.8
5634.0,29.8
5634.5,29.8
5635.0,29.8
5635.5,29.8
5636.0,29.8
5636.5,29.8
5637.0,29.8
5637.5,29.8
5638.0,29.8
5638.5,29.8
5639.0,29.8
5639.5,29.8
5640.0,29.8
5640.5,29.9
5641.0,29.8
5641.5,29.8
5642.0,29.9
5642.5,29.8
5643.0,29.8
5643.5,29.9
5644.0,29.8
5644.5,29.8
5645.0,29.8
5645.5,29.8
5646.0,29.8
5646.5,29.8
5647.0,29.8
5647.5,29.8
5648.0,29.8
5648.5,29.9
5649.0,29.8
5649.5,29.8
5650.0,29.9
5650.5,29.8
5651.0,29.8
5651.5,29.8
5652.0,29.8
5652.5,29.8
5653.0,29.8
5653.5,29.8
5654.0,29.8
5654.5,29.8
5655.0,29.8
5655.5,29.8
5656.0,29.8
5656.5,29.8
5657.0,29.8
5657.5,29.9
5658.0,29.8
5658.5,29.8
5659.0,29.8
5659.5,29.8
5660.0,29.8
5660.5,29.8
5661.0,29.8
5661.5,29.8
5662.0,29.8
5662.5,29.8
5663.0,29.8
5663.5,29.8
5664.0,29.8
5664.5,29.8
5665.0,29.8
5665.5,29.8
5666.0,29.8
5666.5,29.8
5667.0,29.8
5667.5,29.8
5668.0,29.8
5668.5,29.9
5669.0,29.8
5669.5,29.8
5670.0,29.8
5670.5,29.8
5671.0,29.8
5671.5,29.8
5672.0,29.8
5672.5,29.8
5673.0,29.8
5673.5,29.8
5674.0,29.8
5674.5,29.8
5675.0,29.8
5675.5,29.8
5676.0,29.8
5676.5,29.8
5677.0,29.8
5677.5,29.8
5678.0,29.8
5678.5,29.8
5679.0,29.9
5679.5,29.8
5680.0,29.8
5680.5,29.8
5681.0,29.8
5681.5,29.8
5682.0,29.8
5682.5,29.8
5683.0,29.8
5683.5,29.9
5684.0,29.8
5684.5,29.8
5685.0,29.8
5685.5,29.8
5686.0,29.8
5686.5,29.8
5687.0,29.8
5687.5,29.8
5688.0,29.8
5688.5,29.8
5689.0,29.8
5689.5,29.8
5690.0,29.8
5690.5,29.9
5691.0,29.8
5691.5,29.9
5692.0,29.9
5692.5,29.8
5693.0,29.8
5693.5,29.8
5694.0,29.8
5694.5,29.8
5695.0,29.8
5695.5,29.8
5696.0,29.8
5696.5,29.8
5697.0,29.8
5697.5,29.8
5698.0,29.9
5698.5,29.8
5699.0,29.8
5699.5,29.8
5700.0,29.8
5700.5,29.8
5701.0,29.8
5701.5,29.8
5702.0,29.8
5702.5,29.8
5703.0,29.8
5703.5,29.8
5704.0,29.8
5704.5,29.8
5705.0,29.8
5705.5,29.8
5706.0,29.8
5706.5,29.8
5707.0,29.8
5707.5,29.8
5708.0,29.8
5708.5,29.8
5709.0,29.8
5709.5,29.8
5710.0,29.8
5710.5,29.8
5711.0,29.8
5711.5,29.8
5712.0,29.8
5712.5,29.8
5713.0,29.8
5713.5,29.8
5714.0,29.8
5714.5,29.8
5715.0,29.8
5715.5,29.8
5716.0,29.8
5716.5,29.8
5717.0,29.8
5717.5,29.8
5718.0,29.8
5718.5,29.8
5719.0,29.8
5719.5,29.8
5720.0,29.8
5720.5,29.8
5721.0,29.8
5721.5,29.8
5722.0,29.8
5722.5,29.8
5723.0,29.8
5723.5,29.8
5724.0,29.8
5724.5,29.8
5725.0,29.8
5725.5,29.8
5726.0,29.8
5726.5,29.8
5727.0,29.8
5727.5,29.8
5728.0,29.8
5728.5,29.8
5729.0,29.8
5729.5,29.8
5730.0,29.8
5730.5,29.8
5731.0,29.8
5731.5,29.8
5732.0,29.8
5732.5,29.8
5733.0,29.8
5733.5,29.8
5734.0,29.8
5734.5,29.8
5735.0,29.8
5735.5,29.8
5736.0,29.8
5736.5,29.8
5737.0,29.8
5737.5,29.8
5738.0,29.8
5738.5,29.8
5739.0,29.8
5739.5,29.8
5740.0,29.8
5740.5,29.8
5741.0,29.9
5741.5,29.8
5742.0,29.8
5742.5,29.8
5743.0,29.8
5743.5,29.8
5744.0,29.8
5744.5,29.8
5745.0,29.8
5745.5,29.8
5746.0,29.8
5746.5,29.8
5747.0,29.8
5747.5,29.8
5748.0,29.8
5748.5,29.8
5749.0,29.8
5749.5,29.8
5750.0,29.8
5750.5,29.8
5751.0,29.8
5751.5,29.8
5752.0,29.9
5752.5,29.8
5753.0,29.8
5753.5,29.9
5754.0,29.8
5754.5,29.8
5755.0,29.8
5755.5,29.8
5756.0,29.8
5756.5,29.8
5757.0,29.8
5757.5,29.8
5758.0,29.8
5758.5,29.8
5759.0,29.8
5759.5,29.8
5760.0,29.8
5760.5,29.8
5761.0,29.8
5761.5,29.8
5762.0,29.8
5762.5,29.8
5763.0,29.8
5763.5,29.8
5764.0,29.9
5764.5,29.8
5765.0,29.8
5765.5,29.8
5766.0,29.8
5766.5,29.8
5767.0,29.8
5767.5,29.8
5768.0,29.8
5768.5,29.8
5769.0,29.8
5769.5,29.8
5770.0,29.8
5770.5,29.8
5771.0,29.8
5771.5,29.8
5772.0,29.8
5772.5,29.8
5773.0,29.8
5773.5,29.8
5774.0,29.8
5774.5,29.8
5775.0,29.8
5775.5,29.8
5776.0,29.8
5776.5,29.8
5777.0,29.8
5777.5,29.8
5778.0,29.8
5778.5,29.8
5779.0,29.8
5779.5,29.8
5780.0,29.8
5780.5,29.8
5781.0,29.8
5781.5,29.8
5782.0,29.8
5782.5,29.8
5783.0,29.8
5783.5,29.8
5784.0,29.8
5784.5,29.8
5785.0,29.8
5785.5,29.8
5786.0,29.8
5786.5,29.8
5787.0,29.8
5787.5,29.8
5788.0,29.8
5788.5,29.8
5789.0,29.8
5789.5,29.9
5790.0,29.8
5790.5,29.8
5791.0,29.8
5791.5,29.8
5792.0,29.8
5792.5,29.8
5793.0,29.8
5793.5,29.8
5794.0,29.8
5794.5,29.8
5795.0,29.8
5795.5,29.8
5796.0,29.8
5796.5,29.8
5797.0,29.8
5797.5,29.8
5798.0,29.8
5798.5,29.8
5799.0,29.8
5799.5,29.8
5800.0,29.8
5800.5,29.8
5801.0,29.8
5801.5,29.8
5802.0,29.8
5802.5,29.8
5803.0,29.8
5803.5,29.8
5804.0,29.8
5804.5,29.8
5805.0,29.8
5805.5,29.8
5806.0,29.8
5806.5,29.8
5807.0,29.8
5807.5,29.8
5808.0,29.9
5808.5,29.8
5809.0,29.8
5809.5,29.8
5810.0,29.8
5810.5,29.8
5811.0,29.9
5811.5,29.8
5812.0,29.8
5812.5,29.8
5813.0,29.8
5813.5,29.8
5814.0,29.8
5814.5,29.8
5815.0,29.8
5815.5,29.8
5816.0,29.8
5816.5,29.8
5817.0,29.8
5817.5,29.8
5818.0,29.8
5818.5,29.8
5819.0,29.8
5819.5,29.8
5820.0,29.8
5820.5,29.8
5821.0,29.8
5821.5,29.8
5822.0,29.8
5822.5,29.8
5823.0,29.9
5823.5,29.8
5824.0,29.8
5824.5,29.8
5825.0,29.9
5825.5,29.8
5826.0,29.8
5826.5,29.8
5827.0,29.8
5827.5,29.8
5828.0,29.8
5828.5,29.8
5829.0,29.8
5829.5,29.8
5830.0,29.8
5830.5,29.8
5831.0,29.8
5831.5,29.8
5832.0,29.8
5832.5,29.8
5833.0,29.8
5833.5,29.8
5834.0,29.8
5834.5,29.8
5835.0,29.8
5835.5,29.8
5836.0,29.8
5836.5,29.9
5837.0,29.8
5837.5,29.9
5838.0,29.8
5838.5,29.9
5839.0,29.8
5839.5,29.8
5840.0,29.8
5840.5,29.8
5841.0,29.8
5841.5,29.8
5842.0,29.8
5842.5,29.8
5843.0,29.8
5843.5,29.8
5844.0,29.8
5844.5,29.8
5845.0,29.8
5845.5,29.8
5846.0,29.8
5846.5,29.8
5847.0,29.8
5847.5,29.9
5848.0,29.8
5848.5,29.8
5849.0,29.8
5849.5,29.8
5850.0,29.8
5850.5,29.8
5851.0,29.9
5851.5,29.9
5852.0,29.8
5852.5,29.8
5853.0,29.8
5853.5,29.8
5854.0,29.8
5854.5,29.8
5855.0,29.8
5855.5,29.8
5856.0,29.8
5856.5,29.9
5857.0,29.8
5857.5,29.8
5858.0,29.8
5858.5,29.8
5859.0,29.8
5859.5,29.8
5860.0,29.8
5860.5,29.8
5861.0,29.8
5861.5,29.8
5862.0,29.8
5862.5,29.8
5863.0,29.8
5863.5,29.8
5864.0,29.8
5864.5,29.8
5865.0,29.8
5865.5,29.8
5866.0,29.8
5866.5,29.8
5867.0,29.8
5867.5,29.9
5868.0,29.8
5868.5,29.8
5869.0,29.8
5869.5,29.8
5870.0,29.8
5870.5,29.8
5871.0,29.8
5871.5,29.8
5872.0,29.8
5872.5,29.9
5873.0,29.8
5873.5,29.8
5874.0,29.8
5874.5,29.8
5875.0,29.9
5875.5,29.8
5876.0,29.8
5876.5,29.8
5877.0,29.8
5877.5,29.8
5878.0,29.8
5878.5,29.9
5879.0,29.9
5879.5,29.8
5880.0,29.8
5880.5,29.8
5881.0,29.9
5881.5,29.8
5882.0,29.8
5882.5,29.8
5883.0,29.8
5883.5,29.8
5884.0,29.8
5884.5,29.8
5885.0,29.9
5885.5,29.8
5886.0,29.8
5886.5,29.8
5887.0,29.8
5887.5,29.8
5888.0,29.9
5888.5,29.8
5889.0,29.8
5889.5,29.8
5890.0,29.8
5890.5,29.9
5891.0,29.8
5891.5,29.8
5892.0,29.8
5892.5,29.8
5893.0,29.8
5893.5,29.9
5894.0,29.8
5894.5,29.8
5895.0,29.9
5895.5,29.8
5896.0,29.9
5896.5,29.8
5897.0,29.8
5897.5,29.8
5898.0,29.8
5898.5,29.8
5899.0,29.9
5899.5,29.9
5900.0,29.8
5900.5,29.9
5901.0,29.9
5901.5,29.9
5902.0,29.8
5902.5,29.8
5903.0,29.8
5903.5,29.8
5904.0,29.8
5904.5,29.8
5905.0,29.8
5905.5,29.9
5906.0,29.8
5906.5,29.8
5907.0,29.9
5907.5,29.8
5908.0,29.8
5908.5,29.9
5909.0,29.9
5909.5,29.8
5910.0,29.8
5910.5,29.8
5911.0,29.9
5911.5,29.9
5912.0,29.8
5912.5,29.8
5913.0,29.8
5913.5,29.8
5914.0,29.8
5914.5,29.9
5915.0,29.8
5915.5,29.8
5916.0,29.8
5916.5,29.9
5917.0,29.8
5917.5,29.8
5918.0,29.8
5918.5,29.8
5919.0,29.8
5919.5,29.8
5920.0,29.8
5920.5,29.9
5921.0,29.9
5921.5,29.8
5922.0,29.9
5922.5,29.8
5923.0,29.9
5923.5,29.8
5924.0,29.8
5924.5,29.8
5925.0,29.8
5925.5,29.9
5926.0,29.8
5926.5,29.9
5927.0,29.8
5927.5,29.9
5928.0,29.8
5928.5,29.8
5929.0,29.8
5929.5,29.8
5930.0,29.8
5930.5,29.8
5931.0,29.8
5931.5,29.9
5932.0,29.9
5932.5,29.8
5933.0,29.8
5933.5,29.9
5934.0,29.9
5934.5,29.8
5935.0,29.8
5935.5,29.8
5936.0,29.8
5936.5,29.9
5937.0,29.9
5937.5,29.9
5938.0,29.8
5938.5,29.8
5939.0,29.9
5939.5,29.9
5940.0,29.8
5940.5,29.8
5941.0,29.8
5941.5,29.8
5942.0,29.8
5942.5,29.9
5943.0,29.9
5943.5,29.8
5944.0,29.9
5944.5,29.8
5945.0,29.8
5945.5,29.8
5946.0,29.8
5946.5,29.9
5947.0,29.8
5947.5,29.8
5948.0,29.8
5948.5,29.8
5949.0,29.8
5949.5,29.8
5950.0,29.9
5950.5,29.9
5951.0,29.9
5951.5,29.8
5952.0,29.9
5952.5,29.8
5953.0,29.9
5953.5,29.9
5954.0,29.8
5954.5,29.8
5955.0,29.9
5955.5,29.8
5956.0,29.8
5956.5,29.8
5957.0,29.9
5957.5,29.8
5958.0,29.8
5958.5,29.9
5959.0,29.8
5959.5,29.9
5960.0,29.9
5960.5,29.9
5961.0,29.8
5961.5,29.8
5962.0,29.8
5962.5,29.8
5963.0,29.8
5963.5,29.8
5964.0,29.9
5964.5,29.9
5965.0,29.9
5965.5,29.9
5966.0,29.8
5966.5,29.8
5967.0,29.8
5967.5,29.8
5968.0,29.9
5968.5,29.9
5969.0,29.8
5969.5,29.8
5970.0,29.8
5970.5,29.8
5971.0,29.9
5971.5,29.8
5972.0,29.8
5972.5,29.8
5973.0,29.8
5973.5,29.9
5974.0,29.8
5974.5,29.8
5975.0,29.8
5975.5,29.8
5976.0,29.8
5976.5,29.8
5977.0,29.9
5977.5,29.8
5978.0,29.9
5978.5,29.8
5979.0,29.8
5979.5,29.8
5980.0,29.9
5980.5,29.9
5981.0,29.8
5981.5,29.9
5982.0,29.9
5982.5,29.8
5983.0,29.8
5983.5,29.9
5984.0,29.8
5984.5,29.9
5985.0,29.8
5985.5,29.8
5986.0,29.8
5986.5,29.8
5987.0,29.8
5987.5,29.8
5988.0,29.8
5988.5,29.9
5989.0,29.8
5989.5,29.8
5990.0,29.8
5990.5,29.8
5991.0,29.8
5991.5,29.9
5992.0,29.8
5992.5,29.9
5993.0,29.8
5993.5,29.8
5994.0,29.8
5994.5,29.8
5995.0,29.8
5995.5,29.8
5996.0,29.9
5996.5,29.8
5997.0,29.9
5997.5,29.9
5998.0,29.9
5998.5,29.9
5999.0,29.9
5999.5,29.8
6000.0,29.8
6000.5,29.8
6001.0,29.8
6001.5,29.9
6002.0,29.8
6002.5,29.8
6003.0,29.9
6003.5,29.9
6004.0,29.9
6004.5,29.8
6005.0,29.9
6005.5,29.8
6006.0,29.9
6006.5,29.8
6007.0,29.9
6007.5,29.8
6008.0,29.8
6008.5,29.8
6009.0,29.8
6009.5,29.8
6010.0,29.8
6010.5,29.8
6011.0,29.9
6011.5,29.8
6012.0,29.8
6012.5,29.8
6013.0,29.9
6013.5,29.9
6014.0,29.8
6014.5,29.8
6015.0,29.8
6015.5,29.8
6016.0,29.8
6016.5,29.9
6017.0,29.8
6017.5,29.9
6018.0,29.8
6018.5,29.8
6019.0,29.8
6019.5,29.8
6020.0,29.8
6020.5,29.8
6021.0,29.9
6021.5,29.8
6022.0,29.8
6022.5,29.9
6023.0,29.8
6023.5,29.9
6024.0,29.8
6024.5,29.9
6025.0,29.9
6025.5,29.8
6026.0,29.8
6026.5,29.8
6027.0,29.9
6027.5,29.8
6028.0,29.9
6028.5,29.8
6029.0,29.8
6029.5,29.8
6030.0,29.8
6030.5,29.9
6031.0,29.8
6031.5,29.9
6032.0,29.8
6032.5,29.9
6033.0,29.9
6033.5,29.8
6034.0,29.8
6034.5,29.8
6035.0,29.9
6035.5,29.8
6036.0,29.9
6036.5,29.8
6037.0,29.8
6037.5,29.9
6038.0,29.9
6038.5,29.9
6039.0,29.8
6039.5,29.8
6040.0,29.9
6040.5,29.8
6041.0,29.9
6041.5,29.8
6042.0,29.8
6042.5,29.9
6043.0,29.9
6043.5,29.8
6044.0,29.8
6044.5,29.8
6045.0,29.8
6045.5,29.8
6046.0,29.9
6046.5,29.9
6047.0,29.8
6047.5,29.8
6048.0,29.9
6048.5,29.8
6049.0,29.9
6049.5,29.8
6050.0,29.8
6050.5,29.8
6051.0,29.8
6051.5,29.8
6052.0,29.9
6052.5,29.8
6053.0,29.9
6053.5,29.8
6054.0,29.8
6054.5,29.8
6055.0,29.8
6055.5,29.8
6056.0,29.9
6056.5,29.9
6057.0,29.9
6057.5,29.8
6058.0,29.8
6058.5,29.9
6059.0,29.9
6059.5,29.8
6060.0,29.8
6060.5,29.8
6061.0,29.9
6061.5,29.9
6062.0,29.8
6062.5,29.8
6063.0,29.9
6063.5,29.8
6064.0,29.8
6064.5,29.9
6065.0,29.8
6065.5,29.9
6066.0,29.8
6066.5,29.9
6067.0,29.8
6067.5,29.8
6068.0,29.8
6068.5,29.8
6069.0,29.8
6069.5,29.8
6070.0,29.8
6070.5,29.8
6071.0,29.9
6071.5,29.9
6072.0,29.8
6072.5,29.8
6073.0,29.8
6073.5,29.9
6074.0,29.9
6074.5,29.9
6075.0,29.9
6075.5,29.8
6076.0,29.9
6076.5,29.8
6077.0,29.9
6077.5,29.9
6078.0,29.8
6078.5,29.8
6079.0,29.9
6079.5,29.8
6080.0,29.8
6080.5,29.8
6081.0,29.9
6081.5,29.9
6082.0,29.9
6082.5,29.8
6083.0,29.9
6083.5,29.8
6084.0,29.8
6084.5,29.8
6085.0,29.8
6085.5,29.9
6086.0,29.9
6086.5,29.9
6087.0,29.8
6087.5,29.9
6088.0,29.9
6088.5,29.8
6089.0,29.8
6089.5,29.8
6090.0,29.8
6090.5,29.8
6091.0,29.8
6091.5,29.8
6092.0,29.9
6092.5,29.9
6093.0,29.9
6093.5,29.9
6094.0,29.9
6094.5,29.9
6095.0,29.8
6095.5,29.9
6096.0,29.8
6096.5,29.8
6097.0,29.8
6097.5,29.9
6098.0,29.9
6098.5,29.9
6099.0,29.9
6099.5,29.9
6100.0,29.8
6100.5,29.9
6101.0,29.8
6101.5,29.9
6102.0,29.8
6102.5,29.8
6103.0,29.9
6103.5,29.8
6104.0,29.8
6104.5,29.9
6105.0,29.9
6105.5,29.9
6106.0,29.9
6106.5,29.8
6107.0,29.9
6107.5,29.8
6108.0,29.8
6108.5,29.8
6109.0,29.8
6109.5,29.9
6110.0,29.8
6110.5,29.9
6111.0,29.9
6111.5,29.8
6112.0,29.8
6112.5,29.9
6113.0,29.9
6113.5,29.8
6114.0,29.9
6114.5,29.8
6115.0,29.8
6115.5,29.8
6116.0,29.8
6116.5,29.8
6117.0,29.8
6117.5,29.9
6118.0,29.8
6118.5,29.8
6119.0,29.9
6119.5,29.8
6120.0,29.9
6120.5,29.8
6121.0,29.8
6121.5,29.9
6122.0,29.8
6122.5,29.9
6123.0,29.9
6123.5,29.9
6124.0,29.9
6124.5,29.9
6125.0,29.8
6125.5,29.8
6126.0,29.9
6126.5,29.9
6127.0,29.9
6127.5,29.8
6128.0,29.9
6128.5,29.8
6129.0,29.8
6129.5,29.8
6130.0,29.9
6130.5,29.9
6131.0,29.9
6131.5,29.9
6132.0,29.8
6132.5,29.8
6133.0,29.9
6133.5,29.8
6134.0,29.8
6134.5,29.9
6135.0,29.9
6135.5,29.8
6136.0,29.8
6136.5,29.9
6137.0,29.8
6137.5,29.9
6138.0,29.9
6138.5,29.9
6139.0,29.8
6139.5,29.8
6140.0,29.8
6140.5,29.9
6141.0,29.8
6141.5,29.9
6142.0,29.8
6142.5,29.8
6143.0,29.9
6143.5,29.9
6144.0,29.9
6144.5,29.9
6145.0,29.8
6145.5,29.9
6146.0,29.9
6146.5,29.8
6147.0,29.9
6147.5,29.9
6148.0,29.8
6148.5,29.8
6149.0,29.9
6149.5,29.8
6150.0,29.9
6150.5,29.9
6151.0,29.9
6151.5,29.8
6152.0,29.8
6152.5,29.9
6153.0,29.8
6153.5,29.9
6154.0,29.9
6154.5,29.8
6155.0,29.9
6155.5,29.8
6156.0,29.8
6156.5,29.9
6157.0,29.9
6157.5,29.8
6158.0,29.8
6158.5,29.8
6159.0,29.8
6159.5,29.8
6160.0,29.9
6160.5,29.8
6161.0,29.9
6161.5,29.9
6162.0,29.9
6162.5,29.8
6163.0,29.9
6163.5,29.9
6164.0,29.8
6164.5,29.9
6165.0,29.9
6165.5,29.9
6166.0,29.8
6166.5,29.8
6167.0,29.9
6167.5,29.8
6168.0,29.8
6168.5,29.8
6169.0,29.8
6169.5,29.8
6170.0,29.9
6170.5,29.9
6171.0,29.8
6171.5,29.8
6172.0,29.9
6172.5,29.8
6173.0,29.9
6173.5,29.8
6174.0,29.9
6174.5,29.9
6175.0,29.8
6175.5,29.8
6176.0,29.8
6176.5,29.9
6177.0,29.9
6177.5,29.9
6178.0,29.8
6178.5,29.8
6179.0,29.9
6179.5,29.9
6180.0,29.9
6180.5,29.8
6181.0,29.8
6181.5,29.9
6182.0,29.9
6182.5,29.9
6183.0,29.8
6183.5,29.9
6184.0,29.8
6184.5,29.9
6185.0,29.8
6185.5,29.8
6186.0,29.9
6186.5,29.9
6187.0,29.9
6187.5,29.8
6188.0,29.8
6188.5,29.9
6189.0,29.9
6189.5,29.9
6190.0,29.9
6190.5,29.9
6191.0,29.8
6191.5,29.9
6192.0,29.9
6192.5,29.9
6193.0,29.9
6193.5,29.9
6194.0,29.8
6194.5,29.9
6195.0,29.8
6195.5,29.8
6196.0,29.8
6196.5,29.9
6197.0,29.9
6197.5,29.9
6198.0,29.8
6198.5,29.9
6199.0,29.8
6199.5,29.8
6200.0,29.9
6200.5,29.8
6201.0,29.8
6201.5,29.8
6202.0,29.9
6202.5,29.9
6203.0,29.9
6203.5,29.9
6204.0,29.8
6204.5,29.8
6205.0,29.9
6205.5,29.9
6206.0,29.9
6206.5,29.9
6207.0,29.9
6207.5,29.9
6208.0,29.9
6208.5,29.9
6209.0,29.9
6209.5,29.9
6210.0,29.9
6210.5,29.9
6211.0,29.8
6211.5,29.9
6212.0,29.9
6212.5,29.8
6213.0,29.8
6213.5,29.8
6214.0,29.9
6214.5,29.9
6215.0,29.8
6215.5,29.9
6216.0,29.9
6216.5,29.9
6217.0,29.9
6217.5,29.9
6218.0,29.8
6218.5,29.9
6219.0,29.9
6219.5,29.9
6220.0,29.9
6220.5,29.9
6221.0,29.9
6221.5,29.9
6222.0,29.8
6222.5,29.9
6223.0,29.9
6223.5,29.9
6224.0,29.8
6224.5,29.8
6225.0,29.9
6225.5,29.9
6226.0,29.8
6226.5,29.9
6227.0,29.8
6227.5,29.9
6228.0,29.9
6228.5,29.8
6229.0,29.8
6229.5,29.8
6230.0,29.8
6230.5,29.8
6231.0,29.8
6231.5,29.8
6232.0,29.9
6232.5,29.9
6233.0,29.8
6233.5,29.8
6234.0,29.9
6234.5,29.9
6235.0,29.9
6235.5,29.9
6236.0,29.9
6236.5,29.9
6237.0,29.9
6237.5,29.9
6238.0,29.8
6238.5,29.9
6239.0,29.8
6239.5,29.9
6240.0,29.9
6240.5,29.8
6241.0,29.9
6241.5,29.9
6242.0,29.9
6242.5,29.9
6243.0,29.9
6243.5,29.9
6244.0,29.9
6244.5,29.9
6245.0,29.9
6245.5,29.9
6246.0,29.8
6246.5,29.9
6247.0,29.8
6247.5,29.8
6248.0,29.9
6248.5,29.9
6249.0,29.9
6249.5,29.9
6250.0,29.8
6250.5,29.8
6251.0,29.9
6251.5,29.8
6252.0,29.9
6252.5,29.9
6253.0,29.9
6253.5,29.9
6254.0,29.9
6254.5,29.9
6255.0,29.9
6255.5,29.8
6256.0,29.9
6256.5,29.9
6257.0,29.9
6257.5,29.9
6258.0,29.9
6258.5,29.8
6259.0,29.8
6259.5,29.8
6260.0,29.9
6260.5,29.9
6261.0,29.9
6261.5,29.8
6262.0,29.9
6262.5,29.8
6263.0,29.8
6263.5,29.8
6264.0,29.9
6264.5,29.9
6265.0,29.9
6265.5,29.9
6266.0,29.9
6266.5,29.9
6267.0,29.9
6267.5,29.9
6268.0,29.9
6268.5,29.9
6269.0,29.9
6269.5,29.9
6270.0,29.9
6270.5,29.9
6271.0,29.8
6271.5,29.8
6272.0,29.9
6272.5,29.9
6273.0,29.9
6273.5,29.9
6274.0,29.9
6274.5,29.9
6275.0,29.9
6275.5,29.9
6276.0,29.9
6276.5,29.9
6277.0,29.9
6277.5,29.9
6278.0,29.9
6278.5,29.9
6279.0,29.9
6279.5,29.9
6280.0,29.8
6280.5,29.9
6281.0,29.9
6281.5,29.9
6282.0,29.9
6282.5,29.9
6283.0,29.9
6283.5,29.9
6284.0,29.9
6284.5,29.9
6285.0,29.8
6285.5,29.9
6286.0,29.9
6286.5,29.9
6287.0,29.8
6287.5,29.9
6288.0,29.9
6288.5,29.9
6289.0,29.9
6289.5,29.9
6290.0,29.9
6290.5,29.9
6291.0,29.9
6291.5,29.9
6292.0,29.9
6292.5,29.9
6293.0,29.9
6293.5,29.9
6294.0,29.9
6294.5,29.9
6295.0,29.9
6295.5,29.9
6296.0,29.9
6296.5,29.9
6297.0,29.9
6297.5,29.9
6298.0,29.9
6298.5,29.9
6299.0,29.9
6299.5,29.9
6300.0,29.9
6300.5,29.9
6301.0,29.9
6301.5,29.9
6302.0,29.9
6302.5,29.9
6303.0,29.9
6303.5,29.9
6304.0,29.9
6304.5,29.9
6305.0,29.9
6305.5,29.9
6306.0,29.9
6306.5,29.9
6307.0,29.9
6307.5,29.9
6308.0,29.9
6308.5,29.9
6309.0,29.9
6309.5,29.9
6310.0,29.9
6310.5,29.9
6311.0,29.9
6311.5,29.9
6312.0,29.9
6312.5,29.9
6313.0,29.9
6313.5,29.9
6314.0,29.9
6314.5,29.9
6315.0,29.9
6315.5,29.9
6316.0,29.9
6316.5,29.9
6317.0,29.9
6317.5,29.9
6318.0,29.9
6318.5,29.9
6319.0,29.9
6319.5,29.9
6320.0,29.9
6320.5,29.9
6321.0,29.9
6321.5,29.9
6322.0,29.9
6322.5,29.9
6323.0,29.9
6323.5,29.9
6324.0,29.9
6324.5,29.9
6325.0,29.9
6325.5,29.9
6326.0,29.9
6326.5,29.9
6327.0,29.9
6327.5,29.9
6328.0,29.9
6328.5,29.9
6329.0,29.9
6329.5,29.9
6330.0,29.9
6330.5,29.9
6331.0,29.9
6331.5,29.9
6332.0,29.9
6332.5,29.9
6333.0,29.9
6333.5,29.9
6334.0,29.9
6334.5,29.9
6335.0,29.9
6335.5,29.9
6336.0,29.9
6336.5,29.9
6337.0,29.9
6337.5,29.9
6338.0,29.9
6338.5,29.9
6339.0,29.9
6339.5,29.9
6340.0,29.9
6340.5,29.9
6341.0,29.9
6341.5,29.9
6342.0,29.9
6342.5,29.9
6343.0,29.9
6343.5,29.9
6344.0,29.9
6344.5,29.9
6345.0,29.9
6345.5,29.9
6346.0,29.9
6346.5,29.9
6347.0,29.9
6347.5,29.9
6348.0,29.9
6348.5,29.9
6349.0,29.9
6349.5,29.9
6350.0,29.9
6350.5,29.9
6351.0,29.9
6351.5,29.9
6352.0,29.9
6352.5,29.9
6353.0,29.9
6353.5,29.9
6354.0,29.9
6354.5,29.9
6355.0,29.9
6355.5,29.9
6356.0,29.9
6356.5,29.9
6357.0,29.9
6357.5,29.9
6358.0,29.9
6358.5,29.9
6359.0,29.9
6359.5,29.9
6360.0,29.9
6360.5,29.9
6361.0,29.9
6361.5,29.9
6362.0,29.9
6362.5,29.9
6363.0,29.9
6363.5,29.9
6364.0,29.9
6364.5,29.9
6365.0,29.9
6365.5,29.9
6366.0,29.9
6366.5,29.9
6367.0,29.9
6367.5,29.9
6368.0,29.9
6368.5,29.9
6369.0,29.9
6369.5,29.9
6370.0,29.9
6370.5,29.9
6371.0,29.9
6371.5,29.9
6372.0,29.9
6372.5,29.9
6373.0,29.9
6373.5,29.9
6374.0,29.9
6374.5,29.9
6375.0,29.9
6375.5,29.9
6376.0,29.9
6376.5,29.9
6377.0,29.9
6377.5,29.9
6378.0,29.9
6378.5,29.9
6379.0,29.9
6379.5,29.9
6380.0,29.9
6380.5,29.9
6381.0,29.9
6381.5,29.9
6382.0,29.9
6382.5,29.9
6383.0,29.9
6383.5,29.9
6384.0,29.9
6384.5,29.9
6385.0,29.9
6385.5,29.9
6386.0,29.9
6386.5,29.9
6387.0,29.9
6387.5,29.9
6388.0,29.9
6388.5,29.9
6389.0,29.9
6389.5,29.9
6390.0,29.9
6390.5,29.9
6391.0,29.9
6391.5,29.9
6392.0,29.9
6392.5,29.9
6393.0,29.9
6393.5,29.9
6394.0,29.9
6394.5,29.9
6395.0,29.9
6395.5,29.9
6396.0,29.9
6396.5,29.9
6397.0,29.9
6397.5,29.9
6398.0,29.9
6398.5,30
6399.0,29.9
6399.5,29.9
6400.0,29.9
6400.5,29.9
6401.0,30
6401.5,29.9
6402.0,29.9
6402.5,30
6403.0,29.9
6403.5,29.9
6404.0,29.9
6404.5,29.9
6405.0,30
6405.5,29.9
6406.0,29.9
6406.5,29.9
6407.0,29.9
6407.5,29.9
6408.0,29.9
6408.5,29.9
6409.0,29.9
6409.5,29.9
6410.0,29.9
6410.5,29.9
6411.0,29.9
6411.5,29.9
6412.0,29.9
6412.5,29.9
6413.0,29.9
6413.5,29.9
6414.0,29.9
6414.5,29.9
6415.0,29.9
6415.5,29.9
6416.0,29.9
6416.5,29.9
6417.0,29.9
6417.5,29.9
6418.0,29.9
6418.5,29.9
6419.0,29.9
6419.5,29.9
6420.0,29.9
6420.5,29.9
6421.0,29.9
6421.5,30
6422.0,29.9
6422.5,29.9
6423.0,29.9
6423.5,30
6424.0,29.9
6424.5,29.9
6425.0,29.9
6425.5,29.9
6426.0,29.9
6426.5,30
6427.0,29.9
6427.5,29.9
6428.0,29.9
6428.5,29.9
6429.0,29.9
6429.5,29.9
6430.0,29.9
6430.5,29.9
6431.0,29.9
6431.5,29.9
6432.0,29.9
6432.5,29.9
6433.0,29.9
6433.5,30
6434.0,29.9
6434.5,29.9
6435.0,30
6435.5,29.9
6436.0,30
6436.5,29.9
6437.0,29.9
6437.5,29.9
6438.0,29.9
6438.5,29.9
6439.0,29.9
6439.5,29.9
6440.0,29.9
6440.5,29.9
6441.0,29.9
6441.5,29.9
6442.0,29.9
6442.5,29.9
6443.0,29.9
6443.5,29.9
6444.0,29.9
6444.5,29.9
6445.0,29.9
6445.5,29.9
6446.0,30
6446.5,29.9
6447.0,29.9
6447.5,29.9
6448.0,29.9
6448.5,29.9
6449.0,29.9
6449.5,29.9
6450.0,29.9
6450.5,29.9
6451.0,29.9
6451.5,29.9
6452.0,30
6452.5,29.9
6453.0,29.9
6453.5,29.9
6454.0,29.9
6454.5,29.9
6455.0,29.9
6455.5,29.9
6456.0,29.9
6456.5,29.9
6457.0,29.9
6457.5,30
6458.0,30
6458.5,29.9
6459.0,29.9
6459.5,29.9
6460.0,29.9
6460.5,29.9
6461.0,29.9
6461.5,30
6462.0,30
6462.5,29.9
6463.0,29.9
6463.5,29.9
6464.0,29.9
6464.5,29.9
6465.0,29.9
6465.5,29.9
6466.0,29.9
6466.5,29.9
6467.0,29.9
6467.5,29.9
6468.0,29.9
6468.5,29.9
6469.0,29.9
6469.5,29.9
6470.0,29.9
6470.5,29.9
6471.0,29.9
6471.5,29.9
6472.0,29.9
6472.5,29.9
6473.0,29.9
6473.5,29.9
6474.0,29.9
6474.5,29.9
6475.0,29.9
6475.5,29.9
6476.0,29.9
6476.5,29.9
6477.0,29.9
6477.5,29.9
6478.0,29.9
6478.5,30
6479.0,29.9
6479.5,29.9
6480.0,29.9
6480.5,29.9
6481.0,29.9
6481.5,29.9
6482.0,29.9
6482.5,29.9
6483.0,29.9
6483.5,29.9
6484.0,29.9
6484.5,30
6485.0,29.9
6485.5,29.9
6486.0,29.9
6486.5,29.9
6487.0,29.9
6487.5,29.9
6488.0,29.9
6488.5,29.9
6489.0,29.9
6489.5,29.9
6490.0,29.9
6490.5,29.9
6491.0,29.9
6491.5,29.9
6492.0,29.9
6492.5,29.9
6493.0,29.9
6493.5,29.9
6494.0,30
6494.5,29.9
6495.0,29.9
6495.5,29.9
6496.0,29.9
6496.5,29.9
6497.0,29.9
6497.5,29.9
6498.0,29.9
6498.5,29.9
6499.0,29.9
6499.5,29.9
6500.0,30
6500.5,30
6501.0,30
6501.5,29.9
6502.0,29.9
6502.5,29.9
6503.0,29.9
6503.5,29.9
6504.0,29.9
6504.5,29.9
6505.0,29.9
6505.5,29.9
6506.0,29.9
6506.5,29.9
6507.0,29.9
6507.5,29.9
6508.0,29.9
6508.5,29.9
6509.0,29.9
6509.5,29.9
6510.0,29.9
6510.5,29.9
6511.0,29.9
6511.5,29.9
6512.0,29.9
6512.5,29.9
6513.0,30
6513.5,29.9
6514.0,29.9
6514.5,30
6515.0,30
6515.5,29.9
6516.0,29.9
6516.5,29.9
6517.0,30
6517.5,29.9
6518.0,29.9
6518.5,30
6519.0,29.9
6519.5,29.9
6520.0,29.9
6520.5,29.9
6521.0,29.9
6521.5,29.9
6522.0,29.9
6522.5,29.9
6523.0,29.9
6523.5,29.9
6524.0,29.9
6524.5,29.9
6525.0,29.9
6525.5,29.9
6526.0,30
6526.5,30
6527.0,29.9
6527.5,29.9
6528.0,29.9
6528.5,29.9
6529.0,29.9
6529.5,29.9
6530.0,29.9
6530.5,29.9
6531.0,29.9
6531.5,29.9
6532.0,29.9
6532.5,29.9
6533.0,29.9
6533.5,29.9
6534.0,29.9
6534.5,29.9
6535.0,29.9
6535.5,30
6536.0,29.9
6536.5,29.9
6537.0,29.9
6537.5,29.9
6538.0,29.9
6538.5,30
6539.0,29.9
6539.5,29.9
6540.0,29.9
6540.5,30
6541.0,29.9
6541.5,30
6542.0,29.9
6542.5,30
6543.0,29.9
6543.5,30
6544.0,29.9
6544.5,29.9
6545.0,29.9
6545.5,29.9
6546.0,29.9
6546.5,29.9
6547.0,29.9
6547.5,29.9
6548.0,29.9
6548.5,29.9
6549.0,29.9
6549.5,29.9
6550.0,29.9
6550.5,29.9
6551.0,29.9
6551.5,29.9
6552.0,30
6552.5,29.9
6553.0,29.9
6553.5,30
6554.0,29.9
6554.5,29.9
6555.0,29.9
6555.5,29.9
6556.0,29.9
6556.5,29.9
6557.0,29.9
6557.5,29.9
6558.0,29.9
6558.5,29.9
6559.0,29.9
6559.5,29.9
6560.0,29.9
6560.5,29.9
6561.0,29.9
6561.5,29.9
6562.0,29.9
6562.5,29.9
6563.0,29.9
6563.5,29.9
6564.0,29.9
6564.5,30
6565.0,29.9
6565.5,29.9
6566.0,30
6566.5,29.9
6567.0,29.9
6567.5,29.9
6568.0,29.9
6568.5,29.9
6569.0,29.9
6569.5,29.9
6570.0,29.9
6570.5,30
6571.0,30
6571.5,29.9
6572.0,29.9
6572.5,29.9
6573.0,29.9
6573.5,29.9
6574.0,29.9
6574.5,29.9
6575.0,29.9
6575.5,29.9
6576.0,29.9
6576.5,29.9
6577.0,29.9
6577.5,29.9
6578.0,29.9
6578.5,29.9
6579.0,29.9
6579.5,29.9
6580.0,29.9
6580.5,29.9
6581.0,29.9
6581.5,29.9
6582.0,30
6582.5,29.9
6583.0,29.9
6583.5,29.9
6584.0,29.9
6584.5,29.9
6585.0,29.9
6585.5,29.9
6586.0,29.9
6586.5,29.9
6587.0,29.9
6587.5,29.9
6588.0,29.9
6588.5,29.9
6589.0,29.9
6589.5,29.9
6590.0,29.9
6590.5,30
6591.0,29.9
6591.5,29.9
6592.0,29.9
6592.5,29.9
6593.0,29.9
6593.5,29.9
6594.0,29.9
6594.5,29.9
6595.0,29.9
6595.5,29.9
6596.0,29.9
6596.5,29.9
6597.0,29.9
6597.5,29.9
6598.0,29.9
6598.5,29.9
6599.0,29.9
6599.5,29.9
6600.0,29.9
6600.5,29.9
6601.0,29.9
6601.5,29.9
6602.0,29.9
6602.5,29.9
6603.0,29.9
6603.5,29.9
6604.0,30
6604.5,29.9
6605.0,29.9
6605.5,29.9
6606.0,29.9
6606.5,29.9
6607.0,29.9
6607.5,30
6608.0,29.9
6608.5,30
6609.0,29.9
6609.5,29.9
6610.0,29.9
6610.5,29.9
6611.0,30
6611.5,29.9
6612.0,29.9
6612.5,29.9
6613.0,29.9
6613.5,29.9
6614.0,30
6614.5,29.9
6615.0,29.9
6615.5,29.9
6616.0,29.9
6616.5,29.9
6617.0,29.9
6617.5,29.9
6618.0,29.9
6618.5,29.9
6619.0,29.9
6619.5,29.9
6620.0,29.9
6620.5,29.9
6621.0,29.9
6621.5,29.9
6622.0,29.9
6622.5,29.9
6623.0,29.9
6623.5,29.9
6624.0,29.9
6624.5,29.9
6625.0,29.9
6625.5,29.9
6626.0,29.9
6626.5,29.9
6627.0,29.9
6627.5,29.9
6628.0,29.9
6628.5,29.9
6629.0,29.9
6629.5,29.9
6630.0,29.9
6630.5,29.9
6631.0,29.9
6631.5,30
6632.0,30
6632.5,29.9
6633.0,29.9
6633.5,29.9
6634.0,29.9
6634.5,29.9
6635.0,29.9
6635.5,29.9
6636.0,29.9
6636.5,29.9
6637.0,29.9
6637.5,29.9
6638.0,29.9
6638.5,29.9
6639.0,30
6639.5,29.9
6640.0,29.9
6640.5,30
6641.0,29.9
6641.5,29.9
6642.0,29.9
6642.5,29.9
6643.0,29.9
6643.5,29.9
6644.0,29.9
6644.5,29.9
6645.0,29.9
6645.5,29.9
6646.0,29.9
6646.5,29.9
6647.0,29.9
6647.5,29.9
6648.0,30
6648.5,29.9
6649.0,29.9
6649.5,29.9
6650.0,29.9
6650.5,29.9
6651.0,29.9
6651.5,30
6652.0,29.9
6652.5,29.9
6653.0,29.9
6653.5,29.9
6654.0,29.9
6654.5,29.9
6655.0,29.9
6655.5,29.9
6656.0,29.9
6656.5,29.9
6657.0,29.9
6657.5,29.9
6658.0,29.9
6658.5,29.9
6659.0,29.9
6659.5,30
6660.0,29.9
6660.5,29.9
6661.0,29.9
6661.5,29.9
6662.0,29.9
6662.5,29.9
6663.0,29.9
6663.5,29.9
6664.0,29.9
6664.5,29.9
6665.0,29.9
6665.5,29.9
6666.0,29.9
6666.5,29.9
6667.0,29.9
6667.5,29.9
6668.0,30
6668.5,29.9
6669.0,29.9
6669.5,29.9
6670.0,29.9
6670.5,29.9
6671.0,29.9
6671.5,29.9
6672.0,29.9
6672.5,29.9
6673.0,29.9
6673.5,30
6674.0,29.9
6674.5,29.9
6675.0,29.9
6675.5,30
6676.0,29.9
6676.5,29.9
6677.0,29.9
6677.5,29.9
6678.0,29.9
6678.5,30
6679.0,29.9
6679.5,29.9
6680.0,29.9
6680.5,29.9
6681.0,29.9
6681.5,29.9
6682.0,29.9
6682.5,29.9
6683.0,29.9
6683.5,29.9
6684.0,29.9
6684.5,30
6685.0,29.9
6685.5,29.9
6686.0,29.9
6686.5,29.9
6687.0,30
6687.5,29.9
6688.0,29.9
6688.5,30
6689.0,29.9
6689.5,29.9
6690.0,29.9
6690.5,29.9
6691.0,29.9
6691.5,29.9
6692.0,29.9
6692.5,29.9
6693.0,29.9
6693.5,29.9
6694.0,29.9
6694.5,29.9
6695.0,29.9
6695.5,29.9
6696.0,30
6696.5,29.9
6697.0,29.9
6697.5,30
6698.0,29.9
6698.5,29.9
6699.0,29.9
6699.5,29.9
6700.0,29.9
6700.5,29.9
6701.0,29.9
6701.5,29.9
6702.0,29.9
6702.5,29.9
6703.0,29.9
6703.5,29.9
6704.0,29.9
6704.5,29.9
6705.0,29.9
6705.5,29.9
6706.0,29.9
6706.5,29.9
6707.0,29.9
6707.5,29.9
6708.0,29.9
6708.5,29.9
6709.0,29.9
6709.5,29.9
6710.0,29.9
6710.5,29.9
6711.0,29.9
6711.5,29.9
6712.0,29.9
6712.5,29.9
6713.0,29.9
6713.5,29.9
6714.0,29.9
6714.5,29.9
6715.0,29.9
6715.5,30
6716.0,29.9
6716.5,30
6717.0,30
6717.5,29.9
6718.0,29.9
6718.5,29.9
6719.0,29.9
6719.5,29.9
6720.0,29.9
6720.5,29.9
6721.0,29.9
6721.5,29.9
6722.0,29.9
6722.5,29.9
6723.0,29.9
6723.5,29.9
6724.0,29.9
6724.5,29.9
6725.0,30
6725.5,29.9
6726.0,29.9
6726.5,29.9
6727.0,29.9
6727.5,29.9
6728.0,29.9
6728.5,29.9
6729.0,29.9
6729.5,29.9
6730.0,29.9
6730.5,29.9
6731.0,30
6731.5,29.9
6732.0,29.9
6732.5,29.9
6733.0,29.9
6733.5,29.9
6734.0,29.9
6734.5,29.9
6735.0,29.9
6735.5,29.9
6736.0,29.9
6736.5,29.9
6737.0,29.9
6737.5,29.9
6738.0,29.9
6738.5,29.9
6739.0,29.9
6739.5,29.9
6740.0,29.9
6740.5,29.9
6741.0,30
6741.5,29.9
6742.0,29.9
6742.5,29.9
6743.0,29.9
6743.5,29.9
6744.0,29.9
6744.5,29.9
6745.0,29.9
6745.5,29.9
6746.0,29.9
6746.5,29.9
6747.0,29.9
6747.5,29.9
6748.0,29.9
6748.5,29.9
6749.0,29.9
6749.5,29.9
6750.0,29.9
6750.5,30
6751.0,29.9
6751.5,29.9
6752.0,29.9
6752.5,29.9
6753.0,29.9
6753.5,29.9
6754.0,30
6754.5,30
6755.0,29.9
6755.5,29.9
6756.0,29.9
6756.5,29.9
6757.0,29.9
6757.5,29.9
6758.0,29.9
6758.5,29.9
6759.0,29.9
6759.5,29.9
6760.0,29.9
6760.5,29.9
6761.0,29.9
6761.5,29.9
6762.0,29.9
6762.5,29.9
6763.0,29.9
6763.5,29.9
6764.0,29.9
6764.5,29.9
6765.0,29.9
6765.5,29.9
6766.0,29.9
6766.5,29.9
6767.0,29.9
6767.5,29.9
6768.0,29.9
6768.5,29.9
6769.0,29.9
6769.5,29.9
6770.0,29.9
6770.5,29.9
6771.0,29.9
6771.5,29.9
6772.0,29.9
6772.5,29.9
6773.0,29.9
6773.5,30
6774.0,29.9
6774.5,29.9
6775.0,29.9
6775.5,29.9
6776.0,30
6776.5,29.9
6777.0,29.9
6777.5,29.9
6778.0,29.9
6778.5,29.9
6779.0,30
6779.5,30
6780.0,29.9
6780.5,29.9
6781.0,29.9
6781.5,29.9
6782.0,29.9
6782.5,29.9
6783.0,29.9
6783.5,30
6784.0,29.9
6784.5,29.9
6785.0,29.9
6785.5,29.9
6786.0,29.9
6786.5,30
6787.0,29.9
6787.5,29.9
6788.0,29.9
6788.5,30
6789.0,29.9
6789.5,30
6790.0,29.9
6790.5,29.9
6791.0,29.9
6791.5,29.9
6792.0,29.9
6792.5,29.9
6793.0,29.9
6793.5,29.9
6794.0,29.9
6794.5,29.9
6795.0,29.9
6795.5,29.9
6796.0,30
6796.5,29.9
6797.0,29.9
6797.5,29.9
6798.0,29.9
6798.5,29.9
6799.0,30
6799.5,30
6800.0,30
6800.5,29.9
6801.0,30
6801.5,29.9
6802.0,30
6802.5,29.9
6803.0,29.9
6803.5,29.9
6804.0,29.9
6804.5,29.9
6805.0,30
6805.5,29.9
6806.0,29.9
6806.5,29.9
6807.0,29.9
6807.5,29.9
6808.0,29.9
6808.5,29.9
6809.0,30
6809.5,29.9
6810.0,29.9
6810.5,29.9
6811.0,29.9
6811.5,29.9
6812.0,29.9
6812.5,30
6813.0,29.9
6813.5,29.9
6814.0,29.9
6814.5,30
6815.0,29.9
6815.5,30
6816.0,29.9
6816.5,30
6817.0,29.9
6817.5,29.9
6818.0,30
6818.5,29.9
6819.0,29.9
6819.5,29.9
6820.0,29.9
6820.5,29.9
6821.0,29.9
6821.5,29.9
6822.0,29.9
6822.5,30
6823.0,29.9
6823.5,29.9
6824.0,29.9
6824.5,29.9
6825.0,29.9
6825.5,30
6826.0,29.9
6826.5,29.9
6827.0,29.9
6827.5,30
6828.0,29.9
6828.5,30
6829.0,29.9
6829.5,29.9
6830.0,29.9
6830.5,30
6831.0,29.9
6831.5,29.9
6832.0,30
6832.5,30
6833.0,30
6833.5,30
6834.0,29.9
6834.5,29.9
6835.0,29.9
6835.5,29.9
6836.0,30
6836.5,30
6837.0,30
6837.5,30
6838.0,30
6838.5,29.9
6839.0,29.9
6839.5,29.9
6840.0,29.9
6840.5,29.9
6841.0,30
6841.5,30
6842.0,29.9
6842.5,29.9
6843.0,29.9
6843.5,29.9
6844.0,30
6844.5,29.9
6845.0,29.9
6845.5,29.9
6846.0,29.9
6846.5,29.9
6847.0,29.9
6847.5,30
6848.0,29.9
6848.5,30
6849.0,30
6849.5,29.9
6850.0,30
6850.5,29.9
6851.0,29.9
6851.5,29.9
6852.0,29.9
6852.5,29.9
6853.0,30
6853.5,29.9
6854.0,30
6854.5,29.9
6855.0,29.9
6855.5,30
6856.0,29.9
6856.5,30
6857.0,30
6857.5,29.9
6858.0,29.9
6858.5,29.9
6859.0,30
6859.5,29.9
6860.0,29.9
6860.5,30
6861.0,30
6861.5,29.9
6862.0,29.9
6862.5,29.9
6863.0,30
6863.5,29.9
6864.0,30
6864.5,29.9
6865.0,30
6865.5,29.9
6866.0,29.9
6866.5,30
6867.0,29.9
6867.5,29.9
6868.0,30
6868.5,30
6869.0,30
6869.5,30
6870.0,29.9
6870.5,29.9
6871.0,29.9
6871.5,29.9
6872.0,29.9
6872.5,30
6873.0,30
6873.5,29.9
6874.0,30
6874.5,30
6875.0,30
6875.5,29.9
6876.0,29.9
6876.5,29.9
6877.0,30
6877.5,30
6878.0,29.9
6878.5,29.9
6879.0,30
6879.5,29.9
6880.0,30
6880.5,30
6881.0,30
6881.5,30
6882.0,30
6882.5,29.9
6883.0,29.9
6883.5,30
6884.0,29.9
6884.5,29.9
6885.0,29.9
6885.5,30
6886.0,29.9
6886.5,29.9
6887.0,30
6887.5,30
6888.0,29.9
6888.5,30
6889.0,30
6889.5,29.9
6890.0,30
6890.5,30
6891.0,29.9
6891.5,29.9
6892.0,29.9
6892.5,30
6893.0,29.9
6893.5,30
6894.0,30
6894.5,29.9
6895.0,30
6895.5,30
6896.0,30
6896.5,29.9
6897.0,29.9
6897.5,30
6898.0,30
6898.5,30
6899.0,29.9
6899.5,29.9
6900.0,29.9
6900.5,30
6901.0,30
6901.5,29.9
6902.0,30
6902.5,30
6903.0,29.9
6903.5,29.9
6904.0,30
6904.5,29.9
6905.0,29.9
6905.5,29.9
6906.0,30
6906.5,29.9
6907.0,30
6907.5,30
6908.0,30
6908.5,29.9
6909.0,30
6909.5,30
6910.0,29.9
6910.5,30
6911.0,30
6911.5,30
6912.0,29.9
6912.5,30
6913.0,29.9
6913.5,30
6914.0,30
6914.5,29.9
6915.0,30
6915.5,30
6916.0,29.9
6916.5,30
6917.0,29.9
6917.5,30
6918.0,30
6918.5,30
6919.0,29.9
6919.5,30
6920.0,30
6920.5,29.9
6921.0,30
6921.5,30
6922.0,29.9
6922.5,30
6923.0,30
6923.5,30
6924.0,30
6924.5,30
6925.0,29.9
6925.5,30
6926.0,30
6926.5,29.9
6927.0,30
6927.5,29.9
6928.0,30
6928.5,30
6929.0,30
6929.5,29.9
6930.0,30
6930.5,30
6931.0,30
6931.5,29.9
6932.0,30
6932.5,30
6933.0,29.9
6933.5,30
6934.0,30
6934.5,30
6935.0,29.9
6935.5,30
6936.0,29.9
6936.5,29.9
6937.0,30
6937.5,30
6938.0,30
6938.5,30
6939.0,30
6939.5,30
6940.0,30
6940.5,30
6941.0,30
6941.5,29.9
6942.0,30
6942.5,30
6943.0,30
6943.5,30
6944.0,30
6944.5,29.9
6945.0,30
6945.5,29.9
6946.0,30
6946.5,29.9
6947.0,30
6947.5,30
6948.0,29.9
6948.5,30
6949.0,30
6949.5,30
6950.0,29.9
6950.5,30
6951.0,30
6951.5,30
6952.0,30
6952.5,30
6953.0,30
6953.5,30
6954.0,30
6954.5,30
6955.0,30
6955.5,30
6956.0,30
6956.5,29.9
6957.0,30
6957.5,30
6958.0,30
6958.5,30
6959.0,30
6959.5,29.9
6960.0,30
6960.5,30
6961.0,30
6961.5,30
6962.0,30
6962.5,30
6963.0,30
6963.5,30
6964.0,30
6964.5,30
6965.0,30
6965.5,30
6966.0,30
6966.5,30
6967.0,30
6967.5,30
6968.0,30
6968.5,30
6969.0,30
6969.5,30
6970.0,30
6970.5,29.9
6971.0,30
6971.5,30
6972.0,30
6972.5,30
6973.0,30
6973.5,30
6974.0,30
6974.5,30
6975.0,30
6975.5,30
6976.0,30
6976.5,30
6977.0,30
6977.5,29.9
6978.0,30
6978.5,30
6979.0,30
6979.5,30
6980.0,30
6980.5,30
6981.0,30
6981.5,30
6982.0,30
6982.5,30
6983.0,30
6983.5,30
6984.0,30
6984.5,30
6985.0,30
6985.5,30
6986.0,30
6986.5,30
6987.0,30
6987.5,30
6988.0,30
6988.5,30
6989.0,30
6989.5,30
6990.0,30
6990.5,30
6991.0,30
6991.5,30
6992.0,30
6992.5,30
6993.0,30
6993.5,30
6994.0,30
6994.5,30
6995.0,30
6995.5,30
6996.0,30
6996.5,30
6997.0,30
6997.5,30
6998.0,30
6998.5,30
6999.0,30
6999.5,30
7000.0,30
7000.5,30
7001.0,30
7001.5,30
7002.0,30
7002.5,30
7003.0,30
7003.5,30
7004.0,30
7004.5,30
7005.0,30
7005.5,30
7006.0,30
7006.5,30
7007.0,30
7007.5,30
7008.0,30
7008.5,30
7009.0,30
7009.5,30
7010.0,30
7010.5,30
7011.0,30
7011.5,30
7012.0,30
7012.5,30
7013.0,30
7013.5,30
7014.0,30
7014.5,30
7015.0,30
7015.5,30
7016.0,29.9
7016.5,30
7017.0,30
7017.5,30
7018.0,30
7018.5,30
7019.0,30
7019.5,30
7020.0,30
7020.5,30
7021.0,30
7021.5,30
7022.0,30
7022.5,30
7023.0,30
7023.5,30
7024.0,30
7024.5,30
7025.0,30
7025.5,30
7026.0,30
7026.5,30
7027.0,30
7027.5,30
7028.0,30
7028.5,30
7029.0,30
7029.5,30
7030.0,30
7030.5,30
7031.0,30
7031.5,30
7032.0,30
7032.5,30
7033.0,30
7033.5,30
7034.0,30
7034.5,30
7035.0,30
7035.5,30
7036.0,30
7036.5,30
7037.0,30
7037.5,30
7038.0,30
7038.5,30
7039.0,30
7039.5,30
7040.0,30
7040.5,30
7041.0,30
7041.5,30
7042.0,30
7042.5,30
7043.0,30
7043.5,30
7044.0,30
7044.5,30
7045.0,30
7045.5,30
7046.0,30
7046.5,30
7047.0,30
7047.5,30
7048.0,30
7048.5,30
7049.0,30
7049.5,30
7050.0,30
7050.5,30
7051.0,30
7051.5,30
7052.0,30
7052.5,30
7053.0,30
7053.5,30
7054.0,30
7054.5,30
7055.0,30
7055.5,30
7056.0,30
7056.5,30
7057.0,30
7057.5,30
7058.0,30
7058.5,30
7059.0,30
7059.5,30
7060.0,30
7060.5,30
7061.0,30
7061.5,30
7062.0,30
7062.5,30
7063.0,30
7063.5,30
7064.0,30
7064.5,30
7065.0,30
7065.5,30
7066.0,30
7066.5,30
7067.0,30
7067.5,30
7068.0,30
7068.5,30
7069.0,30
7069.5,30
7070.0,30
7070.5,30
7071.0,30
7071.5,30
7072.0,30
7072.5,30
7073.0,30
7073.5,30
7074.0,30
7074.5,30
7075.0,30
7075.5,30
7076.0,30
7076.5,30
7077.0,30
7077.5,30
7078.0,30
7078.5,30
7079.0,30
7079.5,30
7080.0,30
7080.5,30
7081.0,30
7081.5,30
7082.0,30
7082.5,30
7083.0,30
7083.5,30
7084.0,30
7084.5,30
7085.0,30
7085.5,30
7086.0,30
7086.5,30
7087.0,30
7087.5,30
7088.0,30
7088.5,30
7089.0,30
7089.5,30
7090.0,30
7090.5,30
7091.0,30
7091.5,30.1
7092.0,30
7092.5,30
7093.0,30
7093.5,30
7094.0,30
7094.5,30
7095.0,30
7095.5,30.1
7096.0,30
7096.5,30
7097.0,30.1
7097.5,30
7098.0,30
7098.5,30
7099.0,30
7099.5,30
7100.0,30
7100.5,30
7101.0,30
7101.5,30
7102.0,30
7102.5,30
7103.0,30
7103.5,30
7104.0,30
7104.5,30
7105.0,30
7105.5,30
7106.0,30
7106.5,30
7107.0,30
7107.5,30.1
7108.0,30
7108.5,30
7109.0,30
7109.5,30
7110.0,30
7110.5,30
7111.0,30
7111.5,30.1
7112.0,30
7112.5,30
7113.0,30
7113.5,30
7114.0,30.1
7114.5,30
7115.0,30
7115.5,30
7116.0,30
7116.5,30
7117.0,30
7117.5,30
7118.0,30
7118.5,30
7119.0,30
7119.5,30
7120.0,30
7120.5,30
7121.0,30
7121.5,30
7122.0,30
7122.5,30
7123.0,30
7123.5,30
7124.0,30
7124.5,30
7125.0,30
7125.5,30
7126.0,30
7126.5,30
7127.0,30
7127.5,30
7128.0,30
7128.5,30
7129.0,30
7129.5,30
7130.0,30
7130.5,30
7131.0,30
7131.5,30
7132.0,30
7132.5,30
7133.0,30
7133.5,30
7134.0,30
7134.5,30
7135.0,30
7135.5,30
7136.0,30
7136.5,30
7137.0,30
7137.5,30
7138.0,30
7138.5,30
7139.0,30.1
7139.5,30
7140.0,30.1
7140.5,30
7141.0,30.1
7141.5,30
7142.0,30
7142.5,30.1
7143.0,30
7143.5,30
7144.0,30
7144.5,30
7145.0,30
7145.5,30.1
7146.0,30
7146.5,30
7147.0,30
7147.5,30.1
7148.0,30
7148.5,30
7149.0,30
7149.5,30
7150.0,30
7150.5,30
7151.0,30.1
7151.5,30
7152.0,30
7152.5,30
7153.0,30
7153.5,30
7154.0,30
7154.5,30
7155.0,30
7155.5,30
7156.0,30
7156.5,30.1
7157.0,30
7157.5,30
7158.0,30
7158.5,30.1
7159.0,30
7159.5,30
7160.0,30
7160.5,30
7161.0,30
7161.5,30
7162.0,30
7162.5,30
7163.0,30
7163.5,30.1
7164.0,30
7164.5,30
7165.0,30
7165.5,30.1
7166.0,30
7166.5,30
7167.0,30
7167.5,30
7168.0,30
7168.5,30.1
7169.0,30
7169.5,30
7170.0,30
7170.5,30
7171.0,30
7171.5,30
7172.0,30
7172.5,30
7173.0,30
7173.5,30
7174.0,30.1
7174.5,30.1
7175.0,30
7175.5,30
7176.0,30.1
7176.5,30
7177.0,30
7177.5,30
7178.0,30.1
7178.5,30
7179.0,30
7179.5,30
7180.0,30.1
7180.5,30.1
7181.0,30
7181.5,30
7182.0,30.1
7182.5,30
7183.0,30
7183.5,30
7184.0,30.1
7184.5,30
7185.0,30
7185.5,30
7186.0,30
7186.5,30.1
7187.0,30
7187.5,30
7188.0,30
7188.5,30.1
7189.0,30
7189.5,30
7190.0,30
7190.5,30
7191.0,30
7191.5,30.1
7192.0,30.1
7192.5,30.1
7193.0,30.1
7193.5,30
7194.0,30
7194.5,30.1
7195.0,30
7195.5,30
7196.0,30
7196.5,30.1
7197.0,30
7197.5,30
7198.0,30.1
7198.5,30
7199.0,30.1
7199.5,30.1
7200.0,30.1
7200.5,30.1
7201.0,30.1
7201.5,30
7202.0,30.1
7202.5,30
7203.0,30.1
7203.5,30
7204.0,30.1
7204.5,30
7205.0,30
7205.5,30.1
7206.0,30
7206.5,30.1
7207.0,30
7207.5,30
7208.0,30
7208.5,30
7209.0,30.1
7209.5,30
7210.0,30
7210.5,30
7211.0,30.1
7211.5,30.1
7212.0,30
7212.5,30
7213.0,30.1
7213.5,30
7214.0,30
7214.5,30.1
7215.0,30
7215.5,30.1
7216.0,30.1
7216.5,30
7217.0,30
7217.5,30.1
7218.0,30
7218.5,30.1
7219.0,30
7219.5,30.1
7220.0,30.1
7220.5,30
7221.0,30.1
7221.5,30.1
7222.0,30.1
7222.5,30.1
7223.0,30
7223.5,30.1
7224.0,30.1
7224.5,30.1
7225.0,30
7225.5,30.1
7226.0,30.1
7226.5,30
7227.0,30.1
7227.5,30
7228.0,30.1
7228.5,30.1
7229.0,30.1
7229.5,30
7230.0,30.1
7230.5,30.1
7231.0,30.1
7231.5,30
7232.0,30.1
7232.5,30
7233.0,30.1
7233.5,30
7234.0,30.1
7234.5,30.1
7235.0,30
7235.5,30.1
7236.0,30.1
7236.5,30.1
7237.0,30
7237.5,30.1
7238.0,30.1
7238.5,30.1
7239.0,30.1
7239.5,30.1
7240.0,30
7240.5,30
7241.0,30.1
7241.5,30
7242.0,30.1
7242.5,30
7243.0,30.1
7243.5,30.1
7244.0,30.1
7244.5,30.1
7245.0,30.1
7245.5,30
7246.0,30
7246.5,30.1
7247.0,30
7247.5,30.1
7248.0,30
7248.5,30
7249.0,30.1
7249.5,30
7250.0,30.1
7250.5,30
7251.0,30
7251.5,30
7252.0,30.1
7252.5,30.1
7253.0,30.1
7253.5,30.1
7254.0,30.1
7254.5,30
7255.0,30.1
7255.5,30.1
7256.0,30.1
7256.5,30.1
7257.0,30.1
7257.5,30.1
7258.0,30.1
7258.5,30.1
7259.0,30.1
7259.5,30.1
7260.0,30
7260.5,30.1
7261.0,30.1
7261.5,30.1
7262.0,30.1
7262.5,30.1
7263.0,30.1
7263.5,30.1
7264.0,30.1
7264.5,30.1
7265.0,30
7265.5,30.1
7266.0,30.1
7266.5,30.1
7267.0,30
7267.5,30.1
7268.0,30.1
7268.5,30.1
7269.0,30
7269.5,30.1
7270.0,30.1
7270.5,30.1
7271.0,30.1
7271.5,30.1
7272.0,30
7272.5,30.1
7273.0,30
7273.5,30.1
7274.0,30.1
7274.5,30.1
7275.0,30
7275.5,30.1
7276.0,30.1
7276.5,30.1
7277.0,30.1
7277.5,30
7278.0,30.1
7278.5,30.1
7279.0,30.1
7279.5,30.1
7280.0,30.1
7280.5,30.1
7281.0,30.1
7281.5,30.1
7282.0,30.1
7282.5,30.1
7283.0,30.1
7283.5,30.1
7284.0,30.1
7284.5,30.1
7285.0,30.1
7285.5,30
7286.0,30.1
7286.5,30.1
7287.0,30.1
7287.5,30
7288.0,30.1
7288.5,30
7289.0,30
7289.5,30
7290.0,30.1
7290.5,30.1
7291.0,30.1
7291.5,30.1
7292.0,30.1
7292.5,30.1
7293.0,30.1
7293.5,30
7294.0,30.1
7294.5,30.1
7295.0,30.1
7295.5,30
7296.0,30.1
7296.5,30.1
7297.0,30.1
7297.5,30.1
7298.0,30.1
7298.5,30.1
7299.0,30
7299.5,30
7300.0,30.1
7300.5,30.1
7301.0,30.1
7301.5,30.1
7302.0,30.1
7302.5,30.1
7303.0,30.1
7303.5,30.1
7304.0,30.1
7304.5,30.1
7305.0,30.1
7305.5,30.1
7306.0,30.1
7306.5,30.1
7307.0,30
7307.5,30.1
7308.0,30.1
7308.5,30.1
7309.0,30.1
7309.5,30.1
7310.0,30.1
7310.5,30.1
7311.0,30.1
7311.5,30.1
7312.0,30.1
7312.5,30.1
7313.0,30.1
7313.5,30.1
7314.0,30.1
7314.5,30.1
7315.0,30.1
7315.5,30.1
7316.0,30.1
7316.5,30.1
7317.0,30.1
7317.5,30
7318.0,30.1
7318.5,30.1
7319.0,30.1
7319.5,30.1
7320.0,30.1
7320.5,30.1
7321.0,30.1
7321.5,30.1
7322.0,30
7322.5,30.1
7323.0,30.1
7323.5,30.1
7324.0,30.1
7324.5,30.1
7325.0,30
7325.5,30.1
7326.0,30.1
7326.5,30.1
7327.0,30.1
7327.5,30.1
7328.0,30.1
7328.5,30.1
7329.0,30.1
7329.5,30.1
7330.0,30.1
7330.5,30.1
7331.0,30.1
7331.5,30.1
7332.0,30.1
7332.5,30
7333.0,30.1
7333.5,30.1
7334.0,30.1
7334.5,30.1
7335.0,30.1
7335.5,30.1
7336.0,30.1
7336.5,30.1
7337.0,30
7337.5,30.1
7338.0,30.1
7338.5,30.1
7339.0,30.1
7339.5,30.1
7340.0,30.1
7340.5,30.1
7341.0,30.1
7341.5,30.1
7342.0,30.1
7342.5,30
7343.0,30.1
7343.5,30.1
7344.0,30.1
7344.5,30.1
7345.0,30.1
7345.5,30.1
7346.0,30.1
7346.5,30.1
7347.0,30.1
7347.5,30.1
7348.0,30.1
7348.5,30.1
7349.0,30
7349.5,30.1
7350.0,30.1
7350.5,30.1
7351.0,30.1
7351.5,30.1
7352.0,30
7352.5,30.1
7353.0,30.1
7353.5,30.1
7354.0,30.1
7354.5,30.1
7355.0,30.1
7355.5,30.1
7356.0,30.1
7356.5,30.1
7357.0,30.1
7357.5,30.1
7358.0,30.1
7358.5,30.1
7359.0,30.1
7359.5,30.1
7360.0,30.1
7360.5,30.1
7361.0,30.1
7361.5,30.1
7362.0,30.1
7362.5,30.1
7363.0,30.1
7363.5,30.1
7364.0,30.1
7364.5,30.1
7365.0,30.1
7365.5,30.1
7366.0,30.1
7366.5,30.1
7367.0,30.1
7367.5,30.1
7368.0,30.1
7368.5,30.1
7369.0,30.1
7369.5,30.1
7370.0,30.1
7370.5,30.1
7371.0,30.1
7371.5,30.1
7372.0,30.1
7372.5,30.1
7373.0,30.1
7373.5,30.1
7374.0,30.1
7374.5,30.1
7375.0,30.1
7375.5,30.1
7376.0,30.1
7376.5,30.1
7377.0,30.1
7377.5,30.1
7378.0,30.1
7378.5,30.1
7379.0,30.1
7379.5,30.1
7380.0,30
7380.5,30.1
7381.0,30.1
7381.5,30.1
7382.0,30.1
7382.5,30.1
7383.0,30.1
7383.5,30.1
7384.0,30.1
7384.5,30.1
7385.0,30.1
7385.5,30.1
7386.0,30.1
7386.5,30.1
7387.0,30.1
7387.5,30.1
7388.0,30.1
7388.5,30.1
7389.0,30.1
7389.5,30.1
7390.0,30.1
7390.5,30.1
7391.0,30
7391.5,30.1
7392.0,30.1
7392.5,30.1
7393.0,30.1
7393.5,30.1
7394.0,30.1
7394.5,30.1
7395.0,30.1
7395.5,30.1
7396.0,30.1
7396.5,30.1
7397.0,30.1
7397.5,30.1
7398.0,30.1
7398.5,30.1
7399.0,30.1
7399.5,30.1
7400.0,30.1
7400.5,30.1
7401.0,30.1
7401.5,30.1
7402.0,30.1
7402.5,30.1
7403.0,30.1
7403.5,30.1
7404.0,30.1
7404.5,30.1
7405.0,30.1
7405.5,30.1
7406.0,30.1
7406.5,30.1
7407.0,30.1
7407.5,30.1
7408.0,30.1
7408.5,30.1
7409.0,30.1
7409.5,30
7410.0,30.1
7410.5,30.1
7411.0,30.1
7411.5,30.1
7412.0,30.1
7412.5,30.1
7413.0,30.1
7413.5,30.1
7414.0,30.1
7414.5,30.1
7415.0,30.1
7415.5,30.1
7416.0,30.1
7416.5,30.1
7417.0,30.1
7417.5,30.1
7418.0,30.1
7418.5,30.1
7419.0,30.1
7419.5,30.1
7420.0,30.1
7420.5,30.1
7421.0,30.1
7421.5,30.1
7422.0,30.1
7422.5,30.1
7423.0,30.1
7423.5,30.1
7424.0,30.1
7424.5,30.1
7425.0,30.1
7425.5,30.1
7426.0,30.1
7426.5,30.1
7427.0,30.1
7427.5,30.1
7428.0,30.1
7428.5,30.1
7429.0,30.1
7429.5,30.1
7430.0,30.1
7430.5,30.1
7431.0,30.1
7431.5,30.1
7432.0,30.1
7432.5,30.1
7433.0,30.1
7433.5,30.1
7434.0,30.1
7434.5,30.1
7435.0,30.1
7435.5,30.1
7436.0,30.1
7436.5,30.1
7437.0,30.1
7437.5,30.1
7438.0,30
7438.5,30.1
7439.0,30.1
7439.5,30.1
7440.0,30.1
7440.5,30.1
7441.0,30.1
7441.5,30.1
7442.0,30.1
7442.5,30.1
7443.0,30.1
7443.5,30.1
7444.0,30.1
7444.5,30
7445.0,30.1
7445.5,30.1
7446.0,30.1
7446.5,30.1
7447.0,30.1
7447.5,30.1
7448.0,30.1
7448.5,30.1
7449.0,30.1
7449.5,30.1
7450.0,30.1
7450.5,30.1
7451.0,30.1
7451.5,30.1
7452.0,30.1
7452.5,30.1
7453.0,30.1
7453.5,30.1
7454.0,30.1
7454.5,30.1
7455.0,30.1
7455.5,30.1
7456.0,30.1
7456.5,30.1
7457.0,30.1
7457.5,30.1
7458.0,30.1
7458.5,30.1
7459.0,30.1
7459.5,30.1
7460.0,30.1
7460.5,30
7461.0,30.1
7461.5,30.1
7462.0,30.1
7462.5,30.1
7463.0,30.1
7463.5,30.1
7464.0,30.1
7464.5,30.1
7465.0,30.1
7465.5,30.1
7466.0,30.1
7466.5,30.1
7467.0,30.1
7467.5,30.1
7468.0,30.1
7468.5,30.1
7469.0,30.1
7469.5,30.1
7470.0,30.1
7470.5,30.1
7471.0,30.1
7471.5,30.1
7472.0,30.1
7472.5,30.1
7473.0,30.1
7473.5,30.1
7474.0,30.1
7474.5,30.1
7475.0,30.1
7475.5,30.1
7476.0,30.1
7476.5,30.1
7477.0,30.1
7477.5,30.1
7478.0,30
7478.5,30.1
7479.0,30.1
7479.5,30.1
7480.0,30.1
7480.5,30.1
7481.0,30.1
7481.5,30.1
7482.0,30.1
7482.5,30.1
7483.0,30.1
7483.5,30.1
7484.0,30.1
7484.5,30.1
7485.0,30.1
7485.5,30.1
7486.0,30.1
7486.5,30
7487.0,30.1
7487.5,30.1
7488.0,30.1
7488.5,30.1
7489.0,30
7489.5,30.1
7490.0,30.1
7490.5,30.1
7491.0,30.1
7491.5,30.1
7492.0,30.1
7492.5,30.1
7493.0,30.1
7493.5,30.1
7494.0,30.1
7494.5,30.1
7495.0,30.1
7495.5,30.1
7496.0,30
7496.5,30.1
7497.0,30.1
7497.5,30.1
7498.0,30.1
7498.5,30.1
7499.0,30
7499.5,30.1
7500.0,30.1
7500.5,30
7501.0,30.1
7501.5,30.1
7502.0,30.1
7502.5,30.1
7503.0,30.1
7503.5,30.1
7504.0,30.1
7504.5,30.1
7505.0,30.1
7505.5,30.1
7506.0,30.1
7506.5,30.1
7507.0,30.1
7507.5,30.1
7508.0,30.1
7508.5,30.1
7509.0,30.1
7509.5,30.1
7510.0,30.1
7510.5,30.1
7511.0,30.1
7511.5,30.1
7512.0,30.1
7512.5,30.1
7513.0,30.1
7513.5,30.1
7514.0,30.1
7514.5,30.1
7515.0,30.1
7515.5,30.1
7516.0,30.1
7516.5,30.1
7517.0,30.1
7517.5,30.1
7518.0,30.1
7518.5,30.1
7519.0,30.1
7519.5,30.1
7520.0,30.1
7520.5,30.1
7521.0,30.1
7521.5,30.1
7522.0,30.1
7522.5,30.1
7523.0,30.1
7523.5,30.1
7524.0,30.1
7524.5,30.1
7525.0,30.1
7525.5,30.1
7526.0,30.1
7526.5,30.1
7527.0,30.1
7527.5,30.1
7528.0,30.1
7528.5,30.1
7529.0,30.1
7529.5,30.1
7530.0,30.1
7530.5,30.1
7531.0,30.1
7531.5,30.1
7532.0,30.1
7532.5,30.1
7533.0,30.1
7533.5,30.1
7534.0,30.1
7534.5,30.1
7535.0,30
7535.5,30.1
7536.0,30.1
7536.5,30.1
7537.0,30.1
7537.5,30.1
7538.0,30.1
7538.5,30.1
7539.0,30
7539.5,30.1
7540.0,30.1
7540.5,30.1
7541.0,30.1
7541.5,30.1
7542.0,30
7542.5,30.1
7543.0,30.1
7543.5,30.1
7544.0,30.1
7544.5,30.1
7545.0,30.1
7545.5,30.1
7546.0,30.1
7546.5,30.1
7547.0,30.1
7547.5,30.1
7548.0,30.1
7548.5,30.1
7549.0,30.1
7549.5,30.1
7550.0,30.1
7550.5,30.1
7551.0,30.1
7551.5,30.1
7552.0,30.1
7552.5,30.1
7553.0,30.1
7553.5,30.1
7554.0,30.1
7554.5,30.1
7555.0,30.1
7555.5,30.1
7556.0,30.1
7556.5,30.1
7557.0,30.1
7557.5,30.1
7558.0,30.1
7558.5,30.1
7559.0,30.1
7559.5,30.1
7560.0,30.1
7560.5,30.1
7561.0,30.1
7561.5,30.1
7562.0,30.1
7562.5,30.1
7563.0,30.1
7563.5,30.1
7564.0,30.1
7564.5,30.1
7565.0,30.1
7565.5,30.1
7566.0,30.1
7566.5,30.1
7567.0,30.1
7567.5,30.1
7568.0,30.1
7568.5,30.1
7569.0,30.1
7569.5,30.1
7570.0,30.1
7570.5,30.1
7571.0,30.1
7571.5,30.1
7572.0,30.1
7572.5,30.1
7573.0,30.1
7573.5,30.1
7574.0,30.1
7574.5,30
7575.0,30.1
7575.5,30.1
7576.0,30.1
7576.5,30.1
7577.0,30.1
7577.5,30
7578.0,30.1
7578.5,30.1
7579.0,30.1
7579.5,30.1
7580.0,30.1
7580.5,30.1
7581.0,30.1
7581.5,30.1
7582.0,30.1
7582.5,30.1
7583.0,30.1
7583.5,30.1
7584.0,30.1
7584.5,30.1
7585.0,30.1
7585.5,30.1
7586.0,30.1
7586.5,30.1
7587.0,30.1
7587.5,30.1
7588.0,30.1
7588.5,30.1
7589.0,30.1
7589.5,30.1
7590.0,30.1
7590.5,30.1
7591.0,30.1
7591.5,30
7592.0,30.1
7592.5,30.1
7593.0,30.1
7593.5,30.1
7594.0,30
7594.5,30.1
7595.0,30.1
7595.5,30.1
7596.0,30.1
7596.5,30.1
7597.0,30.1
7597.5,30.1
7598.0,30.1
7598.5,30.1
7599.0,30.1
7599.5,30.1
7600.0,30.1
7600.5,30.1
7601.0,30.1
7601.5,30.1
7602.0,30.1
7602.5,30.1
7603.0,30.1
7603.5,30.1
7604.0,30.1
7604.5,30.1
7605.0,30.1
7605.5,30.1
7606.0,30.1
7606.5,30.1
7607.0,30.1
7607.5,30.1
7608.0,30.1
7608.5,30.1
7609.0,30.1
7609.5,30.1
7610.0,30.1
7610.5,30.1
7611.0,30.1
7611.5,30.1
7612.0,30.1
7612.5,30.1
7613.0,30.1
7613.5,30.1
7614.0,30.1
7614.5,30.1
7615.0,30.1
7615.5,30.1
7616.0,30.1
7616.5,30.1
7617.0,30.1
7617.5,30.1
7618.0,30.1
7618.5,30.1
7619.0,30.1
7619.5,30.1
7620.0,30.1
7620.5,30.1
7621.0,30.1
7621.5,30.1
7622.0,30.1
7622.5,30.1
7623.0,30.1
7623.5,30.1
7624.0,30.1
7624.5,30.1
7625.0,30.1
7625.5,30.1
7626.0,30
7626.5,30.1
7627.0,30.1
7627.5,30.1
7628.0,30.1
7628.5,30.1
7629.0,30.1
7629.5,30.1
7630.0,30.1
7630.5,30.1
7631.0,30.1
7631.5,30.1
7632.0,30.1
7632.5,30
7633.0,30.1
7633.5,30.1
7634.0,30.1
7634.5,30.1
7635.0,30.1
7635.5,30.1
7636.0,30.1
7636.5,30.1
7637.0,30.1
7637.5,30.1
7638.0,30.1
7638.5,30.1
7639.0,30.1
7639.5,30.1
7640.0,30.1
7640.5,30.1
7641.0,30.1
7641.5,30.1
7642.0,30.1
7642.5,30.1
7643.0,30.1
7643.5,30.1
7644.0,30.1
7644.5,30.1
7645.0,30.1
7645.5,30.1
7646.0,30.1
7646.5,30.1
7647.0,30.1
7647.5,30.1
7648.0,30.1
7648.5,30.1
7649.0,30.1
7649.5,30.1
7650.0,30.1
7650.5,30.1
7651.0,30.1
7651.5,30.1
7652.0,30.1
7652.5,30.1
7653.0,30.1
7653.5,30.1
7654.0,30.1
7654.5,30.1
7655.0,30.1
7655.5,30.1
7656.0,30.1
7656.5,30.1
7657.0,30.1
7657.5,30.1
7658.0,30.1
7658.5,30.1
7659.0,30.1
7659.5,30.1
7660.0,30.1
7660.5,30.1
7661.0,30.1
7661.5,30.1
7662.0,30.1
7662.5,30.1
7663.0,30.1
7663.5,30.1
7664.0,30.1
7664.5,30.1
7665.0,30.1
7665.5,30.1
7666.0,30.1
7666.5,30.1
7667.0,30.1
7667.5,30.1
7668.0,30.1
7668.5,30.1
7669.0,30.1
7669.5,30.1
7670.0,30.1
7670.5,30.1
7671.0,30.1
7671.5,30.1
7672.0,30.1
7672.5,30.1
7673.0,30.1
7673.5,30.1
7674.0,30.1
7674.5,30.1
7675.0,30.1
7675.5,30.1
7676.0,30.1
7676.5,30.1
7677.0,30.1
7677.5,30.1
7678.0,30.1
7678.5,30.1
7679.0,30.1
7679.5,30.1
7680.0,30.1
7680.5,30.1
7681.0,30.1
7681.5,30.1
7682.0,30.1
7682.5,30.1
7683.0,30.1
7683.5,30.1
7684.0,30.1
7684.5,30.1
7685.0,30.1
7685.5,30.1
7686.0,30.1
7686.5,30.1
7687.0,30.1
7687.5,30.1
7688.0,30.1
7688.5,30.1
7689.0,30.1
7689.5,30.1
7690.0,30.1
7690.5,30.1
7691.0,30.1
7691.5,30.1
7692.0,30.1
7692.5,30.1
7693.0,30.1
7693.5,30.1
7694.0,30.1
7694.5,30.1
7695.0,30.1
7695.5,30.1
7696.0,30.1
7696.5,30.1
7697.0,30.1
7697.5,30.1
7698.0,30.1
7698.5,30.1
7699.0,30.1
7699.5,30.1
7700.0,30.1
7700.5,30.1
7701.0,30.1
7701.5,30.1
7702.0,30.1
7702.5,30.1
7703.0,30.1
7703.5,30.1
7704.0,30.1
7704.5,30.1
7705.0,30.2
7705.5,30.1
7706.0,30.1
7706.5,30.1
7707.0,30.1
7707.5,30.1
7708.0,30.1
7708.5,30.1
7709.0,30.1
7709.5,30.1
7710.0,30.1
7710.5,30.1
7711.0,30.1
7711.5,30.1
7712.0,30.1
7712.5,30.1
7713.0,30.1
7713.5,30.1
7714.0,30.1
7714.5,30.1
7715.0,30.1
7715.5,30.1
7716.0,30.1
7716.5,30.1
7717.0,30.1
7717.5,30.1
7718.0,30.1
7718.5,30.1
7719.0,30.1
7719.5,30.1
7720.0,30.1
7720.5,30.1
7721.0,30.1
7721.5,30.1
7722.0,30.1
7722.5,30.1
7723.0,30.1
7723.5,30.1
7724.0,30.1
7724.5,30.1
7725.0,30.1
7725.5,30.1
7726.0,30.1
7726.5,30.1
7727.0,30.1
7727.5,30.1
7728.0,30.1
7728.5,30.1
7729.0,30.1
7729.5,30.2
7730.0,30.1
7730.5,30.1
7731.0,30.1
7731.5,30.1
7732.0,30.1
7732.5,30.1
7733.0,30.1
7733.5,30.1
7734.0,30.1
7734.5,30.1
7735.0,30.1
7735.5,30.1
7736.0,30.1
7736.5,30.1
7737.0,30.1
7737.5,30.1
7738.0,30.1
7738.5,30.1
7739.0,30.1
7739.5,30.1
7740.0,30.1
7740.5,30.1
7741.0,30.1
7741.5,30.1
7742.0,30.1
7742.5,30.1
7743.0,30.1
7743.5,30.1
7744.0,30.1
7744.5,30.1
7745.0,30.1
7745.5,30.1
7746.0,30.1
7746.5,30.1
7747.0,30.1
7747.5,30.1
7748.0,30.1
7748.5,30.1
7749.0,30.1
7749.5,30.1
7750.0,30.1
7750.5,30.1
7751.0,30.1
7751.5,30.1
7752.0,30.1
7752.5,30.1
7753.0,30.1
7753.5,30.1
7754.0,30.1
7754.5,30.1
7755.0,30.1
7755.5,30.1
7756.0,30.1
7756.5,30.1
7757.0,30.1
7757.5,30.1
7758.0,30.1
7758.5,30.1
7759.0,30.1
7759.5,30.1
7760.0,30.1
7760.5,30.1
7761.0,30.1
7761.5,30.1
7762.0,30.1
7762.5,30.1
7763.0,30.1
7763.5,30.1
7764.0,30.1
7764.5,30.1
7765.0,30.2
7765.5,30.1
7766.0,30.1
7766.5,30.1
7767.0,30.1
7767.5,30.1
7768.0,30.1
7768.5,30.1
7769.0,30.1
7769.5,30.1
7770.0,30.1
7770.5,30.1
7771.0,30.1
7771.5,30.1
7772.0,30.1
7772.5,30.1
7773.0,30.1
7773.5,30.1
7774.0,30.1
7774.5,30.1
7775.0,30.1
7775.5,30.1
7776.0,30.1
7776.5,30.1
7777.0,30.1
7777.5,30.1
7778.0,30.1
7778.5,30.1
7779.0,30.1
7779.5,30.1
7780.0,30.1
7780.5,30.1
7781.0,30.1
7781.5,30.1
7782.0,30.1
7782.5,30.1
7783.0,30.1
7783.5,30.1
7784.0,30.1
7784.5,30.1
7785.0,30.1
7785.5,30.1
7786.0,30.1
7786.5,30.1
7787.0,30.1
7787.5,30.1
7788.0,30.1
7788.5,30.1
7789.0,30.1
7789.5,30.1
7790.0,30.1
7790.5,30.1
7791.0,30.1
7791.5,30.1
7792.0,30.1
7792.5,30.1
7793.0,30.1
7793.5,30.1
7794.0,30.1
7794.5,30.1
7795.0,30.1
7795.5,30.1
7796.0,30.1
7796.5,30.1
7797.0,30.1
7797.5,30.1
7798.0,30.1
7798.5,30.1
7799.0,30.1
7799.5,30.1
7800.0,30.1
7800.5,30.1
7801.0,30.1
7801.5,30.1
7802.0,30.1
7802.5,30.1
7803.0,30.1
7803.5,30.1
7804.0,30.1
7804.5,30.1
7805.0,30.1
7805.5,30.1
7806.0,30.1
7806.5,30.2
7807.0,30.1
7807.5,30.1
7808.0,30.1
7808.5,30.1
7809.0,30.1
7809.5,30.1
7810.0,30.1
7810.5,30.1
7811.0,30.1
7811.5,30.1
7812.0,30.1
7812.5,30.1
7813.0,30.1
7813.5,30.1
7814.0,30.1
7814.5,30.1
7815.0,30.1
7815.5,30.1
7816.0,30.1
7816.5,30.1
7817.0,30.1
7817.5,30.1
7818.0,30.1
7818.5,30.1
7819.0,30.1
7819.5,30.1
7820.0,30.1
7820.5,30.1
7821.0,30.1
7821.5,30.1
7822.0,30.1
7822.5,30.1
7823.0,30.1
7823.5,30.1
7824.0,30.1
7824.5,30.1
7825.0,30.1
7825.5,30.1
7826.0,30.1
7826.5,30.1
7827.0,30.1
7827.5,30.1
7828.0,30.1
7828.5,30.1
7829.0,30.1
7829.5,30.1
7830.0,30.1
7830.5,30.1
7831.0,30.1
7831.5,30.1
7832.0,30.1
7832.5,30.1
7833.0,30.1
7833.5,30.1
7834.0,30.1
7834.5,30.1
7835.0,30.1
7835.5,30.1
7836.0,30.1
7836.5,30.1
7837.0,30.1
7837.5,30.1
7838.0,30.1
7838.5,30.1
7839.0,30.1
7839.5,30.1
7840.0,30.1
7840.5,30.1
7841.0,30.1
7841.5,30.1
7842.0,30.1
7842.5,30.1
7843.0,30.1
7843.5,30.1
7844.0,30.1
7844.5,30.1
7845.0,30.1
7845.5,30.1
7846.0,30.1
7846.5,30.1
7847.0,30.1
7847.5,30.1
7848.0,30.1
7848.5,30.1
7849.0,30.1
7849.5,30.1
7850.0,30.1
7850.5,30.1
7851.0,30.1
7851.5,30.1
7852.0,30.1
7852.5,30.1
7853.0,30.1
7853.5,30.1
7854.0,30.1
7854.5,30.1
7855.0,30.1
7855.5,30.1
7856.0,30.1
7856.5,30.1
7857.0,30.1
7857.5,30.1
7858.0,30.2
7858.5,30.1
7859.0,30.1
7859.5,30.1
7860.0,30.1
7860.5,30.1
7861.0,30.1
7861.5,30.1
7862.0,30.1
7862.5,30.1
7863.0,30.1
7863.5,30.1
7864.0,30.1
7864.5,30.1
7865.0,30.1
7865.5,30.1
7866.0,30.1
7866.5,30.1
7867.0,30.1
7867.5,30.1
7868.0,30.1
7868.5,30.1
7869.0,30.1
7869.5,30.1
7870.0,30.1
7870.5,30.1
7871.0,30.1
7871.5,30.1
7872.0,30.1
7872.5,30.1
7873.0,30.1
7873.5,30.1
7874.0,30.1
7874.5,30.2
7875.0,30.1
7875.5,30.1
7876.0,30.1
7876.5,30.1
7877.0,30.1
7877.5,30.1
7878.0,30.1
7878.5,30.1
7879.0,30.1
7879.5,30.1
7880.0,30.1
7880.5,30.1
7881.0,30.1
7881.5,30.1
7882.0,30.1
7882.5,30.1
7883.0,30.1
7883.5,30.1
7884.0,30.1
7884.5,30.1
7885.0,30.1
7885.5,30.1
7886.0,30.1
7886.5,30.1
7887.0,30.1
7887.5,30.1
7888.0,30.1
7888.5,30.1
7889.0,30.1
7889.5,30.1
7890.0,30.1
7890.5,30.1
7891.0,30.1
7891.5,30.1
7892.0,30.1
7892.5,30.1
7893.0,30.1
7893.5,30.1
7894.0,30.1
7894.5,30.1
7895.0,30.1
7895.5,30.2
7896.0,30.1
7896.5,30.1
7897.0,30.1
7897.5,30.1
7898.0,30.1
7898.5,30.1
7899.0,30.1
7899.5,30.1
7900.0,30.1
7900.5,30.1
7901.0,30.1
7901.5,30.1
7902.0,30.1
7902.5,30.1
7903.0,30.1
7903.5,30.1
7904.0,30.1
7904.5,30.1
7905.0,30.1
7905.5,30.1
7906.0,30.1
7906.5,30.1
7907.0,30.1
7907.5,30.1
7908.0,30.1
7908.5,30.1
7909.0,30.1
7909.5,30.1
7910.0,30.1
7910.5,30.1
7911.0,30.1
7911.5,30.1
7912.0,30.1
7912.5,30.1
7913.0,30.1
7913.5,30.1
7914.0,30.1
7914.5,30.1
7915.0,30.1
7915.5,30.1
7916.0,30.1
7916.5,30.1
7917.0,30.1
7917.5,30.1
7918.0,30.1
7918.5,30.1
7919.0,30.1
7919.5,30.1
7920.0,30.2
7920.5,30.1
7921.0,30.1
7921.5,30.1
7922.0,30.1
7922.5,30.1
7923.0,30.1
7923.5,30.1
7924.0,30.1
7924.5,30.1
7925.0,30.1
7925.5,30.1
7926.0,30.2
7926.5,30.1
7927.0,30.1
7927.5,30.1
7928.0,30.1
7928.5,30.1
7929.0,30.1
7929.5,30.1
7930.0,30.1
7930.5,30.1
7931.0,30.1
7931.5,30.1
7932.0,30.1
7932.5,30.1
7933.0,30.1
7933.5,30.1
7934.0,30.1
7934.5,30.1
7935.0,30.1
7935.5,30.1
7936.0,30.1
7936.5,30.1
7937.0,30.1
7937.5,30.1
7938.0,30.1
7938.5,30.1
7939.0,30.1
7939.5,30.1
7940.0,30.1
7940.5,30.1
7941.0,30.1
7941.5,30.1
7942.0,30.1
7942.5,30.1
7943.0,30.1
7943.5,30.1
7944.0,30.1
7944.5,30.1
7945.0,30.1
7945.5,30.1
7946.0,30.1
7946.5,30.1
7947.0,30.1
7947.5,30.1
7948.0,30.1
7948.5,30.1
7949.0,30.1
7949.5,30.1
7950.0,30.1
7950.5,30.1
7951.0,30.1
7951.5,30.1
7952.0,30.1
7952.5,30.1
7953.0,30.1
7953.5,30.1
7954.0,30.1
7954.5,30.1
7955.0,30.1
7955.5,30.1
7956.0,30.1
7956.5,30.1
7957.0,30.1
7957.5,30.1
7958.0,30.1
7958.5,30.1
7959.0,30.1
7959.5,30.1
7960.0,30.1
7960.5,30.1
7961.0,30.1
7961.5,30.1
7962.0,30.1
7962.5,30.1
7963.0,30.1
7963.5,30.1
7964.0,30.1
7964.5,30.1
7965.0,30.1
7965.5,30.1
7966.0,30.1
7966.5,30.1
7967.0,30.1
7967.5,30.1
7968.0,30.1
7968.5,30.1
7969.0,30.1
7969.5,30.1
7970.0,30.1
7970.5,30.1
7971.0,30.1
7971.5,30.1
7972.0,30.1
7972.5,30.1
7973.0,30.1
7973.5,30.1
7974.0,30.1
7974.5,30.1
7975.0,30.1
7975.5,30.1
7976.0,30.1
7976.5,30.1
7977.0,30.1
7977.5,30.2
7978.0,30.1
7978.5,30.1
7979.0,30.1
7979.5,30.1
7980.0,30.1
7980.5,30.2
7981.0,30.1
7981.5,30.1
7982.0,30.1
7982.5,30.1
7983.0,30.1
7983.5,30.1
7984.0,30.1
7984.5,30.1
7985.0,30.1
7985.5,30.1
7986.0,30.1
7986.5,30.1
7987.0,30.1
7987.5,30.1
7988.0,30.1
7988.5,30.1
7989.0,30.1
7989.5,30.1
7990.0,30.2
7990.5,30.1
7991.0,30.1
7991.5,30.1
7992.0,30.2
7992.5,30.1
7993.0,30.1
7993.5,30.1
7994.0,30.1
7994.5,30.1
7995.0,30.1
7995.5,30.1
7996.0,30.2
7996.5,30.1
7997.0,30.1
7997.5,30.1
7998.0,30.1
7998.5,30.1
7999.0,30.2
7999.5,30.2
8000.0,30.1
8000.5,30.1
8001.0,30.1
8001.5,30.1
8002.0,30.1
8002.5,30.1
8003.0,30.1
8003.5,30.1
8004.0,30.1
8004.5,30.1
8005.0,30.1
8005.5,30.1
8006.0,30.1
8006.5,30.1
8007.0,30.2
8007.5,30.1
8008.0,30.1
8008.5,30.1
8009.0,30.1
8009.5,30.1
8010.0,30.1
8010.5,30.1
8011.0,30.1
8011.5,30.1
8012.0,30.1
8012.5,30.1
8013.0,30.1
8013.5,30.1
8014.0,30.1
8014.5,30.1
8015.0,30.1
8015.5,30.1
8016.0,30.1
8016.5,30.1
8017.0,30.1
8017.5,30.1
8018.0,30.1
8018.5,30.1
8019.0,30.1
8019.5,30.1
8020.0,30.1
8020.5,30.1
8021.0,30.1
8021.5,30.2
8022.0,30.1
8022.5,30.1
8023.0,30.1
8023.5,30.1
8024.0,30.2
8024.5,30.1
8025.0,30.1
8025.5,30.2
8026.0,30.1
8026.5,30.1
8027.0,30.1
8027.5,30.1
8028.0,30.1
8028.5,30.1
8029.0,30.1
8029.5,30.1
8030.0,30.1
8030.5,30.1
8031.0,30.1
8031.5,30.1
8032.0,30.1
8032.5,30.1
8033.0,30.1
8033.5,30.1
8034.0,30.1
8034.5,30.1
8035.0,30.2
8035.5,30.1
8036.0,30.1
8036.5,30.1
8037.0,30.1
8037.5,30.2
8038.0,30.1
8038.5,30.1
8039.0,30.1
8039.5,30.1
8040.0,30.1
8040.5,30.1
8041.0,30.1
8041.5,30.1
8042.0,30.1
8042.5,30.1
8043.0,30.1
8043.5,30.1
8044.0,30.1
8044.5,30.1
8045.0,30.1
8045.5,30.1
8046.0,30.1
8046.5,30.1
8047.0,30.1
8047.5,30.1
8048.0,30.1
8048.5,30.1
8049.0,30.1
8049.5,30.1
8050.0,30.1
8050.5,30.1
8051.0,30.1
8051.5,30.1
8052.0,30.1
8052.5,30.1
8053.0,30.1
8053.5,30.1
8054.0,30.1
8054.5,30.2
8055.0,30.1
8055.5,30.1
8056.0,30.1
8056.5,30.1
8057.0,30.1
8057.5,30.1
8058.0,30.1
8058.5,30.1
8059.0,30.1
8059.5,30.1
8060.0,30.1
8060.5,30.1
8061.0,30.2
8061.5,30.1
8062.0,30.1
8062.5,30.1
8063.0,30.1
8063.5,30.1
8064.0,30.1
8064.5,30.1
8065.0,30.1
8065.5,30.1
8066.0,30.1
8066.5,30.1
8067.0,30.1
8067.5,30.1
8068.0,30.1
8068.5,30.1
8069.0,30.1
8069.5,30.1
8070.0,30.1
8070.5,30.1
8071.0,30.1
8071.5,30.1
8072.0,30.1
8072.5,30.1
8073.0,30.1
8073.5,30.1
8074.0,30.1
8074.5,30.1
8075.0,30.1
8075.5,30.1
8076.0,30.1
8076.5,30.1
8077.0,30.1
8077.5,30.1
8078.0,30.1
8078.5,30.1
8079.0,30.2
8079.5,30.1
8080.0,30.1
8080.5,30.1
8081.0,30.1
8081.5,30.1
8082.0,30.1
8082.5,30.1
8083.0,30.1
8083.5,30.1
8084.0,30.1
8084.5,30.1
8085.0,30.1
8085.5,30.1
8086.0,30.1
8086.5,30.1
8087.0,30.1
8087.5,30.1
8088.0,30.1
8088.5,30.1
8089.0,30.1
8089.5,30.1
8090.0,30.1
8090.5,30.1
8091.0,30.1
8091.5,30.1
8092.0,30.2
8092.5,30.1
8093.0,30.1
8093.5,30.1
8094.0,30.1
8094.5,30.1
8095.0,30.1
8095.5,30.1
8096.0,30.1
8096.5,30.1
8097.0,30.1
8097.5,30.1
8098.0,30.1
8098.5,30.1
8099.0,30.1
8099.5,30.2
8100.0,30.1
8100.5,30.1
8101.0,30.1
8101.5,30.1
8102.0,30.1
8102.5,30.1
8103.0,30.1
8103.5,30.1
8104.0,30.1
8104.5,30.1
8105.0,30.2
8105.5,30.1
8106.0,30.1
8106.5,30.1
8107.0,30.1
8107.5,30.1
8108.0,30.1
8108.5,30.1
8109.0,30.1
8109.5,30.1
8110.0,30.1
8110.5,30.2
8111.0,30.1
8111.5,30.2
8112.0,30.1
8112.5,30.2
8113.0,30.1
8113.5,30.1
8114.0,30.1
8114.5,30.1
8115.0,30.1
8115.5,30.1
8116.0,30.1
8116.5,30.1
8117.0,30.1
8117.5,30.1
8118.0,30.1
8118.5,30.1
8119.0,30.1
8119.5,30.1
8120.0,30.1
8120.5,30.1
8121.0,30.1
8121.5,30.1
8122.0,30.1
8122.5,30.1
8123.0,30.1
8123.5,30.1
8124.0,30.1
8124.5,30.1
8125.0,30.1
8125.5,30.1
8126.0,30.1
8126.5,30.1
8127.0,30.1
8127.5,30.1
8128.0,30.1
8128.5,30.1
8129.0,30.1
8129.5,30.1
8130.0,30.1
8130.5,30.1
8131.0,30.1
8131.5,30.1
8132.0,30.1
8132.5,30.1
8133.0,30.1
8133.5,30.1
8134.0,30.1
8134.5,30.1
8135.0,30.2
8135.5,30.2
8136.0,30.1
8136.5,30.1
8137.0,30.1
8137.5,30.1
8138.0,30.1
8138.5,30.1
8139.0,30.1
8139.5,30.2
8140.0,30.1
8140.5,30.1
8141.0,30.1
8141.5,30.1
8142.0,30.1
8142.5,30.1
8143.0,30.1
8143.5,30.1
8144.0,30.1
8144.5,30.1
8145.0,30.1
8145.5,30.1
8146.0,30.1
8146.5,30.1
8147.0,30.1
8147.5,30.1
8148.0,30.1
8148.5,30.1
8149.0,30.1
8149.5,30.1
8150.0,30.1
8150.5,30.1
8151.0,30.1
8151.5,30.2
8152.0,30.1
8152.5,30.1
8153.0,30.1
8153.5,30.1
8154.0,30.1
8154.5,30.1
8155.0,30.1
8155.5,30.1
8156.0,30.1
8156.5,30.1
8157.0,30.1
8157.5,30.2
8158.0,30.1
8158.5,30.1
8159.0,30.1
8159.5,30.1
8160.0,30.1
8160.5,30.1
8161.0,30.1
8161.5,30.1
8162.0,30.1
8162.5,30.1
8163.0,30.1
8163.5,30.1
8164.0,30.1
8164.5,30.1
8165.0,30.1
8165.5,30.1
8166.0,30.1
8166.5,30.1
8167.0,30.2
8167.5,30.1
8168.0,30.1
8168.5,30.1
8169.0,30.1
8169.5,30.1
8170.0,30.1
8170.5,30.1
8171.0,30.1
8171.5,30.1
8172.0,30.1
8172.5,30.1
8173.0,30.1
8173.5,30.1
8174.0,30.1
8174.5,30.1
8175.0,30.1
8175.5,30.1
8176.0,30.2
8176.5,30.1
8177.0,30.1
8177.5,30.1
8178.0,30.1
8178.5,30.1
8179.0,30.1
8179.5,30.1
8180.0,30.1
8180.5,30.1
8181.0,30.1
8181.5,30.2
8182.0,30.1
8182.5,30.1
8183.0,30.1
8183.5,30.1
8184.0,30.1
8184.5,30.1
8185.0,30.1
8185.5,30.1
8186.0,30.1
8186.5,30.1
8187.0,30.1
8187.5,30.2
8188.0,30.1
8188.5,30.2
8189.0,30.1
8189.5,30.1
8190.0,30.1
8190.5,30.1
8191.0,30.2
8191.5,30.1
8192.0,30.2
8192.5,30.2
8193.0,30.1
8193.5,30.1
8194.0,30.1
8194.5,30.1
8195.0,30.1
8195.5,30.1
8196.0,30.1
8196.5,30.1
8197.0,30.1
8197.5,30.2
8198.0,30.2
8198.5,30.1
8199.0,30.1
8199.5,30.1
8200.0,30.1
8200.5,30.1
8201.0,30.1
8201.5,30.1
8202.0,30.1
8202.5,30.1
8203.0,30.1
8203.5,30.1
8204.0,30.1
8204.5,30.1
8205.0,30.1
8205.5,30.1
8206.0,30.1
8206.5,30.1
8207.0,30.1
8207.5,30.1
8208.0,30.1
8208.5,30.1
8209.0,30.1
8209.5,30.1
8210.0,30.1
8210.5,30.1
8211.0,30.1
8211.5,30.1
8212.0,30.1
8212.5,30.1
8213.0,30.1
8213.5,30.2
8214.0,30.1
8214.5,30.1
8215.0,30.1
8215.5,30.1
8216.0,30.1
8216.5,30.1
8217.0,30.1
8217.5,30.1
8218.0,30.1
8218.5,30.1
8219.0,30.1
8219.5,30.1
8220.0,30.1
8220.5,30.1
8221.0,30.2
8221.5,30.1
8222.0,30.1
8222.5,30.1
8223.0,30.1
8223.5,30.1
8224.0,30.1
8224.5,30.2
8225.0,30.1
8225.5,30.1
8226.0,30.1
8226.5,30.1
8227.0,30.1
8227.5,30.1
8228.0,30.1
8228.5,30.1
8229.0,30.1
8229.5,30.1
8230.0,30.1
8230.5,30.1
8231.0,30.1
8231.5,30.1
8232.0,30.2
8232.5,30.1
8233.0,30.1
8233.5,30.2
8234.0,30.1
8234.5,30.1
8235.0,30.2
8235.5,30.1
8236.0,30.1
8236.5,30.1
8237.0,30.2
8237.5,30.1
8238.0,30.2
8238.5,30.1
8239.0,30.2
8239.5,30.1
8240.0,30.1
8240.5,30.1
8241.0,30.1
8241.5,30.1
8242.0,30.2
8242.5,30.2
8243.0,30.1
8243.5,30.1
8244.0,30.1
8244.5,30.1
8245.0,30.1
8245.5,30.2
8246.0,30.1
8246.5,30.1
8247.0,30.2
8247.5,30.1
8248.0,30.1
8248.5,30.1
8249.0,30.1
8249.5,30.1
8250.0,30.2
8250.5,30.2
8251.0,30.1
8251.5,30.1
8252.0,30.2
8252.5,30.2
8253.0,30.1
8253.5,30.1
8254.0,30.1
8254.5,30.1
8255.0,30.1
8255.5,30.2
8256.0,30.1
8256.5,30.1
8257.0,30.1
8257.5,30.1
8258.0,30.1
8258.5,30.2
8259.0,30.1
8259.5,30.1
8260.0,30.1
8260.5,30.1
8261.0,30.1
8261.5,30.1
8262.0,30.1
8262.5,30.1
8263.0,30.2
8263.5,30.1
8264.0,30.1
8264.5,30.2
8265.0,30.2
8265.5,30.1
8266.0,30.2
8266.5,30.2
8267.0,30.1
8267.5,30.1
8268.0,30.1
8268.5,30.1
8269.0,30.1
8269.5,30.2
8270.0,30.2
8270.5,30.1
8271.0,30.1
8271.5,30.2
8272.0,30.1
8272.5,30.1
8273.0,30.1
8273.5,30.1
8274.0,30.2
8274.5,30.2
8275.0,30.2
8275.5,30.1
8276.0,30.1
8276.5,30.1
8277.0,30.2
8277.5,30.1
8278.0,30.2
8278.5,30.2
8279.0,30.2
8279.5,30.2
8280.0,30.1
8280.5,30.2
8281.0,30.1
8281.5,30.1
8282.0,30.2
8282.5,30.1
8283.0,30.1
8283.5,30.2
8284.0,30.2
8284.5,30.1
8285.0,30.2
8285.5,30.1
8286.0,30.1
8286.5,30.1
8287.0,30.1
8287.5,30.1
8288.0,30.2
8288.5,30.1
8289.0,30.2
8289.5,30.2
8290.0,30.2
8290.5,30.2
8291.0,30.2
8291.5,30.1
8292.0,30.1
8292.5,30.1
8293.0,30.1
8293.5,30.1
8294.0,30.1
8294.5,30.1
8295.0,30.1
8295.5,30.1
8296.0,30.2
8296.5,30.2
8297.0,30.1
8297.5,30.2
8298.0,30.2
8298.5,30.1
8299.0,30.1
8299.5,30.2
8300.0,30.1
8300.5,30.1
8301.0,30.1
8301.5,30.2
8302.0,30.2
8302.5,30.1
8303.0,30.1
8303.5,30.1
8304.0,30.2
8304.5,30.2
8305.0,30.1
8305.5,30.1
8306.0,30.1
8306.5,30.2
8307.0,30.2
8307.5,30.1
8308.0,30.1
8308.5,30.1
8309.0,30.1
8309.5,30.1
8310.0,30.1
8310.5,30.1
8311.0,30.2
8311.5,30.1
8312.0,30.1
8312.5,30.2
8313.0,30.1
8313.5,30.1
8314.0,30.2
8314.5,30.2
8315.0,30.1
8315.5,30.1
8316.0,30.1
8316.5,30.1
8317.0,30.1
8317.5,30.1
8318.0,30.1
8318.5,30.2
8319.0,30.1
8319.5,30.1
8320.0,30.1
8320.5,30.2
8321.0,30.1
8321.5,30.2
8322.0,30.1
8322.5,30.1
8323.0,30.1
8323.5,30.1
8324.0,30.1
8324.5,30.2
8325.0,30.1
8325.5,30.1
8326.0,30.2
8326.5,30.1
8327.0,30.2
8327.5,30.1
8328.0,30.1
8328.5,30.2
8329.0,30.2
8329.5,30.2
8330.0,30.2
8330.5,30.2
8331.0,30.2
8331.5,30.1
8332.0,30.1
8332.5,30.1
8333.0,30.2
8333.5,30.1
8334.0,30.1
8334.5,30.1
8335.0,30.1
8335.5,30.2
8336.0,30.2
8336.5,30.1
8337.0,30.2
8337.5,30.1
8338.0,30.1
8338.5,30.2
8339.0,30.2
8339.5,30.2
8340.0,30.2
8340.5,30.1
8341.0,30.1
8341.5,30.1
8342.0,30.2
8342.5,30.1
8343.0,30.2
8343.5,30.1
8344.0,30.2
8344.5,30.2
8345.0,30.1
8345.5,30.1
8346.0,30.1
8346.5,30.2
8347.0,30.1
8347.5,30.2
8348.0,30.2
8348.5,30.2
8349.0,30.1
8349.5,30.1
8350.0,30.2
8350.5,30.1
8351.0,30.1
8351.5,30.2
8352.0,30.1
8352.5,30.1
8353.0,30.1
8353.5,30.1
8354.0,30.2
8354.5,30.1
8355.0,30.1
8355.5,30.1
8356.0,30.2
8356.5,30.1
8357.0,30.1
8357.5,30.1
8358.0,30.1
8358.5,30.2
8359.0,30.2
8359.5,30.2
8360.0,30.1
8360.5,30.2
8361.0,30.2
8361.5,30.2
8362.0,30.2
8362.5,30.2
8363.0,30.2
8363.5,30.1
8364.0,30.1
8364.5,30.2
8365.0,30.1
8365.5,30.1
8366.0,30.1
8366.5,30.2
8367.0,30.1
8367.5,30.1
8368.0,30.1
8368.5,30.2
8369.0,30.2
8369.5,30.1
8370.0,30.1
8370.5,30.1
8371.0,30.1
8371.5,30.2
8372.0,30.1
8372.5,30.2
8373.0,30.2
8373.5,30.1
8374.0,30.2
8374.5,30.2
8375.0,30.2
8375.5,30.1
8376.0,30.2
8376.5,30.2
8377.0,30.1
8377.5,30.2
8378.0,30.2
8378.5,30.1
8379.0,30.2
8379.5,30.1
8380.0,30.2
8380.5,30.2
8381.0,30.1
8381.5,30.1
8382.0,30.2
8382.5,30.2
8383.0,30.1
8383.5,30.2
8384.0,30.1
8384.5,30.1
8385.0,30.1
8385.5,30.1
8386.0,30.2
8386.5,30.1
8387.0,30.2
8387.5,30.2
8388.0,30.1
8388.5,30.2
8389.0,30.2
8389.5,30.2
8390.0,30.1
8390.5,30.1
8391.0,30.2
8391.5,30.1
8392.0,30.1
8392.5,30.2
8393.0,30.1
8393.5,30.2
8394.0,30.2
8394.5,30.1
8395.0,30.1
8395.5,30.2
8396.0,30.1
8396.5,30.2
8397.0,30.1
8397.5,30.2
8398.0,30.2
8398.5,30.2
8399.0,30.1
8399.5,30.2
8400.0,30.2
8400.5,30.2
8401.0,30.2
8401.5,30.1
8402.0,30.1
8402.5,30.1
8403.0,30.1
8403.5,30.1
8404.0,30.2
8404.5,30.1
8405.0,30.1
8405.5,30.2
8406.0,30.1
8406.5,30.1
8407.0,30.2
8407.5,30.1
8408.0,30.2
8408.5,30.2
8409.0,30.2
8409.5,30.1
8410.0,30.2
8410.5,30.1
8411.0,30.2
8411.5,30.1
8412.0,30.1
8412.5,30.2
8413.0,30.2
8413.5,30.1
8414.0,30.1
8414.5,30.2
8415.0,30.2
8415.5,30.2
8416.0,30.2
8416.5,30.2
8417.0,30.2
8417.5,30.1
8418.0,30.2
8418.5,30.2
8419.0,30.1
8419.5,30.1
8420.0,30.1
8420.5,30.1
8421.0,30.1
8421.5,30.1
8422.0,30.1
8422.5,30.2
8423.0,30.2
8423.5,30.1
8424.0,30.1
8424.5,30.1
8425.0,30.1
8425.5,30.1
8426.0,30.2
8426.5,30.2
8427.0,30.1
8427.5,30.2
8428.0,30.2
8428.5,30.1
8429.0,30.1
8429.5,30.1
8430.0,30.2
8430.5,30.2
8431.0,30.2
8431.5,30.1
8432.0,30.1
8432.5,30.2
8433.0,30.2
8433.5,30.1
8434.0,30.1
8434.5,30.1
8435.0,30.1
8435.5,30.2
8436.0,30.2
8436.5,30.1
8437.0,30.1
8437.5,30.2
8438.0,30.2
8438.5,30.2
8439.0,30.1
8439.5,30.1
8440.0,30.2
8440.5,30.1
8441.0,30.1
8441.5,30.1
8442.0,30.2
8442.5,30.1
8443.0,30.2
8443.5,30.2
8444.0,30.2
8444.5,30.1
8445.0,30.1
8445.5,30.1
8446.0,30.2
8446.5,30.2
8447.0,30.2
8447.5,30.2
8448.0,30.1
8448.5,30.1
8449.0,30.1
8449.5,30.2
8450.0,30.2
8450.5,30.1
8451.0,30.1
8451.5,30.1
8452.0,30.2
8452.5,30.2
8453.0,30.1
8453.5,30.1
8454.0,30.2
8454.5,30.1
8455.0,30.2
8455.5,30.2
8456.0,30.2
8456.5,30.1
8457.0,30.1
8457.5,30.2
8458.0,30.2
8458.5,30.1
8459.0,30.1
8459.5,30.2
8460.0,30.2
8460.5,30.1
8461.0,30.1
8461.5,30.1
8462.0,30.2
8462.5,30.1
8463.0,30.2
8463.5,30.2
8464.0,30.1
8464.5,30.2
8465.0,30.1
8465.5,30.2
8466.0,30.1
8466.5,30.1
8467.0,30.1
8467.5,30.1
8468.0,30.2
8468.5,30.1
8469.0,30.1
8469.5,30.2
8470.0,30.2
8470.5,30.1
8471.0,30.1
8471.5,30.2
8472.0,30.1
8472.5,30.1
8473.0,30.1
8473.5,30.1
8474.0,30.2
8474.5,30.2
8475.0,30.1
8475.5,30.1
8476.0,30.1
8476.5,30.2
8477.0,30.2
8477.5,30.1
8478.0,30.1
8478.5,30.1
8479.0,30.2
8479.5,30.2
8480.0,30.1
8480.5,30.1
8481.0,30.2
