Thoi_Gian_Giay,Nhiet_Do_C
0.0,29.7
0.5,29.7
1.0,29.7
1.5,29.7
2.0,29.7
2.5,29.7
3.0,29.7
3.5,29.7
4.0,29.7
4.5,29.7
5.0,29.7
5.5,29.7
6.0,29.7
6.5,29.7
7.0,29.7
7.5,29.7
8.0,29.7
8.5,29.7
9.0,29.7
9.5,29.7
10.0,29.7
10.5,29.7
11.0,29.7
11.5,29.7
12.0,29.7
12.5,29.7
13.0,29.7
13.5,29.8
14.0,29.8
14.5,29.8
15.0,29.8
15.5,29.8
16.0,29.8
16.5,29.8
17.0,29.8
17.5,29.8
18.0,29.8
18.5,29.8
19.0,29.8
19.5,29.8
20.0,29.8
20.5,29.9
21.0,29.9
21.5,29.8
22.0,29.8
22.5,29.8
23.0,29.8
23.5,29.8
24.0,29.8
24.5,29.8
25.0,29.8
25.5,29.8
26.0,29.8
26.5,29.9
27.0,29.8
27.5,29.8
28.0,29.8
28.5,29.8
29.0,29.8
29.5,29.8
30.0,29.8
30.5,29.8
31.0,29.8
31.5,29.8
32.0,29.8
32.5,29.8
33.0,29.8
33.5,29.8
34.0,29.8
34.5,29.9
35.0,29.8
35.5,29.8
36.0,29.8
36.5,29.8
37.0,29.8
37.5,29.8
38.0,29.8
38.5,29.8
39.0,29.8
39.5,29.8
40.0,29.8
40.5,29.8
41.0,29.8
41.5,29.8
42.0,29.8
42.5,29.8
43.0,29.8
43.5,29.8
44.0,29.8
44.5,29.8
45.0,29.8
45.5,29.8
46.0,29.8
46.5,29.8
47.0,29.8
47.5,29.8
48.0,29.8
48.5,29.8
49.0,29.8
49.5,29.8
50.0,29.8
50.5,29.8
51.0,29.8
51.5,29.8
52.0,29.8
52.5,29.8
53.0,29.8
53.5,29.7
54.0,29.8
54.5,29.8
55.0,29.8
55.5,29.8
56.0,29.8
56.5,29.8
57.0,29.8
57.5,29.8
58.0,29.8
58.5,29.8
59.0,29.8
59.5,29.8
60.0,29.8
60.5,29.8
61.0,29.8
61.5,29.8
62.0,29.8
62.5,29.8
63.0,29.8
63.5,29.8
64.0,29.8
64.5,29.8
65.0,29.8
65.5,29.8
66.0,29.8
66.5,29.8
67.0,29.8
67.5,29.8
68.0,29.8
68.5,29.8
69.0,29.8
69.5,29.8
70.0,29.8
70.5,29.8
71.0,29.8
71.5,29.8
72.0,29.8
72.5,29.8
73.0,29.8
73.5,29.8
74.0,29.8
74.5,29.7
75.0,29.8
75.5,29.7
76.0,29.8
76.5,29.8
77.0,29.8
77.5,29.7
78.0,29.8
78.5,29.8
79.0,29.8
79.5,29.8
80.0,29.8
80.5,29.8
81.0,29.8
81.5,29.8
82.0,29.7
82.5,29.8
83.0,29.8
83.5,29.8
84.0,29.8
84.5,29.8
85.0,29.8
85.5,29.8
86.0,29.8
86.5,29.8
87.0,29.8
87.5,29.8
88.0,29.8
88.5,29.8
89.0,29.8
89.5,29.8
90.0,29.8
90.5,29.8
91.0,29.8
91.5,29.8
92.0,29.8
92.5,29.8
93.0,29.8
93.5,29.8
94.0,29.8
94.5,29.8
95.0,29.8
95.5,29.8
96.0,29.8
96.5,29.8
97.0,29.8
97.5,29.8
98.0,29.7
98.5,29.8
99.0,29.8
99.5,29.8
100.0,29.8
100.5,29.8
101.0,29.8
101.5,29.8
102.0,29.8
102.5,29.7
103.0,29.8
103.5,29.8
104.0,29.8
104.5,29.7
105.0,29.8
105.5,29.8
106.0,29.8
106.5,29.8
107.0,29.8
107.5,29.7
108.0,29.8
108.5,29.8
109.0,29.8
109.5,29.8
110.0,29.7
110.5,29.8
111.0,29.8
111.5,29.8
112.0,29.7
112.5,29.8
113.0,29.8
113.5,29.8
114.0,29.8
114.5,29.7
115.0,29.8
115.5,29.7
116.0,29.8
116.5,29.8
117.0,29.8
117.5,29.8
118.0,29.8
118.5,29.8
119.0,29.8
119.5,29.8
120.0,29.7
120.5,29.8
121.0,29.8
121.5,29.8
122.0,29.8
122.5,29.8
123.0,29.8
123.5,29.8
124.0,29.7
124.5,29.7
125.0,29.8
125.5,29.8
126.0,29.8
126.5,29.8
127.0,29.8
127.5,29.7
128.0,29.8
128.5,29.8
129.0,29.8
129.5,29.8
130.0,29.8
130.5,29.8
131.0,29.8
131.5,29.8
132.0,29.7
132.5,29.8
133.0,29.8
133.5,29.8
134.0,29.8
134.5,29.8
135.0,29.8
135.5,29.8
136.0,29.8
136.5,29.8
137.0,29.8
137.5,29.8
138.0,29.8
138.5,29.7
139.0,29.8
139.5,29.8
140.0,29.8
140.5,29.8
141.0,29.8
141.5,29.7
142.0,29.8
142.5,29.8
143.0,29.8
143.5,29.7
144.0,29.8
144.5,29.8
145.0,29.8
145.5,29.8
146.0,29.8
146.5,29.8
147.0,29.8
147.5,29.8
148.0,29.8
148.5,29.8
149.0,29.8
149.5,29.8
150.0,29.8
150.5,29.8
151.0,29.8
151.5,29.8
152.0,29.8
152.5,29.8
153.0,29.8
153.5,29.7
154.0,29.8
154.5,29.8
155.0,29.8
155.5,29.8
156.0,29.8
156.5,29.8
157.0,29.8
157.5,29.8
158.0,29.8
158.5,29.8
159.0,29.8
159.5,29.8
160.0,29.8
160.5,29.8
161.0,29.8
161.5,29.8
162.0,29.7
162.5,29.8
163.0,29.8
163.5,29.8
164.0,29.8
164.5,29.8
165.0,29.8
165.5,29.8
166.0,29.8
166.5,29.8
167.0,29.7
167.5,29.8
168.0,29.8
168.5,29.8
169.0,29.7
169.5,29.8
170.0,29.8
170.5,29.8
171.0,29.8
171.5,29.8
172.0,29.8
172.5,29.8
173.0,29.8
173.5,29.8
174.0,29.8
174.5,29.8
175.0,29.8
175.5,29.7
176.0,29.8
176.5,29.8
177.0,29.8
177.5,29.8
178.0,29.8
178.5,29.8
179.0,29.8
179.5,29.8
180.0,29.8
180.5,29.8
181.0,29.8
181.5,29.8
182.0,29.8
182.5,29.8
183.0,29.8
183.5,29.8
184.0,29.8
184.5,29.8
185.0,29.8
185.5,29.8
186.0,29.8
186.5,29.8
187.0,29.8
187.5,29.8
188.0,29.8
188.5,29.8
189.0,29.8
189.5,29.8
190.0,29.8
190.5,29.8
191.0,29.7
191.5,29.8
192.0,29.8
192.5,29.8
193.0,29.8
193.5,29.8
194.0,29.8
194.5,29.8
195.0,29.8
195.5,29.8
196.0,29.7
196.5,29.8
197.0,29.8
197.5,29.8
198.0,29.8
198.5,29.8
199.0,29.8
199.5,29.8
200.0,29.8
200.5,29.8
201.0,29.7
201.5,29.8
202.0,29.8
202.5,29.8
203.0,29.8
203.5,29.8
204.0,29.7
204.5,29.8
205.0,29.8
205.5,29.8
206.0,29.8
206.5,29.8
207.0,29.8
207.5,29.8
208.0,29.8
208.5,29.8
209.0,29.8
209.5,29.7
210.0,29.8
210.5,29.7
211.0,29.8
211.5,29.8
212.0,29.8
212.5,29.7
213.0,29.8
213.5,29.7
214.0,29.8
214.5,29.8
215.0,29.8
215.5,29.8
216.0,29.8
216.5,29.8
217.0,29.8
217.5,29.8
218.0,29.8
218.5,29.7
219.0,29.8
219.5,29.8
220.0,29.8
220.5,29.8
221.0,29.8
221.5,29.8
222.0,29.8
222.5,29.8
223.0,29.8
223.5,29.8
224.0,29.8
224.5,29.8
225.0,29.8
225.5,29.8
226.0,29.8
226.5,29.8
227.0,29.8
227.5,29.8
228.0,29.8
228.5,29.8
229.0,29.8
229.5,29.8
230.0,29.8
230.5,29.8
231.0,29.8
231.5,29.8
232.0,29.8
232.5,29.8
233.0,29.8
233.5,29.7
234.0,29.8
234.5,29.8
235.0,29.8
235.5,29.7
236.0,29.8
236.5,29.7
237.0,29.8
237.5,29.8
238.0,29.8
238.5,29.8
239.0,29.8
239.5,29.8
240.0,29.8
240.5,29.8
241.0,29.8
241.5,29.8
242.0,29.8
242.5,29.8
243.0,29.8
243.5,29.8
244.0,29.8
244.5,29.8
245.0,29.8
245.5,29.7
246.0,29.8
246.5,29.8
247.0,29.8
247.5,29.8
248.0,29.8
248.5,29.8
249.0,29.8
249.5,29.8
250.0,29.8
250.5,29.8
251.0,29.8
251.5,29.7
252.0,29.8
252.5,29.8
253.0,29.8
253.5,29.8
254.0,29.8
254.5,29.8
255.0,29.7
255.5,29.8
256.0,29.8
256.5,29.7
257.0,29.8
257.5,29.8
258.0,29.8
258.5,29.8
259.0,29.8
259.5,29.8
260.0,29.8
260.5,29.8
261.0,29.8
261.5,29.8
262.0,29.8
262.5,29.8
263.0,29.8
263.5,29.8
264.0,29.8
264.5,29.8
265.0,29.8
265.5,29.8
266.0,29.8
266.5,29.8
267.0,29.8
267.5,29.8
268.0,29.8
268.5,29.8
269.0,29.8
269.5,29.8
270.0,29.8
270.5,29.8
271.0,29.8
271.5,29.8
272.0,29.8
272.5,29.8
273.0,29.8
273.5,29.8
274.0,29.8
274.5,29.8
275.0,29.8
275.5,29.8
276.0,29.8
276.5,29.8
277.0,29.8
277.5,29.8
278.0,29.8
278.5,29.8
279.0,29.8
279.5,29.8
280.0,29.8
280.5,29.8
281.0,29.8
281.5,29.8
282.0,29.8
282.5,29.8
283.0,29.8
283.5,29.8
284.0,29.8
284.5,29.8
285.0,29.8
285.5,29.8
286.0,29.8
286.5,29.8
287.0,29.8
287.5,29.8
288.0,29.8
288.5,29.8
289.0,29.8
289.5,29.8
290.0,29.8
290.5,29.8
291.0,29.8
291.5,29.8
292.0,29.8
292.5,29.8
293.0,29.8
293.5,29.9
294.0,29.8
294.5,29.8
295.0,29.8
295.5,29.8
296.0,29.8
296.5,29.8
297.0,29.8
297.5,29.9
298.0,29.8
298.5,29.9
299.0,29.8
299.5,29.8
300.0,29.8
300.5,29.8
301.0,29.8
301.5,29.8
302.0,29.8
302.5,29.8
303.0,29.8
303.5,29.8
304.0,29.8
304.5,29.8
305.0,29.8
305.5,29.9
306.0,29.8
306.5,29.8
307.0,29.9
307.5,29.8
308.0,29.8
308.5,29.8
309.0,29.9
309.5,29.9
310.0,29.9
310.5,29.9
311.0,29.8
311.5,29.8
312.0,29.9
312.5,29.8
313.0,29.9
313.5,29.9
314.0,29.9
314.5,29.8
315.0,29.8
315.5,29.8
316.0,29.9
316.5,29.8
317.0,29.8
317.5,29.8
318.0,29.9
318.5,29.8
319.0,29.9
319.5,29.9
320.0,29.9
320.5,29.8
321.0,29.8
321.5,29.8
322.0,29.9
322.5,29.9
323.0,29.9
323.5,29.9
324.0,29.9
324.5,29.9
325.0,29.9
325.5,29.9
326.0,29.9
326.5,29.9
327.0,29.9
327.5,29.8
328.0,29.9
328.5,29.8
329.0,29.9
329.5,29.8
330.0,29.9
330.5,29.9
331.0,29.9
331.5,29.9
332.0,29.9
332.5,29.9
333.0,29.9
333.5,29.9
334.0,29.9
334.5,29.9
335.0,29.9
335.5,29.9
336.0,29.9
336.5,29.9
337.0,29.9
337.5,29.9
338.0,29.9
338.5,29.9
339.0,29.9
339.5,29.9
340.0,29.9
340.5,29.9
341.0,29.9
341.5,29.9
342.0,29.9
342.5,29.9
343.0,29.9
343.5,29.9
344.0,29.9
344.5,29.9
345.0,29.9
345.5,29.9
346.0,29.9
346.5,29.9
347.0,29.9
347.5,29.9
348.0,29.9
348.5,29.9
349.0,29.9
349.5,29.9
350.0,29.9
350.5,29.9
351.0,29.9
351.5,29.9
352.0,29.9
352.5,29.9
353.0,29.9
353.5,29.9
354.0,29.9
354.5,29.9
355.0,29.9
355.5,29.9
356.0,29.9
356.5,29.9
357.0,29.9
357.5,29.9
358.0,29.9
358.5,29.9
359.0,30
359.5,29.9
360.0,29.9
360.5,29.9
361.0,29.9
361.5,29.9
362.0,29.9
362.5,29.9
363.0,29.9
363.5,29.9
364.0,29.9
364.5,29.9
365.0,29.9
365.5,29.9
366.0,29.9
366.5,29.9
367.0,29.9
367.5,30
368.0,29.9
368.5,30
369.0,30
369.5,29.9
370.0,29.9
370.5,29.9
371.0,29.9
371.5,29.9
372.0,30
372.5,30
373.0,29.9
373.5,29.9
374.0,29.9
374.5,29.9
375.0,29.9
375.5,30
376.0,29.9
376.5,29.9
377.0,29.9
377.5,30
378.0,30
378.5,30
379.0,30
379.5,29.9
380.0,29.9
380.5,30
381.0,29.9
381.5,30
382.0,30
382.5,29.9
383.0,29.9
383.5,30
384.0,29.9
384.5,30
385.0,29.9
385.5,30
386.0,30
386.5,30
387.0,30
387.5,30
388.0,30
388.5,30
389.0,29.9
389.5,30
390.0,29.9
390.5,30
391.0,30
391.5,30
392.0,30
392.5,30
393.0,30
393.5,30
394.0,30
394.5,30
395.0,30
395.5,30
396.0,30
396.5,30
397.0,30
397.5,30
398.0,30
398.5,30
399.0,30
399.5,30
400.0,30
400.5,30
401.0,30
401.5,30
402.0,30
402.5,30
403.0,30
403.5,30
404.0,30
404.5,30
405.0,30
405.5,30
406.0,30
406.5,30
407.0,30.1
407.5,30
408.0,30
408.5,30
409.0,30
409.5,30
410.0,30
410.5,30
411.0,30
411.5,30
412.0,30
412.5,30
413.0,30
413.5,30
414.0,30
414.5,30
415.0,30
415.5,30
416.0,30
416.5,30
417.0,30
417.5,30
418.0,30
418.5,30
419.0,30
419.5,30
420.0,30
420.5,30
421.0,30.1
421.5,30
422.0,30
422.5,30
423.0,30.1
423.5,30
424.0,30
424.5,30
425.0,30
425.5,30
426.0,30
426.5,30.1
427.0,30
427.5,30
428.0,30.1
428.5,30
429.0,30
429.5,30.1
430.0,30
430.5,30
431.0,30.1
431.5,30
432.0,30.1
432.5,30.1
433.0,30
433.5,30.1
434.0,30.1
434.5,30.1
435.0,30.1
435.5,30
436.0,30
436.5,30.1
437.0,30
437.5,30.1
438.0,30
438.5,30.1
439.0,30
439.5,30.1
440.0,30.1
440.5,30.1
441.0,30.1
441.5,30.1
442.0,30.1
442.5,30.1
443.0,30.1
443.5,30.1
444.0,30.1
444.5,30.1
445.0,30.1
445.5,30.1
446.0,30.1
446.5,30.1
447.0,30.1
447.5,30.1
448.0,30.1
448.5,30.1
449.0,30.1
449.5,30.1
450.0,30.1
450.5,30.1
451.0,30.1
451.5,30.1
452.0,30.1
452.5,30.1
453.0,30.1
453.5,30.1
454.0,30.1
454.5,30.1
455.0,30.1
455.5,30.1
456.0,30.1
456.5,30.1
457.0,30.1
457.5,30.1
458.0,30.1
458.5,30.1
459.0,30.1
459.5,30.1
460.0,30.1
460.5,30.1
461.0,30.1
461.5,30.1
462.0,30.1
462.5,30.1
463.0,30.1
463.5,30.1
464.0,30.1
464.5,30.1
465.0,30.1
465.5,30.1
466.0,30.1
466.5,30.1
467.0,30.1
467.5,30.1
468.0,30.1
468.5,30.1
469.0,30.1
469.5,30.1
470.0,30.1
470.5,30.1
471.0,30.1
471.5,30.1
472.0,30.1
472.5,30.1
473.0,30.1
473.5,30.1
474.0,30.1
474.5,30.1
475.0,30.1
475.5,30.1
476.0,30.1
476.5,30.1
477.0,30.1
477.5,30.1
478.0,30.2
478.5,30.2
479.0,30.1
479.5,30.2
480.0,30.1
480.5,30.1
481.0,30.1
481.5,30.1
482.0,30.1
482.5,30.1
483.0,30.1
483.5,30.2
484.0,30.2
484.5,30.2
485.0,30.1
485.5,30.1
486.0,30.1
486.5,30.1
487.0,30.2
487.5,30.1
488.0,30.1
488.5,30.2
489.0,30.2
489.5,30.1
490.0,30.2
490.5,30.2
491.0,30.2
491.5,30.2
492.0,30.2
492.5,30.1
493.0,30.1
493.5,30.2
494.0,30.2
494.5,30.2
495.0,30.2
495.5,30.2
496.0,30.2
496.5,30.2
497.0,30.2
497.5,30.2
498.0,30.2
498.5,30.2
499.0,30.2
499.5,30.2
500.0,30.2
500.5,30.2
501.0,30.2
501.5,30.2
502.0,30.2
502.5,30.2
503.0,30.2
503.5,30.2
504.0,30.2
504.5,30.2
505.0,30.2
505.5,30.2
506.0,30.2
506.5,30.2
507.0,30.2
507.5,30.2
508.0,30.2
508.5,30.2
509.0,30.2
509.5,30.2
510.0,30.2
510.5,30.2
511.0,30.2
511.5,30.2
512.0,30.2
512.5,30.2
513.0,30.2
513.5,30.2
514.0,30.2
514.5,30.2
515.0,30.2
515.5,30.2
516.0,30.2
516.5,30.2
517.0,30.2
517.5,30.2
518.0,30.2
518.5,30.2
519.0,30.2
519.5,30.2
520.0,30.2
520.5,30.2
521.0,30.2
521.5,30.2
522.0,30.2
522.5,30.2
523.0,30.2
523.5,30.2
524.0,30.2
524.5,30.2
525.0,30.2
525.5,30.2
526.0,30.2
526.5,30.2
527.0,30.2
527.5,30.2
528.0,30.2
528.5,30.2
529.0,30.2
529.5,30.2
530.0,30.2
530.5,30.2
531.0,30.2
531.5,30.2
532.0,30.2
532.5,30.2
533.0,30.2
533.5,30.3
534.0,30.3
534.5,30.2
535.0,30.2
535.5,30.2
536.0,30.2
536.5,30.2
537.0,30.2
537.5,30.2
538.0,30.2
538.5,30.2
539.0,30.2
539.5,30.2
540.0,30.2
540.5,30.2
541.0,30.2
541.5,30.2
542.0,30.2
542.5,30.2
543.0,30.3
543.5,30.2
544.0,30.3
544.5,30.2
545.0,30.2
545.5,30.2
546.0,30.2
546.5,30.2
547.0,30.2
547.5,30.3
548.0,30.2
548.5,30.2
549.0,30.2
549.5,30.2
550.0,30.2
550.5,30.2
551.0,30.3
551.5,30.3
552.0,30.2
552.5,30.2
553.0,30.3
553.5,30.2
554.0,30.2
554.5,30.2
555.0,30.2
555.5,30.2
556.0,30.3
556.5,30.2
557.0,30.3
557.5,30.3
558.0,30.3
558.5,30.2
559.0,30.3
559.5,30.3
560.0,30.2
560.5,30.3
561.0,30.3
561.5,30.2
562.0,30.3
562.5,30.3
563.0,30.3
563.5,30.3
564.0,30.3
564.5,30.2
565.0,30.3
565.5,30.2
566.0,30.2
566.5,30.3
567.0,30.3
567.5,30.3
568.0,30.3
568.5,30.3
569.0,30.3
569.5,30.3
570.0,30.3
570.5,30.3
571.0,30.3
571.5,30.3
572.0,30.3
572.5,30.3
573.0,30.3
573.5,30.3
574.0,30.3
574.5,30.3
575.0,30.3
575.5,30.3
576.0,30.3
576.5,30.3
577.0,30.2
577.5,30.3
578.0,30.3
578.5,30.3
579.0,30.3
579.5,30.3
580.0,30.3
580.5,30.3
581.0,30.3
581.5,30.3
582.0,30.3
582.5,30.3
583.0,30.3
583.5,30.3
584.0,30.3
584.5,30.3
585.0,30.3
585.5,30.3
586.0,30.3
586.5,30.3
587.0,30.3
587.5,30.3
588.0,30.3
588.5,30.3
589.0,30.3
589.5,30.3
590.0,30.3
590.5,30.3
591.0,30.3
591.5,30.3
592.0,30.3
592.5,30.3
593.0,30.3
593.5,30.3
594.0,30.3
594.5,30.3
595.0,30.3
595.5,30.3
596.0,30.3
596.5,30.3
597.0,30.3
597.5,30.3
598.0,30.3
598.5,30.3
599.0,30.3
599.5,30.3
600.0,30.3
600.5,30.3
601.0,30.3
601.5,30.3
602.0,30.3
602.5,30.3
603.0,30.3
603.5,30.3
604.0,30.3
604.5,30.3
605.0,30.3
605.5,30.3
606.0,30.3
606.5,30.3
607.0,30.3
607.5,30.3
608.0,30.3
608.5,30.3
609.0,30.3
609.5,30.3
610.0,30.3
610.5,30.3
611.0,30.3
611.5,30.3
612.0,30.3
612.5,30.3
613.0,30.3
613.5,30.3
614.0,30.3
614.5,30.3
615.0,30.3
615.5,30.3
616.0,30.3
616.5,30.3
617.0,30.3
617.5,30.3
618.0,30.3
618.5,30.4
619.0,30.3
619.5,30.3
620.0,30.3
620.5,30.3
621.0,30.3
621.5,30.3
622.0,30.3
622.5,30.3
623.0,30.3
623.5,30.3
624.0,30.3
624.5,30.3
625.0,30.3
625.5,30.3
626.0,30.3
626.5,30.3
627.0,30.3
627.5,30.3
628.0,30.3
628.5,30.3
629.0,30.3
629.5,30.3
630.0,30.3
630.5,30.3
631.0,30.4
631.5,30.3
632.0,30.4
632.5,30.4
633.0,30.3
633.5,30.4
634.0,30.4
634.5,30.3
635.0,30.3
635.5,30.3
636.0,30.4
636.5,30.3
637.0,30.4
637.5,30.4
638.0,30.4
638.5,30.4
639.0,30.4
639.5,30.3
640.0,30.4
640.5,30.3
641.0,30.4
641.5,30.4
642.0,30.3
642.5,30.3
643.0,30.4
643.5,30.4
644.0,30.3
644.5,30.3
645.0,30.3
645.5,30.3
646.0,30.3
646.5,30.4
647.0,30.4
647.5,30.3
648.0,30.4
648.5,30.4
649.0,30.4
649.5,30.4
650.0,30.4
650.5,30.4
651.0,30.4
651.5,30.4
652.0,30.3
652.5,30.4
653.0,30.4
653.5,30.4
654.0,30.4
654.5,30.4
655.0,30.4
655.5,30.4
656.0,30.3
656.5,30.4
657.0,30.4
657.5,30.4
658.0,30.4
658.5,30.4
659.0,30.4
659.5,30.4
660.0,30.4
660.5,30.4
661.0,30.4
661.5,30.4
662.0,30.4
662.5,30.4
663.0,30.4
663.5,30.4
664.0,30.4
664.5,30.4
665.0,30.4
665.5,30.4
666.0,30.4
666.5,30.4
667.0,30.4
667.5,30.4
668.0,30.4
668.5,30.4
669.0,30.4
669.5,30.4
670.0,30.4
670.5,30.4
671.0,30.4
671.5,30.4
672.0,30.4
672.5,30.4
673.0,30.4
673.5,30.4
674.0,30.4
674.5,30.4
675.0,30.4
675.5,30.4
676.0,30.4
676.5,30.4
677.0,30.4
677.5,30.4
678.0,30.4
678.5,30.4
679.0,30.4
679.5,30.4
680.0,30.4
680.5,30.4
681.0,30.4
681.5,30.4
682.0,30.4
682.5,30.4
683.0,30.4
683.5,30.4
684.0,30.4
684.5,30.4
685.0,30.4
685.5,30.4
686.0,30.4
686.5,30.4
687.0,30.4
687.5,30.4
688.0,30.4
688.5,30.4
689.0,30.4
689.5,30.4
690.0,30.4
690.5,30.4
691.0,30.4
691.5,30.4
692.0,30.4
692.5,30.4
693.0,30.4
693.5,30.4
694.0,30.4
694.5,30.4
695.0,30.4
695.5,30.4
696.0,30.4
696.5,30.5
697.0,30.4
697.5,30.4
698.0,30.4
698.5,30.4
699.0,30.4
699.5,30.4
700.0,30.4
700.5,30.4
701.0,30.4
701.5,30.4
702.0,30.4
702.5,30.4
703.0,30.4
703.5,30.4
704.0,30.4
704.5,30.4
705.0,30.4
705.5,30.4
706.0,30.5
706.5,30.4
707.0,30.4
707.5,30.4
708.0,30.4
708.5,30.4
709.0,30.4
709.5,30.4
710.0,30.4
710.5,30.4
711.0,30.4
711.5,30.4
712.0,30.4
712.5,30.4
713.0,30.4
713.5,30.4
714.0,30.4
714.5,30.4
715.0,30.4
715.5,30.4
716.0,30.4
716.5,30.4
717.0,30.4
717.5,30.4
718.0,30.4
718.5,30.4
719.0,30.4
719.5,30.4
720.0,30.4
720.5,30.4
721.0,30.4
721.5,30.4
722.0,30.5
722.5,30.4
723.0,30.4
723.5,30.5
724.0,30.4
724.5,30.5
725.0,30.4
725.5,30.5
726.0,30.4
726.5,30.5
727.0,30.4
727.5,30.4
728.0,30.4
728.5,30.5
729.0,30.4
729.5,30.4
730.0,30.5
730.5,30.5
731.0,30.5
731.5,30.4
732.0,30.5
732.5,30.4
733.0,30.5
733.5,30.5
734.0,30.5
734.5,30.4
735.0,30.4
735.5,30.5
736.0,30.5
736.5,30.4
737.0,30.4
737.5,30.4
738.0,30.5
738.5,30.5
739.0,30.4
739.5,30.5
740.0,30.4
740.5,30.5
741.0,30.5
741.5,30.5
742.0,30.5
742.5,30.4
743.0,30.5
743.5,30.5
744.0,30.5
744.5,30.4
745.0,30.5
745.5,30.5
746.0,30.5
746.5,30.5
747.0,30.5
747.5,30.5
748.0,30.4
748.5,30.5
749.0,30.5
749.5,30.5
750.0,30.5
750.5,30.5
751.0,30.5
751.5,30.5
752.0,30.5
752.5,30.5
753.0,30.5
753.5,30.5
754.0,30.5
754.5,30.5
755.0,30.5
755.5,30.5
756.0,30.5
756.5,30.5
757.0,30.5
757.5,30.5
758.0,30.5
758.5,30.5
759.0,30.5
759.5,30.5
760.0,30.5
760.5,30.5
761.0,30.5
761.5,30.5
762.0,30.5
762.5,30.5
763.0,30.5
763.5,30.5
764.0,30.5
764.5,30.5
765.0,30.5
765.5,30.5
766.0,30.5
766.5,30.5
767.0,30.5
767.5,30.5
768.0,30.5
768.5,30.5
769.0,30.5
769.5,30.5
770.0,30.5
770.5,30.5
771.0,30.5
771.5,30.5
772.0,30.5
772.5,30.5
773.0,30.5
773.5,30.5
774.0,30.5
774.5,30.5
775.0,30.5
775.5,30.5
776.0,30.5
776.5,30.5
777.0,30.5
777.5,30.5
778.0,30.5
778.5,30.5
779.0,30.5
779.5,30.5
780.0,30.5
780.5,30.5
781.0,30.5
781.5,30.5
782.0,30.5
782.5,30.5
783.0,30.5
783.5,30.5
784.0,30.5
784.5,30.5
785.0,30.5
785.5,30.5
786.0,30.5
786.5,30.5
787.0,30.5
787.5,30.5
788.0,30.5
788.5,30.5
789.0,30.5
789.5,30.5
790.0,30.5
790.5,30.5
791.0,30.5
791.5,30.5
792.0,30.5
792.5,30.5
793.0,30.5
793.5,30.5
794.0,30.5
794.5,30.5
795.0,30.5
795.5,30.5
796.0,30.5
796.5,30.5
797.0,30.5
797.5,30.5
798.0,30.5
798.5,30.5
799.0,30.5
799.5,30.5
800.0,30.5
800.5,30.5
801.0,30.5
801.5,30.5
802.0,30.5
802.5,30.5
803.0,30.5
803.5,30.5
804.0,30.5
804.5,30.5
805.0,30.5
805.5,30.5
806.0,30.5
806.5,30.5
807.0,30.5
807.5,30.5
808.0,30.5
808.5,30.5
809.0,30.5
809.5,30.5
810.0,30.5
810.5,30.5
811.0,30.5
811.5,30.5
812.0,30.5
812.5,30.5
813.0,30.5
813.5,30.5
814.0,30.5
814.5,30.5
815.0,30.5
815.5,30.5
816.0,30.5
816.5,30.5
817.0,30.5
817.5,30.5
818.0,30.5
818.5,30.5
819.0,30.5
819.5,30.5
820.0,30.5
820.5,30.5
821.0,30.5
821.5,30.5
822.0,30.5
822.5,30.5
823.0,30.5
823.5,30.5
824.0,30.5
824.5,30.5
825.0,30.5
825.5,30.5
826.0,30.5
826.5,30.5
827.0,30.5
827.5,30.5
828.0,30.5
828.5,30.5
829.0,30.5
829.5,30.5
830.0,30.5
830.5,30.5
831.0,30.5
831.5,30.5
832.0,30.5
832.5,30.5
833.0,30.5
833.5,30.5
834.0,30.5
834.5,30.5
835.0,30.5
835.5,30.5
836.0,30.5
836.5,30.6
837.0,30.5
837.5,30.5
838.0,30.5
838.5,30.5
839.0,30.5
839.5,30.5
840.0,30.5
840.5,30.6
841.0,30.5
841.5,30.5
842.0,30.5
842.5,30.5
843.0,30.5
843.5,30.5
844.0,30.5
844.5,30.5
845.0,30.5
845.5,30.5
846.0,30.5
846.5,30.5
847.0,30.5
847.5,30.6
848.0,30.5
848.5,30.6
849.0,30.5
849.5,30.5
850.0,30.5
850.5,30.5
851.0,30.5
851.5,30.5
852.0,30.5
852.5,30.6
853.0,30.5
853.5,30.6
854.0,30.6
854.5,30.5
855.0,30.5
855.5,30.6
856.0,30.5
856.5,30.5
857.0,30.5
857.5,30.6
858.0,30.5
858.5,30.5
859.0,30.6
859.5,30.5
860.0,30.6
860.5,30.5
861.0,30.6
861.5,30.6
862.0,30.6
862.5,30.5
863.0,30.6
863.5,30.5
864.0,30.6
864.5,30.5
865.0,30.5
865.5,30.6
866.0,30.6
866.5,30.6
867.0,30.6
867.5,30.5
868.0,30.6
868.5,30.6
869.0,30.6
869.5,30.6
870.0,30.6
870.5,30.6
871.0,30.6
871.5,30.6
872.0,30.5
872.5,30.6
873.0,30.6
873.5,30.6
874.0,30.6
874.5,30.6
875.0,30.6
875.5,30.6
876.0,30.6
876.5,30.5
877.0,30.5
877.5,30.6
878.0,30.6
878.5,30.6
879.0,30.6
879.5,30.6
880.0,30.6
880.5,30.5
881.0,30.6
881.5,30.6
882.0,30.6
882.5,30.6
883.0,30.6
883.5,30.6
884.0,30.6
884.5,30.6
885.0,30.6
885.5,30.6
886.0,30.6
886.5,30.6
887.0,30.6
887.5,30.6
888.0,30.6
888.5,30.6
889.0,30.6
889.5,30.6
890.0,30.5
890.5,30.6
891.0,30.6
891.5,30.6
892.0,30.6
892.5,30.6
893.0,30.6
893.5,30.6
894.0,30.6
894.5,30.6
895.0,30.6
895.5,30.6
896.0,30.6
896.5,30.6
897.0,30.6
897.5,30.6
898.0,30.6
898.5,30.6
899.0,30.6
899.5,30.6
900.0,30.6
900.5,30.6
901.0,30.6
901.5,30.6
902.0,30.6
902.5,30.6
903.0,30.6
903.5,30.6
904.0,30.6
904.5,30.6
905.0,30.6
905.5,30.6
906.0,30.6
906.5,30.6
907.0,30.6
907.5,30.6
908.0,30.6
908.5,30.6
909.0,30.6
909.5,30.6
910.0,30.6
910.5,30.6
911.0,30.6
911.5,30.6
912.0,30.6
912.5,30.6
913.0,30.6
913.5,30.6
914.0,30.6
914.5,30.6
915.0,30.6
915.5,30.6
916.0,30.6
916.5,30.7
917.0,30.6
917.5,30.6
918.0,30.6
918.5,30.6
919.0,30.7
919.5,30.7
920.0,30.6
920.5,30.7
921.0,30.6
921.5,30.6
922.0,30.7
922.5,30.6
923.0,30.6
923.5,30.6
924.0,30.6
924.5,30.6
925.0,30.6
925.5,30.7
926.0,30.6
926.5,30.7
927.0,30.7
927.5,30.6
928.0,30.6
928.5,30.6
929.0,30.7
929.5,30.7
930.0,30.7
930.5,30.6
931.0,30.7
931.5,30.7
932.0,30.7
932.5,30.7
933.0,30.7
933.5,30.7
934.0,30.6
934.5,30.7
935.0,30.6
935.5,30.7
936.0,30.7
936.5,30.6
937.0,30.7
937.5,30.7
938.0,30.7
938.5,30.7
939.0,30.6
939.5,30.7
940.0,30.7
940.5,30.7
941.0,30.7
941.5,30.7
942.0,30.7
942.5,30.7
943.0,30.7
943.5,30.7
944.0,30.7
944.5,30.7
945.0,30.6
945.5,30.7
946.0,30.6
946.5,30.7
947.0,30.7
947.5,30.7
948.0,30.7
948.5,30.7
949.0,30.7
949.5,30.7
950.0,30.6
950.5,30.7
951.0,30.7
951.5,30.7
952.0,30.6
952.5,30.7
953.0,30.7
953.5,30.7
954.0,30.7
954.5,30.7
955.0,30.7
955.5,30.7
956.0,30.7
956.5,30.6
957.0,30.7
957.5,30.7
958.0,30.7
958.5,30.7
959.0,30.7
959.5,30.7
960.0,30.7
960.5,30.7
961.0,30.7
961.5,30.7
962.0,30.7
962.5,30.7
963.0,30.7
963.5,30.7
964.0,30.7
964.5,30.7
965.0,30.7
965.5,30.7
966.0,30.7
966.5,30.7
967.0,30.7
967.5,30.7
968.0,30.7
968.5,30.7
969.0,30.7
969.5,30.7
970.0,30.7
970.5,30.7
971.0,30.7
971.5,30.6
972.0,30.7
972.5,30.7
973.0,30.7
973.5,30.7
974.0,30.7
974.5,30.7
975.0,30.7
975.5,30.7
976.0,30.7
976.5,30.7
977.0,30.7
977.5,30.7
978.0,30.7
978.5,30.7
979.0,30.7
979.5,30.7
980.0,30.7
980.5,30.7
981.0,30.7
981.5,30.7
982.0,30.7
982.5,30.7
983.0,30.7
983.5,30.7
984.0,30.7
984.5,30.7
985.0,30.8
985.5,30.7
986.0,30.7
986.5,30.7
987.0,30.7
987.5,30.7
988.0,30.7
988.5,30.7
989.0,30.7
989.5,30.7
990.0,30.7
990.5,30.7
991.0,30.8
991.5,30.7
992.0,30.7
992.5,30.7
993.0,30.7
993.5,30.7
994.0,30.7
994.5,30.7
995.0,30.8
995.5,30.7
996.0,30.8
996.5,30.8
997.0,30.8
997.5,30.7
998.0,30.7
998.5,30.7
999.0,30.7
999.5,30.7
1000.0,30.8
1000.5,30.8
1001.0,30.7
1001.5,30.7
1002.0,30.8
1002.5,30.8
1003.0,30.7
1003.5,30.7
1004.0,30.8
1004.5,30.8
1005.0,30.7
1005.5,30.8
1006.0,30.8
1006.5,30.8
1007.0,30.7
1007.5,30.8
1008.0,30.8
1008.5,30.7
1009.0,30.7
1009.5,30.7
1010.0,30.8
1010.5,30.7
1011.0,30.7
1011.5,30.8
1012.0,30.8
1012.5,30.7
1013.0,30.8
1013.5,30.8
1014.0,30.7
1014.5,30.8
1015.0,30.7
1015.5,30.7
1016.0,30.8
1016.5,30.7
1017.0,30.8
1017.5,30.8
1018.0,30.8
1018.5,30.8
1019.0,30.8
1019.5,30.7
1020.0,30.7
1020.5,30.8
1021.0,30.8
1021.5,30.8
1022.0,30.8
1022.5,30.8
1023.0,30.8
1023.5,30.8
1024.0,30.7
1024.5,30.8
1025.0,30.8
1025.5,30.8
1026.0,30.8
1026.5,30.8
1027.0,30.7
1027.5,30.8
1028.0,30.8
1028.5,30.8
1029.0,30.8
1029.5,30.8
1030.0,30.8
1030.5,30.8
1031.0,30.8
1031.5,30.8
1032.0,30.8
1032.5,30.8
1033.0,30.8
1033.5,30.8
1034.0,30.8
1034.5,30.8
1035.0,30.8
1035.5,30.8
1036.0,30.8
1036.5,30.8
1037.0,30.8
1037.5,30.8
1038.0,30.8
1038.5,30.8
1039.0,30.8
1039.5,30.8
1040.0,30.8
1040.5,30.8
1041.0,30.8
1041.5,30.8
1042.0,30.8
1042.5,30.8
1043.0,30.8
1043.5,30.8
1044.0,30.8
1044.5,30.8
1045.0,30.8
1045.5,30.8
1046.0,30.8
1046.5,30.8
1047.0,30.8
1047.5,30.8
1048.0,30.8
1048.5,30.8
1049.0,30.8
1049.5,30.8
1050.0,30.8
1050.5,30.8
1051.0,30.8
1051.5,30.8
1052.0,30.8
1052.5,30.9
1053.0,30.8
1053.5,30.8
1054.0,30.8
1054.5,30.8
1055.0,30.8
1055.5,30.8
1056.0,30.8
1056.5,30.8
1057.0,30.8
1057.5,30.8
1058.0,30.8
1058.5,30.8
1059.0,30.8
1059.5,30.8
1060.0,30.8
1060.5,30.8
1061.0,30.8
1061.5,30.8
1062.0,30.9
1062.5,30.8
1063.0,30.8
1063.5,30.8
1064.0,30.8
1064.5,30.8
1065.0,30.8
1065.5,30.8
1066.0,30.8
1066.5,30.8
1067.0,30.8
1067.5,30.8
1068.0,30.8
1068.5,30.8
1069.0,30.8
1069.5,30.8
1070.0,30.8
1070.5,30.8
1071.0,30.8
1071.5,30.8
1072.0,30.9
1072.5,30.9
1073.0,30.9
1073.5,30.9
1074.0,30.8
1074.5,30.8
1075.0,30.8
1075.5,30.9
1076.0,30.8
1076.5,30.8
1077.0,30.9
1077.5,30.9
1078.0,30.9
1078.5,30.9
1079.0,30.8
1079.5,30.8
1080.0,30.9
1080.5,30.8
1081.0,30.9
1081.5,30.8
1082.0,30.8
1082.5,30.9
1083.0,30.9
1083.5,30.9
1084.0,30.9
1084.5,30.9
1085.0,30.9
1085.5,30.8
1086.0,30.9
1086.5,30.9
1087.0,30.9
1087.5,30.9
1088.0,30.9
1088.5,30.8
1089.0,30.9
1089.5,30.8
1090.0,30.9
1090.5,30.9
1091.0,30.9
1091.5,30.9
1092.0,30.9
1092.5,30.8
1093.0,30.9
1093.5,30.9
1094.0,30.8
1094.5,30.9
1095.0,30.8
1095.5,30.9
1096.0,30.9
1096.5,30.8
1097.0,30.9
1097.5,30.8
1098.0,30.9
1098.5,30.8
1099.0,30.9
1099.5,30.9
1100.0,30.9
1100.5,30.9
1101.0,30.9
1101.5,30.9
1102.0,30.8
1102.5,30.9
1103.0,30.9
1103.5,30.9
1104.0,30.9
1104.5,30.9
1105.0,30.9
1105.5,30.9
1106.0,30.9
1106.5,30.9
1107.0,30.9
1107.5,30.9
1108.0,30.9
1108.5,30.9
1109.0,30.9
1109.5,30.9
1110.0,30.9
1110.5,30.9
1111.0,30.9
1111.5,30.9
1112.0,30.9
1112.5,30.9
1113.0,30.9
1113.5,30.9
1114.0,30.9
1114.5,30.9
1115.0,30.9
1115.5,30.9
1116.0,30.9
1116.5,30.9
1117.0,30.9
1117.5,30.9
1118.0,30.9
1118.5,30.9
1119.0,30.9
1119.5,30.9
1120.0,30.9
1120.5,30.9
1121.0,30.9
1121.5,30.9
1122.0,30.9
1122.5,30.9
1123.0,30.9
1123.5,30.9
1124.0,30.9
1124.5,30.9
1125.0,30.9
1125.5,30.9
1126.0,30.9
1126.5,30.9
1127.0,30.9
1127.5,30.9
1128.0,30.9
1128.5,30.9
1129.0,30.9
1129.5,30.9
1130.0,30.9
1130.5,30.9
1131.0,30.9
1131.5,30.9
1132.0,30.9
1132.5,30.9
1133.0,30.9
1133.5,30.9
1134.0,30.9
1134.5,30.9
1135.0,30.9
1135.5,30.9
1136.0,30.9
1136.5,30.9
1137.0,30.9
1137.5,30.9
1138.0,30.9
1138.5,30.9
1139.0,30.9
1139.5,30.9
1140.0,30.9
1140.5,30.9
1141.0,30.9
1141.5,30.9
1142.0,30.9
1142.5,30.9
1143.0,30.9
1143.5,30.9
1144.0,30.9
1144.5,30.9
1145.0,30.9
1145.5,30.9
1146.0,31
1146.5,31
1147.0,30.9
1147.5,30.9
1148.0,31
1148.5,31
1149.0,30.9
1149.5,30.9
1150.0,30.9
1150.5,31
1151.0,30.9
1151.5,30.9
1152.0,31
1152.5,31
1153.0,31
1153.5,30.9
1154.0,30.9
1154.5,31
1155.0,30.9
1155.5,31
1156.0,31
1156.5,31
1157.0,30.9
1157.5,30.9
1158.0,30.9
1158.5,30.9
1159.0,30.9
1159.5,30.9
1160.0,31
1160.5,30.9
1161.0,31
1161.5,31
1162.0,31
1162.5,30.9
1163.0,31
1163.5,31
1164.0,31
1164.5,31
1165.0,31
1165.5,31
1166.0,31
1166.5,31
1167.0,31
1167.5,31
1168.0,31
1168.5,31
1169.0,31
1169.5,31
1170.0,31
1170.5,31
1171.0,31
1171.5,31
1172.0,31
1172.5,31
1173.0,31
1173.5,30.9
1174.0,31
1174.5,31
1175.0,31
1175.5,31
1176.0,31
1176.5,31
1177.0,31
1177.5,31
1178.0,30.9
1178.5,31
1179.0,31
1179.5,31.1
1180.0,31
1180.5,31
1181.0,31
1181.5,30.9
1182.0,31
1182.5,31
1183.0,31
1183.5,31
1184.0,31
1184.5,31
1185.0,31
1185.5,31
1186.0,31
1186.5,31
1187.0,31
1187.5,31
1188.0,31
1188.5,31
1189.0,31
1189.5,31
1190.0,31
1190.5,31
1191.0,31
1191.5,31
1192.0,30.9
1192.5,31
1193.0,31
1193.5,31
1194.0,31
1194.5,31
1195.0,31
1195.5,31
1196.0,31
1196.5,31.1
1197.0,31
1197.5,31
1198.0,31
1198.5,31
1199.0,31
1199.5,31.1
1200.0,31
1200.5,31
1201.0,31
1201.5,31
1202.0,31
1202.5,31
1203.0,31
1203.5,31
1204.0,31
1204.5,31
1205.0,31
1205.5,31
1206.0,31
1206.5,31
1207.0,31.1
1207.5,31
1208.0,31
1208.5,31
1209.0,31
1209.5,31
1210.0,31
1210.5,31
1211.0,31
1211.5,31
1212.0,31
1212.5,31
1213.0,31
1213.5,31
1214.0,31
1214.5,31
1215.0,31.1
1215.5,31.1
1216.0,31
1216.5,31
1217.0,31
1217.5,31.1
1218.0,31
1218.5,31
1219.0,31
1219.5,31
1220.0,31
1220.5,31
1221.0,31
1221.5,31
1222.0,31
1222.5,31.1
1223.0,31.1
1223.5,31
1224.0,31
1224.5,31
1225.0,31
1225.5,31
1226.0,31
1226.5,31
1227.0,31.1
1227.5,31
1228.0,31
1228.5,31
1229.0,31
1229.5,31.1
1230.0,31.1
1230.5,31
1231.0,31
1231.5,31
1232.0,31.1
1232.5,31
1233.0,31.1
1233.5,31
1234.0,31
1234.5,31
1235.0,31
1235.5,31.1
1236.0,31
1236.5,31.1
1237.0,31
1237.5,31.1
1238.0,31
1238.5,31
1239.0,31
1239.5,31
1240.0,31.1
1240.5,31
1241.0,31
1241.5,31
1242.0,31.1
1242.5,31.1
1243.0,31.1
1243.5,31
1244.0,31.1
1244.5,31
1245.0,31
1245.5,31.1
1246.0,31.1
1246.5,31.1
1247.0,31
1247.5,31.1
1248.0,31.1
1248.5,31.1
1249.0,31
1249.5,31.1
1250.0,31.1
1250.5,31.1
1251.0,31.1
1251.5,31.1
1252.0,31.1
1252.5,31
1253.0,31.1
1253.5,31.1
1254.0,31
1254.5,31.1
1255.0,31.1
1255.5,31
1256.0,31
1256.5,31.1
1257.0,31.1
1257.5,31
1258.0,31
1258.5,31
1259.0,31.1
1259.5,31
1260.0,31
1260.5,31.1
1261.0,31
1261.5,31.1
1262.0,31
1262.5,31
1263.0,31.1
1263.5,31
1264.0,31.1
1264.5,31.1
1265.0,31
1265.5,31.1
1266.0,31.1
1266.5,31.1
1267.0,31.1
1267.5,31
1268.0,31.1
1268.5,31.1
1269.0,31.1
1269.5,31.1
1270.0,31.1
1270.5,31.1
1271.0,31.1
1271.5,31.1
1272.0,31.1
1272.5,31.1
1273.0,31.1
1273.5,31.1
1274.0,31.1
1274.5,31.1
1275.0,31.1
1275.5,31.1
1276.0,31.1
1276.5,31.1
1277.0,31.1
1277.5,31.1
1278.0,31
1278.5,31.1
1279.0,31.1
1279.5,31.1
1280.0,31
1280.5,31
1281.0,31.1
1281.5,31.1
1282.0,31.1
1282.5,31.1
1283.0,31.1
1283.5,31.1
1284.0,31.1
1284.5,31.1
1285.0,31.1
1285.5,31.1
1286.0,31.1
1286.5,31.1
1287.0,31.1
1287.5,31.1
1288.0,31.1
1288.5,31.1
1289.0,31.1
1289.5,31.1
1290.0,31.1
1290.5,31.1
1291.0,31.1
1291.5,31.1
1292.0,31.1
1292.5,31.1
1293.0,31.1
1293.5,31.1
1294.0,31.1
1294.5,31.1
1295.0,31.1
1295.5,31.1
1296.0,31
1296.5,31.1
1297.0,31.1
1297.5,31.1
1298.0,31.1
1298.5,31.1
1299.0,31.1
1299.5,31.1
1300.0,31.1
1300.5,31.1
1301.0,31.1
1301.5,31.1
1302.0,31.1
1302.5,31.1
1303.0,31.1
1303.5,31.1
1304.0,31.1
1304.5,31.1
1305.0,31.1
1305.5,31.1
1306.0,31.1
1306.5,31.1
1307.0,31.1
1307.5,31.1
1308.0,31.1
1308.5,31.1
1309.0,31.1
1309.5,31.1
1310.0,31.1
1310.5,31.1
1311.0,31.1
1311.5,31.1
1312.0,31.1
1312.5,31.1
1313.0,31.1
1313.5,31.1
1314.0,31.1
1314.5,31.1
1315.0,31.1
1315.5,31.1
1316.0,31.1
1316.5,31.1
1317.0,31.2
1317.5,31.1
1318.0,31.1
1318.5,31.1
1319.0,31.1
1319.5,31.1
1320.0,31.1
1320.5,31.1
1321.0,31.1
1321.5,31.1
1322.0,31.1
1322.5,31.1
1323.0,31.2
1323.5,31.1
1324.0,31.1
1324.5,31.1
1325.0,31.1
1325.5,31.1
1326.0,31.1
1326.5,31.1
1327.0,31.1
1327.5,31.1
1328.0,31.1
1328.5,31.1
1329.0,31.1
1329.5,31.1
1330.0,31.1
1330.5,31.1
1331.0,31.1
1331.5,31.2
1332.0,31.1
1332.5,31.1
1333.0,31.1
1333.5,31.1
1334.0,31.1
1334.5,31.1
1335.0,31.1
1335.5,31.1
1336.0,31.1
1336.5,31.1
1337.0,31.1
1337.5,31.1
1338.0,31.1
1338.5,31.1
1339.0,31.1
1339.5,31.1
1340.0,31.1
1340.5,31.2
1341.0,31.1
1341.5,31.1
1342.0,31.1
1342.5,31.1
1343.0,31.1
1343.5,31.1
1344.0,31.1
1344.5,31.1
1345.0,31.1
1345.5,31.1
1346.0,31.2
1346.5,31.1
1347.0,31.1
1347.5,31.1
1348.0,31.1
1348.5,31.1
1349.0,31.1
1349.5,31.1
1350.0,31.2
1350.5,31.1
1351.0,31.2
1351.5,31.1
1352.0,31.1
1352.5,31.1
1353.0,31.1
1353.5,31.1
1354.0,31.1
1354.5,31.1
1355.0,31.1
1355.5,31.2
1356.0,31.2
1356.5,31.2
1357.0,31.1
1357.5,31.1
1358.0,31.2
1358.5,31.1
1359.0,31.1
1359.5,31.1
1360.0,31.1
1360.5,31.1
1361.0,31.1
1361.5,31.1
1362.0,31.1
1362.5,31.2
1363.0,31.2
1363.5,31.2
1364.0,31.2
1364.5,31.1
1365.0,31.1
1365.5,31.2
1366.0,31.1
1366.5,31.1
1367.0,31.2
1367.5,31.2
1368.0,31.1
1368.5,31.1
1369.0,31.1
1369.5,31.1
1370.0,31.2
1370.5,31.2
1371.0,31.1
1371.5,31.2
1372.0,31.2
1372.5,31.1
1373.0,31.1
1373.5,31.1
1374.0,31.2
1374.5,31.2
1375.0,31.1
1375.5,31.1
1376.0,31.1
1376.5,31.2
1377.0,31.2
1377.5,31.2
1378.0,31.1
1378.5,31.1
1379.0,31.1
1379.5,31.1
1380.0,31.1
1380.5,31.1
1381.0,31.2
1381.5,31.2
1382.0,31.2
1382.5,31.1
1383.0,31.2
1383.5,31.2
1384.0,31.1
1384.5,31.2
1385.0,31.1
1385.5,31.1
1386.0,31.2
1386.5,31.1
1387.0,31.2
1387.5,31.1
1388.0,31.2
1388.5,31.2
1389.0,31.2
1389.5,31.2
1390.0,31.2
1390.5,31.2
1391.0,31.2
1391.5,31.2
1392.0,31.2
1392.5,31.1
1393.0,31.1
1393.5,31.2
1394.0,31.1
1394.5,31.2
1395.0,31.1
1395.5,31.2
1396.0,31.2
1396.5,31.2
1397.0,31.2
1397.5,31.2
1398.0,31.2
1398.5,31.2
1399.0,31.2
1399.5,31.2
1400.0,31.2
1400.5,31.2
1401.0,31.2
1401.5,31.2
1402.0,31.1
1402.5,31.2
1403.0,31.2
1403.5,31.1
1404.0,31.2
1404.5,31.2
1405.0,31.2
1405.5,31.2
1406.0,31.2
1406.5,31.2
1407.0,31.2
1407.5,31.2
1408.0,31.2
1408.5,31.2
1409.0,31.2
1409.5,31.2
1410.0,31.2
1410.5,31.2
1411.0,31.2
1411.5,31.2
1412.0,31.2
1412.5,31.2
1413.0,31.2
1413.5,31.2
1414.0,31.2
1414.5,31.2
1415.0,31.1
1415.5,31.2
1416.0,31.2
1416.5,31.2
1417.0,31.2
1417.5,31.2
1418.0,31.2
1418.5,31.2
1419.0,31.2
1419.5,31.2
1420.0,31.2
1420.5,31.2
1421.0,31.1
1421.5,31.2
1422.0,31.2
1422.5,31.2
1423.0,31.2
1423.5,31.2
1424.0,31.2
1424.5,31.2
1425.0,31.2
1425.5,31.2
1426.0,31.2
1426.5,31.2
1427.0,31.2
1427.5,31.2
1428.0,31.2
1428.5,31.2
1429.0,31.2
1429.5,31.2
1430.0,31.2
1430.5,31.2
1431.0,31.2
1431.5,31.2
1432.0,31.2
1432.5,31.2
1433.0,31.2
1433.5,31.2
1434.0,31.2
1434.5,31.2
1435.0,31.2
1435.5,31.2
1436.0,31.2
1436.5,31.2
1437.0,31.2
1437.5,31.2
1438.0,31.2
1438.5,31.2
1439.0,31.2
1439.5,31.2
1440.0,31.2
1440.5,31.2
1441.0,31.2
1441.5,31.2
1442.0,31.2
1442.5,31.2
1443.0,31.2
1443.5,31.2
1444.0,31.2
1444.5,31.2
1445.0,31.2
1445.5,31.2
1446.0,31.2
1446.5,31.2
1447.0,31.2
1447.5,31.2
1448.0,31.2
1448.5,31.2
1449.0,31.2
1449.5,31.2
1450.0,31.2
1450.5,31.2
1451.0,31.2
1451.5,31.2
1452.0,31.2
1452.5,31.2
1453.0,31.2
1453.5,31.2
1454.0,31.2
1454.5,31.2
1455.0,31.2
1455.5,31.2
1456.0,31.2
1456.5,31.2
1457.0,31.2
1457.5,31.2
1458.0,31.2
1458.5,31.2
1459.0,31.2
1459.5,31.2
1460.0,31.2
1460.5,31.2
1461.0,31.2
1461.5,31.2
1462.0,31.2
1462.5,31.2
1463.0,31.2
1463.5,31.2
1464.0,31.2
1464.5,31.2
1465.0,31.2
1465.5,31.2
1466.0,31.2
1466.5,31.2
1467.0,31.2
1467.5,31.2
1468.0,31.2
1468.5,31.2
1469.0,31.2
1469.5,31.2
1470.0,31.2
1470.5,31.2
1471.0,31.2
1471.5,31.2
1472.0,31.2
1472.5,31.2
1473.0,31.2
1473.5,31.2
1474.0,31.2
1474.5,31.2
1475.0,31.2
1475.5,31.2
1476.0,31.2
1476.5,31.2
1477.0,31.2
1477.5,31.2
1478.0,31.2
1478.5,31.2
1479.0,31.2
1479.5,31.2
1480.0,31.3
1480.5,31.2
1481.0,31.2
1481.5,31.2
1482.0,31.2
1482.5,31.2
1483.0,31.3
1483.5,31.2
1484.0,31.2
1484.5,31.2
1485.0,31.2
1485.5,31.2
1486.0,31.2
1486.5,31.2
1487.0,31.3
1487.5,31.2
1488.0,31.2
1488.5,31.3
1489.0,31.2
1489.5,31.2
1490.0,31.3
1490.5,31.2
1491.0,31.2
1491.5,31.3
1492.0,31.2
1492.5,31.2
1493.0,31.3
1493.5,31.2
1494.0,31.3
1494.5,31.2
1495.0,31.3
1495.5,31.3
1496.0,31.2
1496.5,31.2
1497.0,31.2
1497.5,31.2
1498.0,31.2
1498.5,31.3
1499.0,31.2
1499.5,31.2
1500.0,31.3
1500.5,31.2
1501.0,31.2
1501.5,31.3
1502.0,31.2
1502.5,31.3
1503.0,31.3
1503.5,31.2
1504.0,31.3
1504.5,31.3
1505.0,31.2
1505.5,31.2
1506.0,31.3
1506.5,31.3
1507.0,31.2
1507.5,31.2
1508.0,31.3
1508.5,31.2
1509.0,31.2
1509.5,31.2
1510.0,31.3
1510.5,31.2
1511.0,31.3
1511.5,31.2
1512.0,31.2
1512.5,31.2
1513.0,31.3
1513.5,31.3
1514.0,31.2
1514.5,31.2
1515.0,31.3
1515.5,31.3
1516.0,31.3
1516.5,31.2
1517.0,31.3
1517.5,31.3
1518.0,31.3
1518.5,31.3
1519.0,31.3
1519.5,31.3
1520.0,31.3
1520.5,31.3
1521.0,31.3
1521.5,31.3
1522.0,31.3
1522.5,31.3
1523.0,31.3
1523.5,31.3
1524.0,31.3
1524.5,31.3
1525.0,31.3
1525.5,31.3
1526.0,31.2
1526.5,31.3
1527.0,31.3
1527.5,31.2
1528.0,31.3
1528.5,31.3
1529.0,31.2
1529.5,31.3
1530.0,31.3
1530.5,31.3
1531.0,31.3
1531.5,31.3
1532.0,31.3
1532.5,31.3
1533.0,31.3
1533.5,31.3
1534.0,31.3
1534.5,31.3
1535.0,31.3
1535.5,31.3
1536.0,31.2
1536.5,31.3
1537.0,31.3
1537.5,31.2
1538.0,31.3
1538.5,31.3
1539.0,31.2
1539.5,31.3
1540.0,31.3
1540.5,31.3
1541.0,31.3
1541.5,31.3
1542.0,31.3
1542.5,31.3
1543.0,31.3
1543.5,31.3
1544.0,31.3
1544.5,31.3
1545.0,31.3
1545.5,31.3
1546.0,31.3
1546.5,31.3
1547.0,31.2
1547.5,31.3
1548.0,31.3
1548.5,31.3
1549.0,31.3
1549.5,31.3
1550.0,31.3
1550.5,31.3
1551.0,31.3
1551.5,31.3
1552.0,31.3
1552.5,31.3
1553.0,31.3
1553.5,31.3
1554.0,31.3
1554.5,31.3
1555.0,31.3
1555.5,31.3
1556.0,31.3
1556.5,31.3
1557.0,31.3
1557.5,31.3
1558.0,31.2
1558.5,31.3
1559.0,31.3
1559.5,31.3
1560.0,31.3
1560.5,31.3
1561.0,31.3
1561.5,31.3
1562.0,31.3
1562.5,31.3
1563.0,31.3
1563.5,31.3
1564.0,31.3
1564.5,31.3
1565.0,31.3
1565.5,31.3
1566.0,31.3
1566.5,31.3
1567.0,31.3
1567.5,31.3
1568.0,31.3
1568.5,31.3
1569.0,31.3
1569.5,31.3
1570.0,31.3
1570.5,31.3
1571.0,31.3
1571.5,31.3
1572.0,31.3
1572.5,31.3
1573.0,31.3
1573.5,31.3
1574.0,31.3
1574.5,31.3
1575.0,31.3
1575.5,31.3
1576.0,31.3
1576.5,31.3
1577.0,31.4
1577.5,31.3
1578.0,31.4
1578.5,31.3
1579.0,31.3
1579.5,31.3
1580.0,31.3
1580.5,31.3
1581.0,31.3
1581.5,31.3
1582.0,31.3
1582.5,31.3
1583.0,31.3
1583.5,31.3
1584.0,31.3
1584.5,31.3
1585.0,31.3
1585.5,31.3
1586.0,31.3
1586.5,31.3
1587.0,31.3
1587.5,31.3
1588.0,31.3
1588.5,31.3
1589.0,31.3
1589.5,31.3
1590.0,31.3
1590.5,31.3
1591.0,31.3
1591.5,31.3
1592.0,31.3
1592.5,31.3
1593.0,31.3
1593.5,31.3
1594.0,31.3
1594.5,31.3
1595.0,31.3
1595.5,31.3
1596.0,31.3
1596.5,31.3
1597.0,31.3
1597.5,31.4
1598.0,31.3
1598.5,31.3
1599.0,31.3
1599.5,31.3
1600.0,31.3
1600.5,31.3
1601.0,31.3
1601.5,31.3
1602.0,31.3
1602.5,31.3
1603.0,31.3
1603.5,31.3
1604.0,31.3
1604.5,31.3
1605.0,31.3
1605.5,31.3
1606.0,31.3
1606.5,31.3
1607.0,31.3
1607.5,31.3
1608.0,31.3
1608.5,31.3
1609.0,31.3
1609.5,31.3
1610.0,31.3
1610.5,31.3
1611.0,31.3
1611.5,31.3
1612.0,31.3
1612.5,31.3
1613.0,31.3
1613.5,31.3
1614.0,31.3
1614.5,31.3
1615.0,31.3
1615.5,31.3
1616.0,31.4
1616.5,31.4
1617.0,31.3
1617.5,31.3
1618.0,31.3
1618.5,31.3
1619.0,31.3
1619.5,31.3
1620.0,31.3
1620.5,31.3
1621.0,31.3
1621.5,31.3
1622.0,31.3
1622.5,31.3
1623.0,31.3
1623.5,31.3
1624.0,31.3
1624.5,31.3
1625.0,31.3
1625.5,31.3
1626.0,31.3
1626.5,31.4
1627.0,31.3
1627.5,31.3
1628.0,31.3
1628.5,31.3
1629.0,31.3
1629.5,31.3
1630.0,31.3
1630.5,31.3
1631.0,31.4
1631.5,31.4
1632.0,31.4
1632.5,31.4
1633.0,31.3
1633.5,31.3
1634.0,31.4
1634.5,31.3
1635.0,31.3
1635.5,31.3
1636.0,31.3
1636.5,31.4
1637.0,31.3
1637.5,31.3
1638.0,31.3
1638.5,31.3
1639.0,31.4
1639.5,31.3
1640.0,31.4
1640.5,31.3
1641.0,31.4
1641.5,31.3
1642.0,31.3
1642.5,31.3
1643.0,31.3
1643.5,31.3
1644.0,31.4
1644.5,31.3
1645.0,31.3
1645.5,31.4
1646.0,31.3
1646.5,31.3
1647.0,31.3
1647.5,31.3
1648.0,31.3
1648.5,31.3
1649.0,31.3
1649.5,31.3
1650.0,31.3
1650.5,31.3
1651.0,31.3
1651.5,31.4
1652.0,31.3
1652.5,31.3
1653.0,31.4
1653.5,31.3
1654.0,31.3
1654.5,31.3
1655.0,31.3
1655.5,31.3
1656.0,31.3
1656.5,31.3
1657.0,31.3
1657.5,31.3
1658.0,31.3
1658.5,31.3
1659.0,31.4
1659.5,31.3
1660.0,31.3
1660.5,31.4
1661.0,31.3
1661.5,31.4
1662.0,31.3
1662.5,31.3
1663.0,31.3
1663.5,31.4
1664.0,31.4
1664.5,31.3
1665.0,31.4
1665.5,31.3
1666.0,31.4
1666.5,31.3
1667.0,31.4
1667.5,31.3
1668.0,31.4
1668.5,31.4
1669.0,31.4
1669.5,31.3
1670.0,31.3
1670.5,31.4
1671.0,31.4
1671.5,31.3
1672.0,31.4
1672.5,31.4
1673.0,31.3
1673.5,31.4
1674.0,31.4
1674.5,31.4
1675.0,31.4
1675.5,31.3
1676.0,31.4
1676.5,31.3
1677.0,31.3
1677.5,31.3
1678.0,31.4
1678.5,31.4
1679.0,31.4
1679.5,31.4
1680.0,31.3
1680.5,31.4
1681.0,31.4
1681.5,31.4
1682.0,31.3
1682.5,31.3
1683.0,31.4
1683.5,31.3
1684.0,31.4
1684.5,31.4
1685.0,31.4
1685.5,31.4
1686.0,31.4
1686.5,31.4
1687.0,31.4
1687.5,31.4
1688.0,31.3
1688.5,31.4
1689.0,31.4
1689.5,31.4
1690.0,31.4
1690.5,31.4
1691.0,31.4
1691.5,31.3
1692.0,31.3
1692.5,31.4
1693.0,31.3
1693.5,31.4
1694.0,31.4
1694.5,31.4
1695.0,31.4
1695.5,31.3
1696.0,31.4
1696.5,31.4
1697.0,31.4
1697.5,31.4
1698.0,31.4
1698.5,31.4
1699.0,31.4
1699.5,31.4
1700.0,31.3
1700.5,31.4
1701.0,31.3
1701.5,31.3
1702.0,31.4
1702.5,31.4
1703.0,31.4
1703.5,31.4
1704.0,31.4
1704.5,31.4
1705.0,31.4
1705.5,31.4
1706.0,31.4
1706.5,31.4
1707.0,31.3
1707.5,31.4
1708.0,31.3
1708.5,31.3
1709.0,31.3
1709.5,31.3
1710.0,31.3
1710.5,31.4
1711.0,31.4
1711.5,31.4
1712.0,31.4
1712.5,31.3
1713.0,31.4
1713.5,31.4
1714.0,31.3
1714.5,31.4
1715.0,31.4
1715.5,31.4
1716.0,31.4
1716.5,31.3
1717.0,31.4
1717.5,31.4
1718.0,31.4
1718.5,31.4
1719.0,31.4
1719.5,31.4
1720.0,31.4
1720.5,31.3
1721.0,31.4
1721.5,31.4
1722.0,31.4
1722.5,31.4
1723.0,31.4
1723.5,31.4
1724.0,31.4
1724.5,31.4
1725.0,31.4
1725.5,31.4
1726.0,31.4
1726.5,31.4
1727.0,31.4
1727.5,31.4
1728.0,31.4
1728.5,31.4
1729.0,31.3
1729.5,31.4
1730.0,31.4
1730.5,31.4
1731.0,31.4
1731.5,31.4
1732.0,31.4
1732.5,31.4
1733.0,31.4
1733.5,31.4
1734.0,31.4
1734.5,31.4
1735.0,31.4
1735.5,31.4
1736.0,31.4
1736.5,31.4
1737.0,31.4
1737.5,31.4
1738.0,31.4
1738.5,31.4
1739.0,31.4
1739.5,31.4
1740.0,31.4
1740.5,31.4
1741.0,31.4
1741.5,31.4
1742.0,31.4
1742.5,31.4
1743.0,31.4
1743.5,31.4
1744.0,31.4
1744.5,31.4
1745.0,31.4
1745.5,31.4
1746.0,31.4
1746.5,31.4
1747.0,31.4
1747.5,31.4
1748.0,31.4
1748.5,31.4
1749.0,31.4
1749.5,31.4
1750.0,31.4
1750.5,31.4
1751.0,31.4
1751.5,31.4
1752.0,31.4
1752.5,31.4
1753.0,31.4
1753.5,31.4
1754.0,31.4
1754.5,31.4
1755.0,31.4
1755.5,31.4
1756.0,31.4
1756.5,31.4
1757.0,31.4
1757.5,31.4
1758.0,31.4
1758.5,31.4
1759.0,31.4
1759.5,31.4
1760.0,31.4
1760.5,31.4
1761.0,31.4
1761.5,31.4
1762.0,31.4
1762.5,31.4
1763.0,31.4
1763.5,31.4
1764.0,31.4
1764.5,31.4
1765.0,31.4
1765.5,31.4
1766.0,31.4
1766.5,31.4
1767.0,31.4
1767.5,31.4
1768.0,31.4
1768.5,31.4
1769.0,31.4
1769.5,31.4
1770.0,31.4
1770.5,31.4
1771.0,31.4
1771.5,31.4
1772.0,31.4
1772.5,31.4
1773.0,31.4
1773.5,31.4
1774.0,31.4
1774.5,31.4
1775.0,31.4
1775.5,31.4
1776.0,31.4
1776.5,31.4
1777.0,31.4
1777.5,31.4
1778.0,31.4
1778.5,31.4
1779.0,31.4
1779.5,31.4
1780.0,31.4
1780.5,31.4
1781.0,31.4
1781.5,31.4
1782.0,31.4
1782.5,31.4
1783.0,31.4
1783.5,31.4
1784.0,31.4
1784.5,31.4
1785.0,31.4
1785.5,31.4
1786.0,31.4
1786.5,31.4
1787.0,31.4
1787.5,31.4
1788.0,31.4
1788.5,31.4
1789.0,31.4
1789.5,31.4
1790.0,31.4
1790.5,31.4
1791.0,31.4
1791.5,31.4
1792.0,31.4
1792.5,31.4
1793.0,31.4
1793.5,31.4
1794.0,31.4
1794.5,31.4
1795.0,31.4
1795.5,31.5
1796.0,31.4
1796.5,31.4
1797.0,31.4
1797.5,31.4
1798.0,31.4
1798.5,31.4
1799.0,31.4
1799.5,31.4
1800.0,31.4
1800.5,31.4
1801.0,31.4
1801.5,31.4
1802.0,31.4
1802.5,31.4
1803.0,31.4
1803.5,31.4
1804.0,31.4
1804.5,31.4
1805.0,31.4
1805.5,31.4
1806.0,31.4
1806.5,31.4
1807.0,31.4
1807.5,31.4
1808.0,31.4
1808.5,31.4
1809.0,31.4
1809.5,31.4
1810.0,31.4
1810.5,31.4
1811.0,31.4
1811.5,31.5
1812.0,31.4
1812.5,31.4
1813.0,31.4
1813.5,31.4
1814.0,31.4
1814.5,31.4
1815.0,31.4
1815.5,31.4
1816.0,31.4
1816.5,31.4
1817.0,31.4
1817.5,31.4
1818.0,31.4
1818.5,31.4
1819.0,31.4
1819.5,31.4
1820.0,31.4
1820.5,31.4
1821.0,31.4
1821.5,31.4
1822.0,31.4
1822.5,31.5
1823.0,31.5
1823.5,31.4
1824.0,31.4
1824.5,31.4
1825.0,31.4
1825.5,31.5
1826.0,31.4
1826.5,31.4
1827.0,31.4
1827.5,31.4
1828.0,31.4
1828.5,31.5
1829.0,31.4
1829.5,31.4
1830.0,31.4
1830.5,31.4
1831.0,31.4
1831.5,31.4
1832.0,31.4
1832.5,31.4
1833.0,31.4
1833.5,31.4
1834.0,31.4
1834.5,31.4
1835.0,31.4
1835.5,31.4
1836.0,31.4
1836.5,31.4
1837.0,31.4
1837.5,31.5
1838.0,31.4
1838.5,31.4
1839.0,31.4
1839.5,31.4
1840.0,31.5
1840.5,31.4
1841.0,31.4
1841.5,31.5
1842.0,31.5
1842.5,31.5
1843.0,31.4
1843.5,31.5
1844.0,31.4
1844.5,31.5
1845.0,31.4
1845.5,31.5
1846.0,31.4
1846.5,31.4
1847.0,31.4
1847.5,31.5
1848.0,31.4
1848.5,31.4
1849.0,31.5
1849.5,31.5
1850.0,31.4
1850.5,31.4
1851.0,31.4
1851.5,31.4
1852.0,31.5
1852.5,31.5
1853.0,31.4
1853.5,31.4
1854.0,31.4
1854.5,31.4
1855.0,31.5
1855.5,31.4
1856.0,31.5
1856.5,31.4
1857.0,31.5
1857.5,31.4
1858.0,31.4
1858.5,31.4
1859.0,31.4
1859.5,31.4
1860.0,31.5
1860.5,31.4
1861.0,31.5
1861.5,31.5
1862.0,31.5
1862.5,31.4
1863.0,31.4
1863.5,31.4
1864.0,31.4
1864.5,31.5
1865.0,31.4
1865.5,31.5
1866.0,31.4
1866.5,31.4
1867.0,31.4
1867.5,31.5
1868.0,31.5
1868.5,31.5
1869.0,31.4
1869.5,31.4
1870.0,31.4
1870.5,31.4
1871.0,31.4
1871.5,31.4
1872.0,31.5
1872.5,31.4
1873.0,31.5
1873.5,31.4
1874.0,31.4
1874.5,31.4
1875.0,31.5
1875.5,31.5
1876.0,31.5
1876.5,31.5
1877.0,31.5
1877.5,31.4
1878.0,31.4
1878.5,31.5
1879.0,31.5
1879.5,31.4
1880.0,31.5
1880.5,31.4
1881.0,31.4
1881.5,31.4
1882.0,31.4
1882.5,31.5
1883.0,31.4
1883.5,31.4
1884.0,31.4
1884.5,31.5
1885.0,31.5
1885.5,31.4
1886.0,31.4
1886.5,31.5
1887.0,31.4
1887.5,31.4
1888.0,31.5
1888.5,31.5
1889.0,31.4
1889.5,31.5
1890.0,31.5
1890.5,31.4
1891.0,31.4
1891.5,31.4
1892.0,31.4
1892.5,31.5
1893.0,31.5
1893.5,31.5
1894.0,31.5
1894.5,31.5
1895.0,31.4
1895.5,31.5
1896.0,31.5
1896.5,31.5
1897.0,31.5
1897.5,31.4
1898.0,31.5
1898.5,31.5
1899.0,31.4
1899.5,31.4
1900.0,31.5
1900.5,31.5
1901.0,31.4
1901.5,31.5
1902.0,31.5
1902.5,31.5
1903.0,31.5
1903.5,31.4
1904.0,31.4
1904.5,31.4
1905.0,31.5
1905.5,31.5
1906.0,31.5
1906.5,31.5
1907.0,31.5
1907.5,31.5
1908.0,31.4
1908.5,31.4
1909.0,31.4
1909.5,31.4
1910.0,31.4
1910.5,31.4
1911.0,31.5
1911.5,31.5
1912.0,31.4
1912.5,31.4
1913.0,31.4
1913.5,31.5
1914.0,31.5
1914.5,31.5
1915.0,31.4
1915.5,31.5
1916.0,31.5
1916.5,31.5
1917.0,31.5
1917.5,31.4
1918.0,31.4
1918.5,31.5
1919.0,31.5
1919.5,31.5
1920.0,31.4
1920.5,31.5
1921.0,31.5
1921.5,31.5
1922.0,31.5
1922.5,31.5
1923.0,31.5
1923.5,31.5
1924.0,31.4
1924.5,31.5
1925.0,31.5
1925.5,31.5
1926.0,31.5
1926.5,31.5
1927.0,31.5
1927.5,31.5
1928.0,31.5
1928.5,31.5
1929.0,31.5
1929.5,31.5
1930.0,31.5
1930.5,31.5
1931.0,31.4
1931.5,31.5
1932.0,31.5
1932.5,31.5
1933.0,31.5
1933.5,31.5
1934.0,31.5
1934.5,31.5
1935.0,31.4
1935.5,31.5
1936.0,31.5
1936.5,31.5
1937.0,31.5
1937.5,31.5
1938.0,31.5
1938.5,31.5
1939.0,31.5
1939.5,31.5
1940.0,31.5
1940.5,31.5
1941.0,31.5
1941.5,31.5
1942.0,31.5
1942.5,31.5
1943.0,31.5
1943.5,31.5
1944.0,31.5
1944.5,31.5
1945.0,31.5
1945.5,31.5
1946.0,31.5
1946.5,31.5
1947.0,31.5
1947.5,31.5
1948.0,31.5
1948.5,31.5
1949.0,31.5
1949.5,31.5
1950.0,31.5
1950.5,31.5
1951.0,31.5
1951.5,31.5
1952.0,31.5
1952.5,31.5
1953.0,31.5
1953.5,31.5
1954.0,31.5
1954.5,31.5
1955.0,31.5
1955.5,31.5
1956.0,31.5
1956.5,31.5
1957.0,31.5
1957.5,31.5
1958.0,31.5
1958.5,31.5
1959.0,31.5
1959.5,31.5
1960.0,31.5
1960.5,31.5
1961.0,31.5
1961.5,31.5
1962.0,31.5
1962.5,31.5
1963.0,31.5
1963.5,31.5
1964.0,31.5
1964.5,31.5
1965.0,31.5
1965.5,31.5
1966.0,31.5
1966.5,31.5
1967.0,31.5
1967.5,31.5
1968.0,31.5
1968.5,31.5
1969.0,31.5
1969.5,31.5
1970.0,31.5
1970.5,31.5
1971.0,31.5
1971.5,31.5
1972.0,31.5
1972.5,31.5
1973.0,31.5
1973.5,31.5
1974.0,31.5
1974.5,31.5
1975.0,31.5
1975.5,31.5
1976.0,31.5
1976.5,31.5
1977.0,31.5
1977.5,31.5
1978.0,31.5
1978.5,31.5
1979.0,31.5
1979.5,31.5
1980.0,31.5
1980.5,31.5
1981.0,31.5
1981.5,31.5
1982.0,31.5
1982.5,31.5
1983.0,31.5
1983.5,31.5
1984.0,31.5
1984.5,31.5
1985.0,31.5
1985.5,31.5
1986.0,31.5
1986.5,31.5
1987.0,31.5
1987.5,31.5
1988.0,31.5
1988.5,31.5
1989.0,31.5
1989.5,31.5
1990.0,31.5
1990.5,31.5
1991.0,31.5
1991.5,31.5
1992.0,31.5
1992.5,31.5
1993.0,31.5
1993.5,31.5
1994.0,31.5
1994.5,31.5
1995.0,31.5
1995.5,31.5
1996.0,31.5
1996.5,31.5
1997.0,31.5
1997.5,31.5
1998.0,31.5
1998.5,31.5
1999.0,31.5
1999.5,31.5
2000.0,31.5
2000.5,31.5
2001.0,31.5
2001.5,31.5
2002.0,31.5
2002.5,31.5
2003.0,31.5
2003.5,31.5
2004.0,31.5
2004.5,31.5
2005.0,31.5
2005.5,31.5
2006.0,31.5
2006.5,31.5
2007.0,31.5
2007.5,31.5
2008.0,31.5
2008.5,31.5
2009.0,31.5
2009.5,31.5
2010.0,31.5
2010.5,31.5
2011.0,31.5
2011.5,31.5
2012.0,31.5
2012.5,31.5
2013.0,31.5
2013.5,31.5
2014.0,31.5
2014.5,31.5
2015.0,31.5
2015.5,31.5
2016.0,31.5
2016.5,31.5
2017.0,31.5
2017.5,31.5
2018.0,31.5
2018.5,31.5
2019.0,31.5
2019.5,31.5
2020.0,31.5
2020.5,31.5
2021.0,31.5
2021.5,31.5
2022.0,31.5
2022.5,31.5
2023.0,31.5
2023.5,31.5
2024.0,31.5
2024.5,31.5
2025.0,31.5
2025.5,31.5
2026.0,31.5
2026.5,31.5
2027.0,31.5
2027.5,31.5
2028.0,31.5
2028.5,31.5
2029.0,31.5
2029.5,31.5
2030.0,31.5
2030.5,31.5
2031.0,31.5
2031.5,31.5
2032.0,31.5
2032.5,31.5
2033.0,31.5
2033.5,31.5
2034.0,31.5
2034.5,31.5
2035.0,31.5
2035.5,31.5
2036.0,31.5
2036.5,31.5
2037.0,31.5
2037.5,31.5
2038.0,31.5
2038.5,31.5
2039.0,31.5
2039.5,31.5
2040.0,31.5
2040.5,31.5
2041.0,31.5
2041.5,31.5
2042.0,31.5
2042.5,31.5
2043.0,31.5
2043.5,31.5
2044.0,31.5
2044.5,31.5
2045.0,31.5
2045.5,31.5
2046.0,31.5
2046.5,31.5
2047.0,31.5
2047.5,31.5
2048.0,31.5
2048.5,31.5
2049.0,31.5
2049.5,31.5
2050.0,31.5
2050.5,31.5
2051.0,31.5
2051.5,31.5
2052.0,31.5
2052.5,31.5
2053.0,31.5
2053.5,31.5
2054.0,31.5
2054.5,31.5
2055.0,31.5
2055.5,31.6
2056.0,31.5
2056.5,31.5
2057.0,31.5
2057.5,31.5
2058.0,31.5
2058.5,31.5
2059.0,31.5
2059.5,31.5
2060.0,31.5
2060.5,31.5
2061.0,31.5
2061.5,31.5
2062.0,31.5
2062.5,31.5
2063.0,31.5
2063.5,31.5
2064.0,31.5
2064.5,31.5
2065.0,31.5
2065.5,31.5
2066.0,31.5
2066.5,31.5
2067.0,31.5
2067.5,31.5
2068.0,31.5
2068.5,31.5
2069.0,31.5
2069.5,31.5
2070.0,31.5
2070.5,31.5
2071.0,31.5
2071.5,31.5
2072.0,31.5
2072.5,31.5
2073.0,31.5
2073.5,31.5
2074.0,31.5
2074.5,31.5
2075.0,31.5
2075.5,31.5
2076.0,31.5
2076.5,31.5
2077.0,31.5
2077.5,31.5
2078.0,31.5
2078.5,31.5
2079.0,31.5
2079.5,31.5
2080.0,31.5
2080.5,31.5
2081.0,31.5
2081.5,31.5
2082.0,31.5
2082.5,31.5
2083.0,31.5
2083.5,31.5
2084.0,31.5
2084.5,31.5
2085.0,31.5
2085.5,31.5
2086.0,31.5
2086.5,31.5
2087.0,31.5
2087.5,31.5
2088.0,31.5
2088.5,31.5
2089.0,31.5
2089.5,31.5
2090.0,31.5
2090.5,31.5
2091.0,31.5
2091.5,31.5
2092.0,31.5
2092.5,31.5
2093.0,31.5
2093.5,31.5
2094.0,31.5
2094.5,31.5
2095.0,31.5
2095.5,31.5
2096.0,31.5
2096.5,31.5
2097.0,31.5
2097.5,31.5
2098.0,31.5
2098.5,31.5
2099.0,31.5
2099.5,31.5
2100.0,31.5
2100.5,31.5
2101.0,31.5
2101.5,31.5
2102.0,31.5
2102.5,31.5
2103.0,31.5
2103.5,31.5
2104.0,31.5
2104.5,31.6
2105.0,31.5
2105.5,31.5
2106.0,31.5
2106.5,31.5
2107.0,31.5
2107.5,31.5
2108.0,31.5
2108.5,31.5
2109.0,31.5
2109.5,31.5
2110.0,31.5
2110.5,31.5
2111.0,31.5
2111.5,31.5
2112.0,31.5
2112.5,31.5
2113.0,31.5
2113.5,31.5
2114.0,31.5
2114.5,31.6
2115.0,31.6
2115.5,31.5
2116.0,31.5
2116.5,31.5
2117.0,31.5
2117.5,31.6
2118.0,31.5
2118.5,31.5
2119.0,31.5
2119.5,31.5
2120.0,31.5
2120.5,31.5
2121.0,31.5
2121.5,31.5
2122.0,31.5
2122.5,31.5
2123.0,31.5
2123.5,31.5
2124.0,31.5
2124.5,31.6
2125.0,31.5
2125.5,31.5
2126.0,31.5
2126.5,31.5
2127.0,31.5
2127.5,31.5
2128.0,31.5
2128.5,31.5
2129.0,31.5
2129.5,31.5
2130.0,31.5
2130.5,31.5
2131.0,31.5
2131.5,31.5
2132.0,31.5
2132.5,31.5
2133.0,31.5
2133.5,31.5
2134.0,31.5
2134.5,31.5
2135.0,31.5
2135.5,31.5
2136.0,31.5
2136.5,31.5
2137.0,31.5
2137.5,31.5
2138.0,31.5
2138.5,31.5
2139.0,31.5
2139.5,31.5
2140.0,31.5
2140.5,31.5
2141.0,31.6
2141.5,31.5
2142.0,31.5
2142.5,31.5
2143.0,31.5
2143.5,31.5
2144.0,31.5
2144.5,31.5
2145.0,31.5
2145.5,31.5
2146.0,31.5
2146.5,31.5
2147.0,31.5
2147.5,31.5
2148.0,31.5
2148.5,31.5
2149.0,31.5
2149.5,31.6
2150.0,31.5
2150.5,31.5
2151.0,31.5
2151.5,31.5
2152.0,31.5
2152.5,31.5
2153.0,31.5
2153.5,31.5
2154.0,31.5
2154.5,31.5
2155.0,31.5
2155.5,31.5
2156.0,31.5
2156.5,31.5
2157.0,31.5
2157.5,31.5
2158.0,31.5
2158.5,31.5
2159.0,31.5
2159.5,31.5
2160.0,31.5
2160.5,31.5
2161.0,31.5
2161.5,31.5
2162.0,31.5
2162.5,31.5
2163.0,31.5
2163.5,31.5
2164.0,31.5
2164.5,31.5
2165.0,31.5
2165.5,31.5
2166.0,31.5
2166.5,31.5
2167.0,31.5
2167.5,31.5
2168.0,31.5
2168.5,31.5
2169.0,31.5
2169.5,31.5
2170.0,31.5
2170.5,31.5
2171.0,31.5
2171.5,31.6
2172.0,31.5
2172.5,31.5
2173.0,31.5
2173.5,31.5
2174.0,31.5
2174.5,31.5
2175.0,31.5
2175.5,31.5
2176.0,31.5
2176.5,31.5
2177.0,31.5
2177.5,31.5
2178.0,31.5
2178.5,31.5
2179.0,31.5
2179.5,31.5
2180.0,31.5
2180.5,31.5
2181.0,31.5
2181.5,31.5
2182.0,31.5
2182.5,31.5
2183.0,31.5
2183.5,31.5
2184.0,31.5
2184.5,31.5
2185.0,31.5
2185.5,31.5
2186.0,31.5
2186.5,31.5
2187.0,31.5
2187.5,31.5
2188.0,31.5
2188.5,31.5
2189.0,31.5
2189.5,31.5
2190.0,31.5
2190.5,31.5
2191.0,31.5
2191.5,31.5
2192.0,31.5
2192.5,31.5
2193.0,31.5
2193.5,31.5
2194.0,31.5
2194.5,31.5
2195.0,31.5
2195.5,31.5
2196.0,31.5
2196.5,31.5
2197.0,31.5
2197.5,31.5
2198.0,31.5
2198.5,31.5
2199.0,31.5
2199.5,31.5
2200.0,31.6
2200.5,31.5
2201.0,31.5
2201.5,31.5
2202.0,31.5
2202.5,31.5
2203.0,31.5
2203.5,31.5
2204.0,31.5
2204.5,31.5
2205.0,31.5
2205.5,31.5
2206.0,31.5
2206.5,31.5
2207.0,31.5
2207.5,31.5
2208.0,31.5
2208.5,31.5
2209.0,31.5
2209.5,31.5
2210.0,31.5
2210.5,31.5
2211.0,31.5
2211.5,31.5
2212.0,31.5
2212.5,31.5
2213.0,31.5
2213.5,31.5
2214.0,31.5
2214.5,31.5
2215.0,31.5
2215.5,31.5
2216.0,31.5
2216.5,31.6
2217.0,31.5
2217.5,31.5
2218.0,31.5
2218.5,31.5
2219.0,31.5
2219.5,31.5
2220.0,31.5
2220.5,31.5
2221.0,31.6
2221.5,31.5
2222.0,31.5
2222.5,31.5
2223.0,31.5
2223.5,31.5
2224.0,31.5
2224.5,31.5
2225.0,31.5
2225.5,31.5
2226.0,31.5
2226.5,31.5
2227.0,31.5
2227.5,31.5
2228.0,31.5
2228.5,31.5
2229.0,31.5
2229.5,31.5
2230.0,31.5
2230.5,31.5
2231.0,31.5
2231.5,31.5
2232.0,31.6
2232.5,31.5
2233.0,31.5
2233.5,31.5
2234.0,31.5
2234.5,31.5
2235.0,31.5
2235.5,31.5
2236.0,31.5
2236.5,31.5
2237.0,31.5
2237.5,31.5
2238.0,31.5
2238.5,31.5
2239.0,31.5
2239.5,31.5
2240.0,31.5
2240.5,31.5
2241.0,31.5
2241.5,31.5
2242.0,31.5
2242.5,31.5
2243.0,31.5
2243.5,31.5
2244.0,31.5
2244.5,31.5
2245.0,31.5
2245.5,31.5
2246.0,31.5
2246.5,31.5
2247.0,31.5
2247.5,31.5
2248.0,31.5
2248.5,31.5
2249.0,31.5
2249.5,31.5
2250.0,31.6
2250.5,31.5
2251.0,31.6
2251.5,31.6
2252.0,31.5
2252.5,31.5
2253.0,31.5
2253.5,31.5
2254.0,31.5
2254.5,31.6
2255.0,31.5
2255.5,31.5
2256.0,31.6
2256.5,31.5
2257.0,31.5
2257.5,31.5
2258.0,31.5
2258.5,31.5
2259.0,31.5
2259.5,31.5
2260.0,31.5
2260.5,31.5
2261.0,31.5
2261.5,31.5
2262.0,31.6
2262.5,31.5
2263.0,31.6
2263.5,31.5
2264.0,31.5
2264.5,31.5
2265.0,31.5
2265.5,31.5
2266.0,31.5
2266.5,31.5
2267.0,31.5
2267.5,31.5
2268.0,31.5
2268.5,31.5
2269.0,31.5
2269.5,31.5
2270.0,31.5
2270.5,31.5
2271.0,31.6
2271.5,31.5
2272.0,31.5
2272.5,31.5
2273.0,31.5
2273.5,31.6
2274.0,31.5
2274.5,31.5
2275.0,31.6
2275.5,31.5
2276.0,31.5
2276.5,31.5
2277.0,31.5
2277.5,31.5
2278.0,31.5
2278.5,31.5
2279.0,31.5
2279.5,31.6
2280.0,31.5
2280.5,31.6
2281.0,31.5
2281.5,31.5
2282.0,31.5
2282.5,31.5
2283.0,31.5
2283.5,31.5
2284.0,31.5
2284.5,31.6
2285.0,31.6
2285.5,31.5
2286.0,31.5
2286.5,31.5
2287.0,31.5
2287.5,31.6
2288.0,31.6
2288.5,31.5
2289.0,31.5
2289.5,31.5
2290.0,31.5
2290.5,31.5
2291.0,31.5
2291.5,31.5
2292.0,31.5
2292.5,31.5
2293.0,31.5
2293.5,31.5
2294.0,31.5
2294.5,31.5
2295.0,31.5
2295.5,31.5
2296.0,31.5
2296.5,31.5
2297.0,31.5
2297.5,31.5
2298.0,31.5
2298.5,31.5
2299.0,31.5
2299.5,31.5
2300.0,31.5
2300.5,31.5
2301.0,31.5
2301.5,31.5
2302.0,31.5
2302.5,31.5
2303.0,31.5
2303.5,31.5
2304.0,31.5
2304.5,31.5
2305.0,31.5
2305.5,31.6
2306.0,31.5
2306.5,31.6
2307.0,31.5
2307.5,31.5
2308.0,31.5
2308.5,31.5
2309.0,31.5
2309.5,31.5
2310.0,31.5
2310.5,31.5
2311.0,31.5
2311.5,31.5
2312.0,31.5
2312.5,31.5
2313.0,31.5
2313.5,31.5
2314.0,31.5
2314.5,31.5
2315.0,31.5
2315.5,31.5
2316.0,31.5
2316.5,31.5
2317.0,31.5
2317.5,31.5
2318.0,31.5
2318.5,31.5
2319.0,31.5
2319.5,31.5
2320.0,31.5
2320.5,31.6
2321.0,31.5
2321.5,31.5
2322.0,31.5
2322.5,31.5
2323.0,31.5
2323.5,31.5
2324.0,31.6
2324.5,31.5
2325.0,31.5
2325.5,31.5
2326.0,31.5
2326.5,31.5
2327.0,31.5
2327.5,31.5
2328.0,31.5
2328.5,31.5
2329.0,31.5
2329.5,31.5
2330.0,31.5
2330.5,31.5
2331.0,31.5
2331.5,31.5
2332.0,31.5
2332.5,31.5
2333.0,31.5
2333.5,31.5
2334.0,31.5
2334.5,31.5
2335.0,31.5
2335.5,31.5
2336.0,31.5
2336.5,31.5
2337.0,31.5
2337.5,31.5
2338.0,31.6
2338.5,31.5
2339.0,31.5
2339.5,31.5
2340.0,31.5
2340.5,31.5
2341.0,31.5
2341.5,31.5
2342.0,31.5
2342.5,31.5
2343.0,31.5
2343.5,31.5
2344.0,31.5
2344.5,31.5
2345.0,31.5
2345.5,31.5
2346.0,31.5
2346.5,31.5
2347.0,31.5
2347.5,31.5
2348.0,31.5
2348.5,31.5
2349.0,31.5
2349.5,31.5
2350.0,31.5
2350.5,31.5
2351.0,31.5
2351.5,31.5
2352.0,31.5
2352.5,31.6
2353.0,31.5
2353.5,31.5
2354.0,31.5
2354.5,31.5
2355.0,31.5
2355.5,31.5
2356.0,31.5
2356.5,31.5
2357.0,31.5
2357.5,31.5
2358.0,31.5
2358.5,31.5
2359.0,31.5
2359.5,31.5
2360.0,31.5
2360.5,31.5
2361.0,31.5
2361.5,31.5
2362.0,31.5
2362.5,31.5
2363.0,31.5
2363.5,31.5
2364.0,31.6
2364.5,31.5
2365.0,31.5
2365.5,31.6
2366.0,31.5
2366.5,31.5
2367.0,31.5
2367.5,31.5
2368.0,31.5
2368.5,31.5
2369.0,31.5
2369.5,31.5
2370.0,31.6
2370.5,31.5
2371.0,31.5
2371.5,31.6
2372.0,31.5
2372.5,31.5
2373.0,31.5
2373.5,31.5
2374.0,31.5
2374.5,31.5
2375.0,31.5
2375.5,31.5
2376.0,31.5
2376.5,31.5
2377.0,31.5
2377.5,31.5
2378.0,31.5
2378.5,31.6
2379.0,31.5
2379.5,31.5
2380.0,31.5
2380.5,31.5
2381.0,31.5
2381.5,31.5
2382.0,31.5
2382.5,31.5
2383.0,31.5
2383.5,31.5
2384.0,31.6
2384.5,31.5
2385.0,31.5
2385.5,31.5
2386.0,31.5
2386.5,31.5
2387.0,31.5
2387.5,31.5
2388.0,31.5
2388.5,31.5
2389.0,31.5
2389.5,31.5
2390.0,31.5
2390.5,31.5
2391.0,31.5
2391.5,31.5
2392.0,31.5
2392.5,31.5
2393.0,31.5
2393.5,31.5
2394.0,31.5
2394.5,31.5
2395.0,31.5
2395.5,31.6
2396.0,31.5
2396.5,31.5
2397.0,31.5
2397.5,31.5
2398.0,31.5
2398.5,31.5
2399.0,31.5
2399.5,31.5
2400.0,31.5
2400.5,31.5
2401.0,31.5
2401.5,31.5
2402.0,31.5
2402.5,31.5
2403.0,31.5
2403.5,31.5
2404.0,31.5
2404.5,31.5
2405.0,31.5
2405.5,31.5
2406.0,31.5
2406.5,31.5
2407.0,31.5
2407.5,31.5
2408.0,31.5
2408.5,31.5
2409.0,31.5
2409.5,31.5
2410.0,31.5
2410.5,31.5
2411.0,31.5
2411.5,31.5
2412.0,31.5
2412.5,31.5
2413.0,31.5
2413.5,31.5
2414.0,31.5
2414.5,31.5
2415.0,31.6
2415.5,31.5
2416.0,31.5
2416.5,31.5
2417.0,31.5
2417.5,31.5
2418.0,31.6
2418.5,31.5
2419.0,31.5
2419.5,31.5
2420.0,31.5
2420.5,31.5
2421.0,31.5
2421.5,31.6
2422.0,31.5
2422.5,31.5
2423.0,31.6
2423.5,31.5
2424.0,31.5
2424.5,31.5
2425.0,31.5
2425.5,31.5
2426.0,31.5
2426.5,31.5
2427.0,31.5
2427.5,31.5
2428.0,31.5
2428.5,31.5
2429.0,31.5
2429.5,31.5
2430.0,31.5
2430.5,31.5
2431.0,31.5
2431.5,31.5
2432.0,31.5
2432.5,31.5
2433.0,31.5
2433.5,31.5
2434.0,31.5
2434.5,31.5
2435.0,31.5
2435.5,31.6
2436.0,31.5
2436.5,31.5
2437.0,31.5
2437.5,31.5
2438.0,31.5
2438.5,31.5
2439.0,31.5
2439.5,31.5
2440.0,31.5
2440.5,31.6
2441.0,31.5
2441.5,31.5
2442.0,31.5
2442.5,31.5
2443.0,31.5
2443.5,31.5
2444.0,31.5
2444.5,31.5
2445.0,31.5
2445.5,31.5
2446.0,31.5
2446.5,31.5
2447.0,31.5
2447.5,31.5
2448.0,31.5
2448.5,31.5
2449.0,31.5
2449.5,31.5
2450.0,31.5
2450.5,31.5
2451.0,31.5
2451.5,31.5
2452.0,31.5
2452.5,31.5
2453.0,31.5
2453.5,31.5
2454.0,31.5
2454.5,31.5
2455.0,31.5
2455.5,31.5
2456.0,31.5
2456.5,31.5
2457.0,31.5
2457.5,31.5
2458.0,31.5
2458.5,31.5
2459.0,31.5
2459.5,31.5
2460.0,31.5
2460.5,31.5
2461.0,31.5
2461.5,31.5
2462.0,31.5
2462.5,31.6
2463.0,31.5
2463.5,31.5
2464.0,31.5
2464.5,31.6
2465.0,31.5
2465.5,31.5
2466.0,31.5
2466.5,31.5
2467.0,31.5
2467.5,31.6
2468.0,31.5
2468.5,31.6
2469.0,31.5
2469.5,31.5
2470.0,31.5
2470.5,31.5
2471.0,31.6
2471.5,31.6
2472.0,31.6
2472.5,31.5
2473.0,31.5
2473.5,31.5
2474.0,31.5
2474.5,31.5
2475.0,31.5
2475.5,31.6
2476.0,31.5
2476.5,31.5
2477.0,31.5
2477.5,31.5
2478.0,31.5
2478.5,31.5
2479.0,31.5
2479.5,31.5
2480.0,31.5
2480.5,31.5
2481.0,31.5
2481.5,31.5
2482.0,31.5
2482.5,31.5
2483.0,31.5
2483.5,31.6
2484.0,31.6
2484.5,31.6
2485.0,31.5
2485.5,31.6
2486.0,31.5
2486.5,31.5
2487.0,31.6
2487.5,31.5
2488.0,31.5
2488.5,31.6
2489.0,31.5
2489.5,31.5
2490.0,31.5
2490.5,31.5
2491.0,31.5
2491.5,31.5
2492.0,31.5
2492.5,31.6
2493.0,31.5
2493.5,31.5
2494.0,31.5
2494.5,31.5
2495.0,31.5
2495.5,31.5
2496.0,31.5
2496.5,31.6
2497.0,31.5
2497.5,31.6
2498.0,31.5
2498.5,31.5
2499.0,31.6
2499.5,31.6
2500.0,31.5
2500.5,31.5
2501.0,31.5
2501.5,31.5
2502.0,31.5
2502.5,31.5
2503.0,31.5
2503.5,31.5
2504.0,31.5
2504.5,31.5
2505.0,31.5
2505.5,31.5
2506.0,31.6
2506.5,31.5
2507.0,31.6
2507.5,31.6
2508.0,31.5
2508.5,31.5
2509.0,31.6
2509.5,31.5
2510.0,31.5
2510.5,31.5
2511.0,31.5
2511.5,31.6
2512.0,31.5
2512.5,31.5
2513.0,31.5
2513.5,31.6
2514.0,31.5
2514.5,31.5
2515.0,31.5
2515.5,31.5
2516.0,31.6
2516.5,31.5
2517.0,31.5
2517.5,31.5
2518.0,31.5
2518.5,31.5
2519.0,31.5
2519.5,31.6
2520.0,31.5
2520.5,31.5
2521.0,31.5
2521.5,31.6
2522.0,31.5
2522.5,31.5
2523.0,31.5
2523.5,31.6
2524.0,31.6
2524.5,31.6
2525.0,31.5
2525.5,31.5
2526.0,31.5
2526.5,31.5
2527.0,31.5
2527.5,31.5
2528.0,31.5
2528.5,31.6
2529.0,31.5
2529.5,31.5
2530.0,31.5
2530.5,31.5
2531.0,31.6
2531.5,31.6
2532.0,31.5
2532.5,31.5
2533.0,31.6
2533.5,31.5
2534.0,31.6
2534.5,31.5
2535.0,31.5
2535.5,31.5
2536.0,31.5
2536.5,31.6
2537.0,31.5
2537.5,31.5
2538.0,31.6
2538.5,31.6
2539.0,31.5
2539.5,31.6
2540.0,31.5
2540.5,31.6
2541.0,31.5
2541.5,31.5
2542.0,31.5
2542.5,31.6
2543.0,31.6
2543.5,31.6
2544.0,31.5
2544.5,31.5
2545.0,31.6
2545.5,31.5
2546.0,31.6
2546.5,31.6
2547.0,31.6
2547.5,31.6
2548.0,31.6
2548.5,31.6
2549.0,31.5
2549.5,31.5
2550.0,31.6
2550.5,31.5
2551.0,31.5
2551.5,31.6
2552.0,31.5
2552.5,31.6
2553.0,31.6
2553.5,31.5
2554.0,31.5
2554.5,31.6
2555.0,31.6
2555.5,31.6
2556.0,31.6
2556.5,31.6
2557.0,31.5
2557.5,31.6
2558.0,31.5
2558.5,31.5
2559.0,31.5
2559.5,31.6
2560.0,31.6
2560.5,31.6
2561.0,31.6
2561.5,31.5
2562.0,31.6
2562.5,31.5
2563.0,31.6
2563.5,31.5
2564.0,31.5
2564.5,31.6
2565.0,31.6
2565.5,31.5
2566.0,31.6
2566.5,31.6
2567.0,31.6
2567.5,31.5
2568.0,31.6
2568.5,31.6
2569.0,31.5
2569.5,31.5
2570.0,31.6
2570.5,31.6
2571.0,31.6
2571.5,31.5
2572.0,31.6
2572.5,31.5
2573.0,31.6
2573.5,31.5
2574.0,31.6
2574.5,31.6
2575.0,31.5
2575.5,31.6
2576.0,31.6
2576.5,31.6
2577.0,31.5
2577.5,31.5
2578.0,31.6
2578.5,31.6
2579.0,31.5
2579.5,31.5
2580.0,31.6
2580.5,31.5
2581.0,31.6
2581.5,31.6
2582.0,31.5
2582.5,31.6
2583.0,31.5
2583.5,31.6
2584.0,31.6
2584.5,31.6
2585.0,31.6
2585.5,31.6
2586.0,31.5
2586.5,31.6
2587.0,31.5
2587.5,31.6
2588.0,31.6
2588.5,31.6
2589.0,31.6
2589.5,31.5
2590.0,31.5
2590.5,31.6
2591.0,31.6
2591.5,31.5
2592.0,31.5
2592.5,31.5
2593.0,31.6
2593.5,31.6
2594.0,31.6
2594.5,31.5
2595.0,31.5
2595.5,31.6
2596.0,31.6
2596.5,31.6
2597.0,31.6
2597.5,31.5
2598.0,31.6
2598.5,31.5
2599.0,31.5
2599.5,31.5
2600.0,31.6
2600.5,31.6
2601.0,31.5
2601.5,31.6
2602.0,31.6
2602.5,31.6
2603.0,31.6
2603.5,31.5
2604.0,31.5
2604.5,31.5
2605.0,31.6
2605.5,31.6
2606.0,31.5
2606.5,31.6
2607.0,31.6
2607.5,31.5
2608.0,31.6
2608.5,31.6
2609.0,31.6
2609.5,31.6
2610.0,31.6
2610.5,31.6
2611.0,31.5
2611.5,31.6
2612.0,31.5
2612.5,31.5
2613.0,31.5
2613.5,31.6
2614.0,31.6
2614.5,31.6
2615.0,31.5
2615.5,31.6
2616.0,31.5
2616.5,31.6
2617.0,31.6
2617.5,31.5
2618.0,31.6
2618.5,31.6
2619.0,31.6
2619.5,31.6
2620.0,31.6
2620.5,31.5
2621.0,31.6
2621.5,31.6
2622.0,31.6
2622.5,31.6
2623.0,31.5
2623.5,31.6
2624.0,31.6
2624.5,31.6
2625.0,31.6
2625.5,31.5
2626.0,31.6
2626.5,31.5
2627.0,31.5
2627.5,31.5
2628.0,31.5
2628.5,31.6
2629.0,31.5
2629.5,31.5
2630.0,31.6
2630.5,31.5
2631.0,31.6
2631.5,31.6
2632.0,31.5
2632.5,31.6
2633.0,31.6
2633.5,31.6
2634.0,31.6
2634.5,31.6
2635.0,31.6
2635.5,31.6
2636.0,31.5
2636.5,31.5
2637.0,31.5
2637.5,31.6
2638.0,31.6
2638.5,31.6
2639.0,31.6
2639.5,31.5
2640.0,31.6
2640.5,31.6
2641.0,31.6
2641.5,31.6
2642.0,31.6
2642.5,31.5
2643.0,31.6
2643.5,31.6
2644.0,31.6
2644.5,31.6
2645.0,31.6
2645.5,31.6
2646.0,31.6
2646.5,31.5
2647.0,31.6
2647.5,31.5
2648.0,31.5
2648.5,31.6
2649.0,31.6
2649.5,31.6
2650.0,31.6
2650.5,31.6
2651.0,31.6
2651.5,31.5
2652.0,31.6
2652.5,31.6
2653.0,31.6
2653.5,31.6
2654.0,31.6
2654.5,31.5
2655.0,31.6
2655.5,31.6
2656.0,31.5
2656.5,31.5
2657.0,31.5
2657.5,31.6
2658.0,31.6
2658.5,31.6
2659.0,31.6
2659.5,31.6
2660.0,31.6
2660.5,31.6
2661.0,31.5
2661.5,31.6
2662.0,31.5
2662.5,31.6
2663.0,31.6
2663.5,31.6
2664.0,31.6
2664.5,31.5
2665.0,31.6
2665.5,31.6
2666.0,31.6
2666.5,31.6
2667.0,31.6
2667.5,31.6
2668.0,31.6
2668.5,31.6
2669.0,31.5
2669.5,31.6
2670.0,31.6
2670.5,31.6
2671.0,31.6
2671.5,31.5
2672.0,31.6
2672.5,31.6
2673.0,31.6
2673.5,31.6
2674.0,31.6
2674.5,31.6
2675.0,31.6
2675.5,31.6
2676.0,31.6
2676.5,31.6
2677.0,31.6
2677.5,31.6
2678.0,31.6
2678.5,31.6
2679.0,31.6
2679.5,31.6
2680.0,31.6
2680.5,31.5
2681.0,31.6
2681.5,31.6
2682.0,31.6
2682.5,31.6
2683.0,31.6
2683.5,31.6
2684.0,31.6
2684.5,31.6
2685.0,31.6
2685.5,31.6
2686.0,31.6
2686.5,31.5
2687.0,31.6
2687.5,31.6
2688.0,31.6
2688.5,31.6
2689.0,31.6
2689.5,31.6
2690.0,31.6
2690.5,31.6
2691.0,31.6
2691.5,31.6
2692.0,31.6
2692.5,31.6
2693.0,31.6
2693.5,31.5
2694.0,31.6
2694.5,31.5
2695.0,31.6
2695.5,31.6
2696.0,31.6
2696.5,31.6
2697.0,31.6
2697.5,31.6
2698.0,31.6
2698.5,31.6
2699.0,31.6
2699.5,31.6
2700.0,31.6
2700.5,31.6
2701.0,31.6
2701.5,31.6
2702.0,31.6
2702.5,31.5
2703.0,31.6
2703.5,31.6
2704.0,31.6
2704.5,31.6
2705.0,31.6
2705.5,31.6
2706.0,31.6
2706.5,31.6
2707.0,31.6
2707.5,31.6
2708.0,31.6
2708.5,31.6
2709.0,31.6
2709.5,31.6
2710.0,31.6
2710.5,31.6
2711.0,31.6
2711.5,31.6
2712.0,31.6
2712.5,31.6
2713.0,31.6
2713.5,31.6
2714.0,31.6
2714.5,31.6
2715.0,31.6
2715.5,31.6
2716.0,31.6
2716.5,31.6
2717.0,31.6
2717.5,31.6
2718.0,31.6
2718.5,31.6
2719.0,31.6
2719.5,31.6
2720.0,31.6
2720.5,31.6
2721.0,31.6
2721.5,31.6
2722.0,31.6
2722.5,31.6
2723.0,31.6
2723.5,31.6
2724.0,31.6
2724.5,31.6
2725.0,31.6
2725.5,31.6
2726.0,31.6
2726.5,31.6
2727.0,31.6
2727.5,31.6
2728.0,31.6
2728.5,31.6
2729.0,31.6
2729.5,31.6
2730.0,31.6
2730.5,31.6
2731.0,31.6
2731.5,31.6
2732.0,31.6
2732.5,31.6
2733.0,31.6
2733.5,31.6
2734.0,31.6
2734.5,31.6
2735.0,31.6
2735.5,31.6
2736.0,31.6
2736.5,31.6
2737.0,31.6
2737.5,31.6
2738.0,31.6
2738.5,31.6
2739.0,31.6
2739.5,31.6
2740.0,31.6
2740.5,31.6
2741.0,31.6
2741.5,31.6
2742.0,31.7
2742.5,31.6
2743.0,31.6
2743.5,31.6
2744.0,31.6
2744.5,31.6
2745.0,31.6
2745.5,31.6
2746.0,31.6
2746.5,31.6
2747.0,31.5
2747.5,31.6
2748.0,31.6
2748.5,31.6
2749.0,31.6
2749.5,31.6
2750.0,31.6
2750.5,31.6
2751.0,31.6
2751.5,31.6
2752.0,31.6
2752.5,31.6
2753.0,31.6
2753.5,31.6
2754.0,31.6
2754.5,31.6
2755.0,31.6
2755.5,31.6
2756.0,31.6
2756.5,31.6
2757.0,31.6
2757.5,31.6
2758.0,31.6
2758.5,31.6
2759.0,31.6
2759.5,31.6
2760.0,31.6
2760.5,31.6
2761.0,31.6
2761.5,31.6
2762.0,31.6
2762.5,31.6
2763.0,31.6
2763.5,31.6
2764.0,31.6
2764.5,31.6
2765.0,31.6
2765.5,31.6
2766.0,31.6
2766.5,31.5
2767.0,31.6
2767.5,31.6
2768.0,31.6
2768.5,31.6
2769.0,31.6
2769.5,31.6
2770.0,31.6
2770.5,31.6
2771.0,31.6
2771.5,31.6
2772.0,31.6
2772.5,31.6
2773.0,31.6
2773.5,31.6
2774.0,31.6
2774.5,31.6
2775.0,31.6
2775.5,31.7
2776.0,31.6
2776.5,31.6
2777.0,31.6
2777.5,31.6
2778.0,31.6
2778.5,31.6
2779.0,31.6
2779.5,31.6
2780.0,31.6
2780.5,31.6
2781.0,31.6
2781.5,31.6
2782.0,31.6
2782.5,31.5
2783.0,31.6
2783.5,31.6
2784.0,31.6
2784.5,31.6
2785.0,31.6
2785.5,31.6
2786.0,31.6
2786.5,31.6
2787.0,31.6
2787.5,31.6
2788.0,31.6
2788.5,31.6
2789.0,31.6
2789.5,31.6
2790.0,31.6
2790.5,31.6
2791.0,31.6
2791.5,31.6
2792.0,31.6
2792.5,31.6
2793.0,31.6
2793.5,31.6
2794.0,31.6
2794.5,31.6
2795.0,31.6
2795.5,31.6
2796.0,31.6
2796.5,31.6
2797.0,31.6
2797.5,31.6
2798.0,31.6
2798.5,31.6
2799.0,31.6
2799.5,31.6
2800.0,31.6
2800.5,31.6
2801.0,31.6
2801.5,31.6
2802.0,31.6
2802.5,31.6
2803.0,31.6
2803.5,31.6
2804.0,31.6
2804.5,31.6
2805.0,31.6
2805.5,31.6
2806.0,31.5
2806.5,31.6
2807.0,31.6
2807.5,31.6
2808.0,31.6
2808.5,31.6
2809.0,31.6
2809.5,31.6
2810.0,31.6
2810.5,31.6
2811.0,31.6
2811.5,31.6
2812.0,31.6
2812.5,31.6
2813.0,31.6
2813.5,31.6
2814.0,31.6
2814.5,31.6
2815.0,31.6
2815.5,31.6
2816.0,31.6
2816.5,31.6
2817.0,31.6
2817.5,31.6
2818.0,31.6
2818.5,31.6
2819.0,31.6
2819.5,31.6
2820.0,31.6
2820.5,31.6
2821.0,31.6
2821.5,31.6
2822.0,31.6
2822.5,31.6
2823.0,31.6
2823.5,31.6
2824.0,31.6
2824.5,31.6
2825.0,31.6
2825.5,31.6
2826.0,31.6
2826.5,31.6
2827.0,31.6
2827.5,31.6
2828.0,31.6
2828.5,31.6
2829.0,31.6
2829.5,31.6
2830.0,31.6
2830.5,31.5
2831.0,31.6
2831.5,31.6
2832.0,31.6
2832.5,31.6
2833.0,31.6
2833.5,31.6
2834.0,31.6
2834.5,31.6
2835.0,31.6
2835.5,31.6
2836.0,31.6
2836.5,31.6
2837.0,31.6
2837.5,31.6
2838.0,31.6
2838.5,31.6
2839.0,31.6
2839.5,31.6
2840.0,31.6
2840.5,31.6
2841.0,31.6
2841.5,31.6
2842.0,31.6
2842.5,31.6
2843.0,31.6
2843.5,31.6
2844.0,31.6
2844.5,31.5
2845.0,31.6
2845.5,31.6
2846.0,31.6
2846.5,31.6
2847.0,31.6
2847.5,31.6
2848.0,31.6
2848.5,31.6
2849.0,31.6
2849.5,31.6
2850.0,31.6
2850.5,31.6
2851.0,31.6
2851.5,31.6
2852.0,31.6
2852.5,31.6
2853.0,31.6
2853.5,31.6
2854.0,31.6
2854.5,31.6
2855.0,31.6
2855.5,31.6
2856.0,31.6
2856.5,31.6
2857.0,31.6
2857.5,31.6
2858.0,31.6
2858.5,31.6
2859.0,31.6
2859.5,31.6
2860.0,31.6
2860.5,31.6
2861.0,31.6
2861.5,31.6
2862.0,31.6
2862.5,31.6
2863.0,31.6
2863.5,31.6
2864.0,31.6
2864.5,31.6
2865.0,31.6
2865.5,31.6
2866.0,31.6
2866.5,31.6
2867.0,31.6
2867.5,31.6
2868.0,31.6
2868.5,31.6
2869.0,31.6
2869.5,31.6
2870.0,31.6
2870.5,31.6
2871.0,31.6
2871.5,31.6
2872.0,31.6
2872.5,31.6
2873.0,31.6
2873.5,31.6
2874.0,31.6
2874.5,31.6
2875.0,31.6
2875.5,31.6
2876.0,31.6
2876.5,31.6
2877.0,31.6
2877.5,31.6
2878.0,31.6
2878.5,31.6
2879.0,31.6
2879.5,31.6
2880.0,31.6
2880.5,31.6
2881.0,31.6
2881.5,31.6
2882.0,31.6
2882.5,31.6
2883.0,31.6
2883.5,31.6
2884.0,31.6
2884.5,31.6
2885.0,31.5
2885.5,31.6
2886.0,31.6
2886.5,31.6
2887.0,31.6
2887.5,31.6
2888.0,31.6
2888.5,31.6
2889.0,31.6
2889.5,31.6
2890.0,31.5
2890.5,31.5
2891.0,31.6
2891.5,31.6
2892.0,31.6
2892.5,31.6
2893.0,31.6
2893.5,31.6
2894.0,31.6
2894.5,31.5
2895.0,31.6
2895.5,31.5
2896.0,31.6
2896.5,31.6
2897.0,31.6
2897.5,31.6
2898.0,31.5
2898.5,31.6
2899.0,31.6
2899.5,31.6
2900.0,31.6
2900.5,31.6
2901.0,31.5
2901.5,31.6
2902.0,31.6
2902.5,31.6
2903.0,31.6
2903.5,31.6
2904.0,31.6
2904.5,31.6
2905.0,31.6
2905.5,31.6
2906.0,31.6
2906.5,31.6
2907.0,31.6
2907.5,31.6
2908.0,31.6
2908.5,31.6
2909.0,31.6
2909.5,31.6
2910.0,31.6
2910.5,31.6
2911.0,31.6
2911.5,31.6
2912.0,31.6
2912.5,31.6
2913.0,31.6
2913.5,31.6
2914.0,31.6
2914.5,31.6
2915.0,31.6
2915.5,31.5
2916.0,31.6
2916.5,31.6
2917.0,31.6
2917.5,31.6
2918.0,31.6
2918.5,31.6
2919.0,31.6
2919.5,31.6
2920.0,31.6
2920.5,31.5
2921.0,31.5
2921.5,31.5
2922.0,31.5
2922.5,31.5
2923.0,31.6
2923.5,31.6
2924.0,31.6
2924.5,31.6
2925.0,31.6
2925.5,31.6
2926.0,31.6
2926.5,31.5
2927.0,31.5
2927.5,31.6
2928.0,31.6
2928.5,31.5
2929.0,31.5
2929.5,31.6
2930.0,31.6
2930.5,31.6
2931.0,31.6
2931.5,31.6
2932.0,31.6
2932.5,31.6
2933.0,31.5
2933.5,31.5
2934.0,31.6
2934.5,31.6
2935.0,31.6
2935.5,31.6
2936.0,31.6
2936.5,31.5
2937.0,31.5
2937.5,31.6
2938.0,31.5
2938.5,31.5
2939.0,31.5
2939.5,31.6
2940.0,31.6
2940.5,31.5
2941.0,31.5
2941.5,31.6
2942.0,31.5
2942.5,31.5
2943.0,31.6
2943.5,31.6
2944.0,31.6
2944.5,31.5
2945.0,31.6
2945.5,31.6
2946.0,31.5
2946.5,31.5
2947.0,31.5
2947.5,31.6
2948.0,31.6
2948.5,31.6
2949.0,31.6
2949.5,31.6
2950.0,31.5
2950.5,31.5
2951.0,31.6
2951.5,31.6
2952.0,31.5
2952.5,31.5
2953.0,31.6
2953.5,31.5
2954.0,31.5
2954.5,31.6
2955.0,31.6
2955.5,31.5
2956.0,31.5
2956.5,31.6
2957.0,31.6
2957.5,31.5
2958.0,31.6
2958.5,31.6
2959.0,31.6
2959.5,31.6
2960.0,31.6
2960.5,31.6
2961.0,31.6
2961.5,31.6
2962.0,31.6
2962.5,31.6
2963.0,31.6
2963.5,31.5
2964.0,31.6
2964.5,31.6
2965.0,31.6
2965.5,31.6
2966.0,31.6
2966.5,31.6
2967.0,31.6
2967.5,31.5
2968.0,31.6
2968.5,31.6
2969.0,31.5
2969.5,31.6
2970.0,31.6
2970.5,31.6
2971.0,31.6
2971.5,31.6
2972.0,31.5
2972.5,31.6
2973.0,31.5
2973.5,31.6
2974.0,31.6
2974.5,31.5
2975.0,31.5
2975.5,31.6
2976.0,31.6
2976.5,31.6
2977.0,31.5
2977.5,31.6
2978.0,31.5
2978.5,31.6
2979.0,31.6
2979.5,31.5
2980.0,31.6
2980.5,31.6
2981.0,31.5
2981.5,31.5
2982.0,31.6
2982.5,31.5
2983.0,31.5
2983.5,31.6
2984.0,31.6
2984.5,31.6
2985.0,31.6
2985.5,31.5
2986.0,31.6
2986.5,31.5
2987.0,31.5
2987.5,31.6
2988.0,31.6
2988.5,31.6
2989.0,31.5
2989.5,31.5
2990.0,31.6
2990.5,31.6
2991.0,31.5
2991.5,31.5
2992.0,31.5
2992.5,31.5
2993.0,31.6
2993.5,31.6
2994.0,31.5
2994.5,31.5
2995.0,31.6
2995.5,31.5
2996.0,31.6
2996.5,31.5
2997.0,31.6
2997.5,31.5
2998.0,31.6
2998.5,31.5
2999.0,31.6
2999.5,31.6
3000.0,31.6
3000.5,31.5
3001.0,31.5
3001.5,31.6
3002.0,31.6
3002.5,31.6
3003.0,31.5
3003.5,31.6
3004.0,31.5
3004.5,31.5
3005.0,31.5
3005.5,31.5
3006.0,31.5
3006.5,31.6
3007.0,31.6
3007.5,31.6
3008.0,31.5
3008.5,31.5
3009.0,31.5
3009.5,31.5
3010.0,31.5
3010.5,31.6
3011.0,31.5
3011.5,31.5
3012.0,31.5
3012.5,31.6
3013.0,31.5
3013.5,31.6
3014.0,31.5
3014.5,31.5
3015.0,31.5
3015.5,31.5
3016.0,31.5
3016.5,31.5
3017.0,31.5
3017.5,31.5
3018.0,31.5
3018.5,31.5
3019.0,31.5
3019.5,31.5
3020.0,31.5
3020.5,31.5
3021.0,31.5
3021.5,31.6
3022.0,31.5
3022.5,31.6
3023.0,31.5
3023.5,31.5
3024.0,31.5
3024.5,31.6
3025.0,31.5
3025.5,31.6
3026.0,31.6
3026.5,31.5
3027.0,31.5
3027.5,31.6
3028.0,31.5
3028.5,31.5
3029.0,31.6
3029.5,31.5
3030.0,31.5
3030.5,31.5
3031.0,31.5
3031.5,31.5
3032.0,31.5
3032.5,31.5
3033.0,31.5
3033.5,31.6
3034.0,31.6
3034.5,31.5
3035.0,31.5
3035.5,31.5
3036.0,31.5
3036.5,31.5
3037.0,31.6
3037.5,31.5
3038.0,31.6
3038.5,31.5
3039.0,31.5
3039.5,31.5
3040.0,31.5
3040.5,31.5
3041.0,31.5
3041.5,31.6
3042.0,31.5
3042.5,31.6
3043.0,31.5
3043.5,31.5
3044.0,31.5
3044.5,31.5
3045.0,31.6
3045.5,31.5
3046.0,31.5
3046.5,31.6
3047.0,31.5
3047.5,31.6
3048.0,31.5
3048.5,31.5
3049.0,31.5
3049.5,31.6
3050.0,31.5
3050.5,31.5
3051.0,31.5
3051.5,31.5
3052.0,31.6
3052.5,31.5
3053.0,31.5
3053.5,31.5
3054.0,31.5
3054.5,31.5
3055.0,31.5
3055.5,31.5
3056.0,31.5
3056.5,31.6
3057.0,31.5
3057.5,31.5
3058.0,31.6
3058.5,31.6
3059.0,31.5
3059.5,31.6
3060.0,31.5
3060.5,31.6
3061.0,31.5
3061.5,31.5
3062.0,31.5
3062.5,31.6
3063.0,31.5
3063.5,31.5
3064.0,31.5
3064.5,31.5
3065.0,31.5
3065.5,31.6
3066.0,31.5
3066.5,31.5
3067.0,31.5
3067.5,31.5
3068.0,31.6
3068.5,31.5
3069.0,31.5
3069.5,31.5
3070.0,31.5
3070.5,31.5
3071.0,31.5
3071.5,31.5
3072.0,31.5
3072.5,31.5
3073.0,31.5
3073.5,31.6
3074.0,31.5
3074.5,31.5
3075.0,31.5
3075.5,31.6
3076.0,31.5
3076.5,31.5
3077.0,31.5
3077.5,31.6
3078.0,31.5
3078.5,31.6
3079.0,31.5
3079.5,31.6
3080.0,31.6
3080.5,31.5
3081.0,31.5
3081.5,31.5
3082.0,31.5
3082.5,31.5
3083.0,31.5
3083.5,31.5
3084.0,31.5
3084.5,31.6
3085.0,31.5
3085.5,31.5
3086.0,31.6
3086.5,31.5
3087.0,31.6
3087.5,31.6
3088.0,31.5
3088.5,31.6
3089.0,31.5
3089.5,31.5
3090.0,31.5
3090.5,31.5
3091.0,31.5
3091.5,31.5
3092.0,31.6
3092.5,31.5
3093.0,31.5
3093.5,31.5
3094.0,31.5
3094.5,31.6
3095.0,31.5
3095.5,31.6
3096.0,31.5
3096.5,31.5
3097.0,31.5
3097.5,31.5
3098.0,31.5
3098.5,31.6
3099.0,31.5
3099.5,31.5
3100.0,31.5
3100.5,31.6
3101.0,31.5
3101.5,31.6
3102.0,31.5
3102.5,31.5
3103.0,31.5
3103.5,31.5
3104.0,31.6
3104.5,31.5
3105.0,31.5
3105.5,31.5
3106.0,31.6
3106.5,31.6
3107.0,31.5
3107.5,31.5
3108.0,31.5
3108.5,31.5
3109.0,31.6
3109.5,31.6
3110.0,31.5
3110.5,31.6
3111.0,31.6
3111.5,31.5
3112.0,31.5
3112.5,31.5
3113.0,31.6
3113.5,31.5
3114.0,31.5
3114.5,31.5
3115.0,31.5
3115.5,31.6
3116.0,31.5
3116.5,31.5
3117.0,31.5
3117.5,31.5
3118.0,31.5
3118.5,31.5
3119.0,31.6
3119.5,31.6
3120.0,31.6
3120.5,31.5
3121.0,31.6
3121.5,31.5
3122.0,31.5
3122.5,31.5
3123.0,31.5
3123.5,31.5
3124.0,31.5
3124.5,31.5
3125.0,31.5
3125.5,31.5
3126.0,31.5
3126.5,31.6
3127.0,31.6
3127.5,31.5
3128.0,31.6
3128.5,31.6
3129.0,31.5
3129.5,31.6
3130.0,31.5
3130.5,31.5
3131.0,31.5
3131.5,31.5
3132.0,31.5
3132.5,31.5
3133.0,31.5
3133.5,31.6
3134.0,31.5
3134.5,31.6
3135.0,31.5
3135.5,31.5
3136.0,31.5
3136.5,31.6
3137.0,31.5
3137.5,31.6
3138.0,31.6
3138.5,31.5
3139.0,31.6
3139.5,31.5
3140.0,31.5
3140.5,31.6
3141.0,31.5
3141.5,31.6
3142.0,31.5
3142.5,31.5
3143.0,31.6
3143.5,31.5
3144.0,31.5
3144.5,31.6
3145.0,31.5
3145.5,31.5
3146.0,31.5
3146.5,31.6
3147.0,31.6
3147.5,31.6
3148.0,31.5
3148.5,31.5
3149.0,31.5
3149.5,31.5
3150.0,31.5
3150.5,31.6
3151.0,31.6
3151.5,31.6
3152.0,31.6
3152.5,31.6
3153.0,31.6
3153.5,31.6
3154.0,31.6
3154.5,31.6
3155.0,31.5
3155.5,31.6
3156.0,31.6
3156.5,31.6
3157.0,31.5
3157.5,31.6
3158.0,31.6
3158.5,31.6
3159.0,31.6
3159.5,31.5
3160.0,31.6
3160.5,31.6
3161.0,31.6
3161.5,31.6
3162.0,31.6
3162.5,31.6
3163.0,31.6
3163.5,31.5
3164.0,31.5
3164.5,31.5
3165.0,31.6
3165.5,31.6
3166.0,31.5
3166.5,31.6
3167.0,31.6
3167.5,31.6
3168.0,31.5
3168.5,31.5
3169.0,31.5
3169.5,31.6
3170.0,31.6
3170.5,31.6
3171.0,31.5
3171.5,31.5
3172.0,31.5
3172.5,31.6
3173.0,31.5
3173.5,31.6
3174.0,31.6
3174.5,31.6
3175.0,31.6
3175.5,31.6
3176.0,31.6
3176.5,31.6
3177.0,31.5
3177.5,31.6
3178.0,31.6
3178.5,31.5
3179.0,31.5
3179.5,31.5
3180.0,31.5
3180.5,31.5
3181.0,31.6
3181.5,31.5
3182.0,31.5
3182.5,31.6
3183.0,31.5
3183.5,31.6
3184.0,31.5
3184.5,31.5
3185.0,31.6
3185.5,31.6
3186.0,31.6
3186.5,31.6
3187.0,31.5
3187.5,31.5
3188.0,31.6
3188.5,31.5
3189.0,31.6
3189.5,31.6
3190.0,31.6
3190.5,31.5
3191.0,31.5
3191.5,31.6
3192.0,31.6
3192.5,31.5
3193.0,31.6
3193.5,31.5
3194.0,31.6
3194.5,31.5
3195.0,31.5
3195.5,31.6
3196.0,31.6
3196.5,31.6
3197.0,31.6
3197.5,31.6
3198.0,31.6
3198.5,31.6
3199.0,31.6
3199.5,31.6
3200.0,31.6
3200.5,31.5
3201.0,31.6
3201.5,31.5
3202.0,31.5
3202.5,31.5
3203.0,31.6
3203.5,31.6
3204.0,31.6
3204.5,31.6
3205.0,31.6
3205.5,31.5
3206.0,31.5
3206.5,31.5
3207.0,31.5
3207.5,31.6
3208.0,31.6
3208.5,31.6
3209.0,31.6
3209.5,31.6
3210.0,31.6
3210.5,31.5
3211.0,31.6
3211.5,31.6
3212.0,31.6
3212.5,31.6
3213.0,31.6
3213.5,31.6
3214.0,31.6
3214.5,31.6
3215.0,31.6
3215.5,31.5
3216.0,31.5
3216.5,31.6
3217.0,31.6
3217.5,31.6
3218.0,31.6
3218.5,31.6
3219.0,31.6
3219.5,31.5
3220.0,31.6
3220.5,31.6
3221.0,31.5
3221.5,31.6
3222.0,31.5
3222.5,31.6
3223.0,31.5
3223.5,31.6
3224.0,31.5
3224.5,31.6
3225.0,31.5
3225.5,31.6
3226.0,31.6
3226.5,31.6
3227.0,31.6
3227.5,31.6
3228.0,31.6
3228.5,31.6
3229.0,31.5
3229.5,31.5
3230.0,31.5
3230.5,31.6
3231.0,31.5
3231.5,31.6
3232.0,31.5
3232.5,31.5
3233.0,31.6
3233.5,31.6
3234.0,31.6
3234.5,31.5
3235.0,31.6
3235.5,31.6
3236.0,31.6
3236.5,31.5
3237.0,31.6
3237.5,31.6
3238.0,31.6
3238.5,31.6
3239.0,31.6
3239.5,31.6
3240.0,31.6
3240.5,31.5
3241.0,31.6
3241.5,31.6
3242.0,31.6
3242.5,31.6
3243.0,31.6
3243.5,31.6
3244.0,31.6
3244.5,31.6
3245.0,31.6
3245.5,31.5
3246.0,31.6
3246.5,31.6
3247.0,31.6
3247.5,31.5
3248.0,31.6
3248.5,31.6
3249.0,31.6
3249.5,31.6
3250.0,31.5
3250.5,31.6
3251.0,31.5
3251.5,31.6
3252.0,31.5
3252.5,31.5
3253.0,31.5
3253.5,31.6
3254.0,31.6
3254.5,31.6
3255.0,31.6
3255.5,31.6
3256.0,31.6
3256.5,31.6
3257.0,31.6
3257.5,31.6
3258.0,31.5
3258.5,31.6
3259.0,31.6
3259.5,31.6
3260.0,31.5
3260.5,31.6
3261.0,31.6
3261.5,31.6
3262.0,31.6
3262.5,31.6
3263.0,31.6
3263.5,31.6
3264.0,31.6
3264.5,31.5
3265.0,31.6
3265.5,31.6
3266.0,31.6
3266.5,31.6
3267.0,31.6
3267.5,31.6
3268.0,31.6
3268.5,31.6
3269.0,31.6
3269.5,31.6
3270.0,31.5
3270.5,31.6
3271.0,31.6
3271.5,31.5
3272.0,31.6
3272.5,31.6
3273.0,31.6
3273.5,31.6
3274.0,31.5
3274.5,31.5
3275.0,31.6
3275.5,31.6
3276.0,31.6
3276.5,31.6
3277.0,31.6
3277.5,31.6
3278.0,31.6
3278.5,31.6
3279.0,31.5
3279.5,31.6
3280.0,31.6
3280.5,31.6
3281.0,31.6
3281.5,31.6
3282.0,31.6
3282.5,31.7
3283.0,31.6
3283.5,31.6
3284.0,31.6
3284.5,31.6
3285.0,31.6
3285.5,31.6
3286.0,31.6
3286.5,31.6
3287.0,31.6
3287.5,31.6
3288.0,31.6
3288.5,31.6
3289.0,31.6
3289.5,31.6
3290.0,31.6
3290.5,31.6
3291.0,31.6
3291.5,31.6
3292.0,31.6
3292.5,31.5
3293.0,31.6
3293.5,31.6
3294.0,31.6
3294.5,31.6
3295.0,31.6
3295.5,31.6
3296.0,31.6
3296.5,31.6
3297.0,31.6
3297.5,31.6
3298.0,31.6
3298.5,31.6
3299.0,31.6
3299.5,31.6
3300.0,31.6
3300.5,31.6
3301.0,31.6
3301.5,31.5
3302.0,31.6
3302.5,31.6
3303.0,31.6
3303.5,31.6
3304.0,31.6
3304.5,31.6
3305.0,31.6
3305.5,31.6
3306.0,31.6
3306.5,31.6
3307.0,31.6
3307.5,31.6
3308.0,31.6
3308.5,31.6
3309.0,31.6
3309.5,31.6
3310.0,31.6
3310.5,31.6
3311.0,31.6
3311.5,31.6
3312.0,31.6
3312.5,31.6
3313.0,31.6
3313.5,31.6
3314.0,31.6
3314.5,31.6
3315.0,31.6
3315.5,31.6
3316.0,31.6
3316.5,31.6
3317.0,31.6
3317.5,31.6
3318.0,31.6
3318.5,31.6
3319.0,31.6
3319.5,31.6
3320.0,31.6
3320.5,31.6
3321.0,31.6
3321.5,31.6
3322.0,31.6
3322.5,31.6
3323.0,31.6
3323.5,31.6
3324.0,31.6
3324.5,31.6
3325.0,31.6
3325.5,31.6
3326.0,31.6
3326.5,31.6
3327.0,31.6
3327.5,31.6
3328.0,31.6
3328.5,31.6
3329.0,31.6
3329.5,31.6
3330.0,31.6
3330.5,31.6
3331.0,31.6
3331.5,31.6
3332.0,31.6
3332.5,31.6
3333.0,31.6
3333.5,31.6
3334.0,31.6
3334.5,31.6
3335.0,31.6
3335.5,31.6
3336.0,31.6
3336.5,31.6
3337.0,31.6
3337.5,31.6
3338.0,31.6
3338.5,31.6
3339.0,31.6
3339.5,31.6
3340.0,31.6
3340.5,31.6
3341.0,31.6
3341.5,31.6
3342.0,31.6
3342.5,31.6
3343.0,31.6
3343.5,31.6
3344.0,31.6
3344.5,31.6
3345.0,31.6
3345.5,31.6
3346.0,31.6
3346.5,31.6
3347.0,31.6
3347.5,31.6
3348.0,31.6
3348.5,31.6
3349.0,31.6
3349.5,31.6
3350.0,31.6
3350.5,31.6
3351.0,31.6
3351.5,31.6
3352.0,31.6
3352.5,31.6
3353.0,31.6
3353.5,31.6
3354.0,31.6
3354.5,31.6
3355.0,31.6
3355.5,31.6
3356.0,31.6
3356.5,31.6
3357.0,31.6
3357.5,31.6
3358.0,31.6
3358.5,31.6
3359.0,31.6
3359.5,31.6
3360.0,31.6
3360.5,31.6
3361.0,31.6
3361.5,31.6
3362.0,31.6
3362.5,31.6
3363.0,31.6
3363.5,31.6
3364.0,31.6
3364.5,31.6
3365.0,31.6
3365.5,31.6
3366.0,31.6
3366.5,31.6
3367.0,31.6
3367.5,31.6
3368.0,31.6
3368.5,31.6
3369.0,31.6
3369.5,31.6
3370.0,31.6
3370.5,31.6
3371.0,31.6
3371.5,31.6
3372.0,31.6
3372.5,31.6
3373.0,31.6
3373.5,31.6
3374.0,31.6
3374.5,31.6
3375.0,31.6
3375.5,31.6
3376.0,31.6
3376.5,31.6
3377.0,31.6
3377.5,31.6
3378.0,31.6
3378.5,31.6
3379.0,31.6
3379.5,31.6
3380.0,31.6
3380.5,31.6
3381.0,31.6
3381.5,31.6
3382.0,31.6
3382.5,31.6
3383.0,31.6
3383.5,31.6
3384.0,31.6
3384.5,31.6
3385.0,31.6
3385.5,31.6
3386.0,31.6
3386.5,31.6
3387.0,31.6
3387.5,31.6
3388.0,31.6
3388.5,31.6
3389.0,31.6
3389.5,31.6
3390.0,31.6
3390.5,31.6
3391.0,31.6
3391.5,31.5
3392.0,31.6
3392.5,31.6
3393.0,31.6
3393.5,31.6
3394.0,31.6
3394.5,31.7
3395.0,31.6
3395.5,31.6
3396.0,31.6
3396.5,31.6
3397.0,31.6
3397.5,31.6
3398.0,31.6
3398.5,31.6
3399.0,31.6
3399.5,31.6
3400.0,31.6
3400.5,31.6
3401.0,31.6
3401.5,31.6
3402.0,31.6
3402.5,31.6
3403.0,31.6
3403.5,31.6
3404.0,31.6
3404.5,31.6
3405.0,31.6
3405.5,31.6
3406.0,31.6
3406.5,31.6
3407.0,31.6
3407.5,31.6
3408.0,31.6
3408.5,31.6
3409.0,31.6
3409.5,31.6
3410.0,31.6
3410.5,31.6
3411.0,31.6
3411.5,31.6
3412.0,31.6
3412.5,31.6
3413.0,31.6
3413.5,31.6
3414.0,31.6
3414.5,31.6
3415.0,31.6
3415.5,31.6
3416.0,31.6
3416.5,31.6
3417.0,31.6
3417.5,31.6
3418.0,31.6
3418.5,31.6
3419.0,31.6
3419.5,31.6
3420.0,31.6
3420.5,31.6
3421.0,31.6
3421.5,31.6
3422.0,31.6
3422.5,31.6
3423.0,31.6
3423.5,31.6
3424.0,31.6
3424.5,31.6
3425.0,31.6
3425.5,31.6
3426.0,31.6
3426.5,31.6
3427.0,31.6
3427.5,31.6
3428.0,31.6
3428.5,31.6
3429.0,31.6
3429.5,31.6
3430.0,31.6
3430.5,31.6
3431.0,31.6
3431.5,31.6
3432.0,31.6
3432.5,31.6
3433.0,31.6
3433.5,31.6
3434.0,31.6
3434.5,31.6
3435.0,31.6
3435.5,31.6
3436.0,31.6
3436.5,31.6
3437.0,31.6
3437.5,31.6
3438.0,31.6
3438.5,31.6
3439.0,31.6
3439.5,31.6
3440.0,31.6
3440.5,31.6
3441.0,31.6
3441.5,31.6
3442.0,31.6
3442.5,31.6
3443.0,31.6
3443.5,31.6
3444.0,31.6
3444.5,31.6
3445.0,31.6
3445.5,31.6
3446.0,31.6
3446.5,31.6
3447.0,31.6
3447.5,31.6
3448.0,31.6
3448.5,31.6
3449.0,31.6
3449.5,31.6
3450.0,31.6
3450.5,31.6
3451.0,31.6
3451.5,31.6
3452.0,31.6
3452.5,31.6
3453.0,31.6
3453.5,31.6
3454.0,31.6
3454.5,31.6
3455.0,31.6
3455.5,31.6
3456.0,31.6
3456.5,31.6
3457.0,31.6
3457.5,31.6
3458.0,31.6
3458.5,31.6
3459.0,31.6
3459.5,31.6
3460.0,31.6
3460.5,31.6
3461.0,31.6
3461.5,31.6
3462.0,31.6
3462.5,31.6
3463.0,31.6
3463.5,31.6
3464.0,31.6
3464.5,31.6
3465.0,31.6
3465.5,31.6
3466.0,31.6
3466.5,31.6
3467.0,31.6
3467.5,31.6
3468.0,31.6
3468.5,31.6
3469.0,31.6
3469.5,31.6
3470.0,31.6
3470.5,31.6
3471.0,31.6
3471.5,31.6
3472.0,31.6
3472.5,31.6
3473.0,31.6
3473.5,31.6
3474.0,31.6
3474.5,31.6
3475.0,31.6
3475.5,31.6
3476.0,31.6
3476.5,31.6
3477.0,31.6
3477.5,31.6
3478.0,31.6
3478.5,31.6
3479.0,31.6
3479.5,31.6
3480.0,31.6
3480.5,31.6
3481.0,31.6
3481.5,31.6
3482.0,31.6
3482.5,31.6
3483.0,31.6
3483.5,31.6
3484.0,31.6
3484.5,31.6
3485.0,31.6
3485.5,31.6
3486.0,31.6
3486.5,31.6
3487.0,31.6
3487.5,31.6
3488.0,31.7
3488.5,31.6
3489.0,31.6
3489.5,31.6
3490.0,31.6
3490.5,31.6
3491.0,31.6
3491.5,31.6
3492.0,31.6
3492.5,31.6
3493.0,31.6
3493.5,31.6
3494.0,31.6
3494.5,31.6
3495.0,31.6
3495.5,31.6
3496.0,31.6
3496.5,31.7
3497.0,31.6
3497.5,31.6
3498.0,31.6
3498.5,31.6
3499.0,31.6
3499.5,31.6
3500.0,31.6
3500.5,31.6
3501.0,31.6
3501.5,31.6
3502.0,31.6
3502.5,31.6
3503.0,31.6
3503.5,31.6
3504.0,31.6
3504.5,31.6
3505.0,31.6
3505.5,31.6
3506.0,31.6
3506.5,31.6
3507.0,31.6
3507.5,31.6
3508.0,31.6
3508.5,31.6
3509.0,31.6
3509.5,31.6
3510.0,31.6
3510.5,31.6
3511.0,31.7
3511.5,31.6
3512.0,31.6
3512.5,31.6
3513.0,31.6
3513.5,31.6
3514.0,31.6
3514.5,31.6
3515.0,31.6
3515.5,31.6
3516.0,31.6
3516.5,31.6
3517.0,31.6
3517.5,31.6
3518.0,31.6
3518.5,31.6
3519.0,31.7
3519.5,31.6
3520.0,31.6
3520.5,31.6
3521.0,31.6
3521.5,31.6
3522.0,31.6
3522.5,31.6
3523.0,31.6
3523.5,31.6
3524.0,31.6
3524.5,31.6
3525.0,31.7
3525.5,31.6
3526.0,31.6
3526.5,31.7
3527.0,31.6
3527.5,31.6
3528.0,31.6
3528.5,31.6
3529.0,31.6
3529.5,31.6
3530.0,31.6
3530.5,31.6
3531.0,31.6
3531.5,31.6
3532.0,31.6
3532.5,31.6
3533.0,31.6
3533.5,31.6
3534.0,31.6
3534.5,31.6
3535.0,31.6
3535.5,31.6
3536.0,31.6
3536.5,31.7
3537.0,31.6
3537.5,31.6
3538.0,31.6
3538.5,31.6
3539.0,31.6
3539.5,31.6
3540.0,31.7
3540.5,31.6
3541.0,31.7
3541.5,31.6
3542.0,31.7
3542.5,31.6
3543.0,31.6
3543.5,31.6
3544.0,31.6
3544.5,31.7
3545.0,31.6
3545.5,31.7
3546.0,31.6
3546.5,31.6
3547.0,31.6
3547.5,31.7
3548.0,31.6
3548.5,31.6
3549.0,31.6
3549.5,31.6
3550.0,31.6
3550.5,31.7
3551.0,31.6
3551.5,31.6
3552.0,31.6
3552.5,31.6
3553.0,31.6
3553.5,31.6
3554.0,31.7
3554.5,31.6
3555.0,31.6
3555.5,31.6
3556.0,31.6
3556.5,31.6
3557.0,31.6
3557.5,31.7
3558.0,31.6
3558.5,31.7
3559.0,31.6
3559.5,31.7
3560.0,31.6
3560.5,31.6
3561.0,31.7
3561.5,31.6
3562.0,31.7
3562.5,31.6
3563.0,31.7
3563.5,31.6
3564.0,31.6
3564.5,31.6
3565.0,31.7
3565.5,31.6
3566.0,31.7
3566.5,31.6
3567.0,31.6
3567.5,31.6
3568.0,31.6
3568.5,31.7
3569.0,31.6
3569.5,31.6
3570.0,31.6
3570.5,31.7
3571.0,31.6
3571.5,31.6
3572.0,31.7
3572.5,31.6
3573.0,31.7
3573.5,31.6
3574.0,31.6
3574.5,31.6
3575.0,31.6
3575.5,31.7
3576.0,31.6
3576.5,31.6
3577.0,31.7
3577.5,31.6
3578.0,31.7
3578.5,31.7
3579.0,31.6
3579.5,31.7
3580.0,31.7
3580.5,31.7
3581.0,31.6
3581.5,31.6
3582.0,31.6
3582.5,31.6
3583.0,31.6
3583.5,31.7
3584.0,31.6
3584.5,31.6
3585.0,31.7
3585.5,31.7
3586.0,31.7
3586.5,31.6
3587.0,31.6
3587.5,31.7
3588.0,31.6
3588.5,31.6
3589.0,31.7
3589.5,31.7
3590.0,31.7
3590.5,31.7
3591.0,31.6
3591.5,31.7
3592.0,31.7
3592.5,31.7
3593.0,31.7
3593.5,31.6
3594.0,31.7
3594.5,31.6
3595.0,31.7
3595.5,31.7
3596.0,31.7
3596.5,31.7
3597.0,31.7
3597.5,31.7
3598.0,31.6
3598.5,31.6
3599.0,31.7
3599.5,31.6
3600.0,31.7
3600.5,31.7
3601.0,31.7
3601.5,31.7
3602.0,31.7
3602.5,31.7
3603.0,31.6
3603.5,31.7
3604.0,31.7
3604.5,31.7
3605.0,31.7
3605.5,31.7
3606.0,31.7
3606.5,31.7
3607.0,31.6
3607.5,31.7
3608.0,31.7
3608.5,31.7
3609.0,31.7
3609.5,31.7
3610.0,31.6
3610.5,31.7
3611.0,31.7
3611.5,31.7
3612.0,31.7
3612.5,31.7
3613.0,31.8
3613.5,31.7
3614.0,31.7
3614.5,31.7
3615.0,31.7
3615.5,31.7
3616.0,31.7
3616.5,31.7
3617.0,31.7
3617.5,31.7
3618.0,31.7
3618.5,31.7
3619.0,31.7
3619.5,31.7
3620.0,31.7
3620.5,31.7
3621.0,31.7
3621.5,31.7
3622.0,31.7
3622.5,31.6
3623.0,31.7
3623.5,31.7
3624.0,31.7
3624.5,31.7
3625.0,31.7
3625.5,31.7
3626.0,31.7
3626.5,31.7
3627.0,31.7
3627.5,31.7
3628.0,31.7
3628.5,31.7
3629.0,31.7
3629.5,31.7
3630.0,31.7
3630.5,31.7
3631.0,31.7
3631.5,31.7
3632.0,31.7
3632.5,31.7
3633.0,31.7
3633.5,31.7
3634.0,31.7
3634.5,31.7
3635.0,31.7
3635.5,31.7
3636.0,31.7
3636.5,31.7
3637.0,31.7
3637.5,31.7
3638.0,31.7
3638.5,31.7
3639.0,31.7
3639.5,31.7
3640.0,31.7
3640.5,31.7
3641.0,31.7
3641.5,31.7
3642.0,31.7
3642.5,31.7
3643.0,31.7
3643.5,31.7
3644.0,31.7
3644.5,31.7
3645.0,31.7
3645.5,31.7
3646.0,31.7
3646.5,31.7
3647.0,31.7
3647.5,31.7
3648.0,31.7
3648.5,31.7
3649.0,31.7
3649.5,31.7
3650.0,31.7
3650.5,31.7
3651.0,31.7
3651.5,31.7
3652.0,31.7
3652.5,31.7
3653.0,31.7
3653.5,31.7
3654.0,31.7
3654.5,31.7
3655.0,31.7
3655.5,31.7
3656.0,31.7
3656.5,31.7
3657.0,31.7
3657.5,31.7
3658.0,31.7
3658.5,31.7
3659.0,31.7
3659.5,31.7
3660.0,31.7
3660.5,31.7
3661.0,31.7
3661.5,31.7
3662.0,31.7
3662.5,31.7
3663.0,31.7
3663.5,31.7
3664.0,31.7
3664.5,31.7
3665.0,31.7
3665.5,31.7
3666.0,31.7
3666.5,31.7
3667.0,31.7
3667.5,31.7
3668.0,31.7
3668.5,31.7
3669.0,31.7
3669.5,31.7
3670.0,31.7
3670.5,31.7
3671.0,31.7
3671.5,31.8
3672.0,31.7
3672.5,31.7
3673.0,31.7
3673.5,31.7
3674.0,31.7
3674.5,31.7
3675.0,31.7
3675.5,31.7
3676.0,31.7
3676.5,31.7
3677.0,31.7
3677.5,31.7
3678.0,31.7
3678.5,31.7
3679.0,31.7
3679.5,31.7
3680.0,31.7
3680.5,31.7
3681.0,31.7
3681.5,31.7
3682.0,31.7
3682.5,31.7
3683.0,31.7
3683.5,31.7
3684.0,31.7
3684.5,31.7
3685.0,31.7
3685.5,31.7
3686.0,31.7
3686.5,31.7
3687.0,31.7
3687.5,31.7
3688.0,31.7
3688.5,31.7
3689.0,31.7
3689.5,31.7
3690.0,31.7
3690.5,31.7
3691.0,31.7
3691.5,31.7
3692.0,31.7
3692.5,31.7
3693.0,31.7
3693.5,31.7
3694.0,31.7
3694.5,31.7
3695.0,31.7
3695.5,31.7
3696.0,31.7
3696.5,31.7
3697.0,31.7
3697.5,31.7
3698.0,31.7
3698.5,31.7
3699.0,31.7
3699.5,31.7
3700.0,31.7
3700.5,31.7
3701.0,31.7
3701.5,31.7
3702.0,31.7
3702.5,31.7
3703.0,31.8
3703.5,31.7
3704.0,31.7
3704.5,31.7
3705.0,31.7
3705.5,31.7
3706.0,31.7
3706.5,31.7
3707.0,31.7
3707.5,31.7
3708.0,31.7
3708.5,31.7
3709.0,31.7
3709.5,31.7
3710.0,31.7
3710.5,31.8
3711.0,31.7
3711.5,31.7
3712.0,31.7
3712.5,31.7
3713.0,31.7
3713.5,31.7
3714.0,31.7
3714.5,31.7
3715.0,31.7
3715.5,31.8
3716.0,31.7
3716.5,31.7
3717.0,31.7
3717.5,31.8
3718.0,31.7
3718.5,31.7
3719.0,31.7
3719.5,31.7
3720.0,31.7
3720.5,31.7
3721.0,31.7
3721.5,31.7
3722.0,31.7
3722.5,31.7
3723.0,31.7
3723.5,31.8
3724.0,31.7
3724.5,31.8
3725.0,31.7
3725.5,31.7
3726.0,31.7
3726.5,31.7
3727.0,31.7
3727.5,31.7
3728.0,31.7
3728.5,31.7
3729.0,31.7
3729.5,31.7
3730.0,31.8
3730.5,31.7
3731.0,31.7
3731.5,31.7
3732.0,31.7
3732.5,31.7
3733.0,31.7
3733.5,31.7
3734.0,31.7
3734.5,31.7
3735.0,31.7
3735.5,31.7
3736.0,31.7
3736.5,31.7
3737.0,31.7
3737.5,31.7
3738.0,31.7
3738.5,31.7
3739.0,31.7
3739.5,31.7
3740.0,31.7
3740.5,31.7
3741.0,31.7
3741.5,31.7
3742.0,31.7
3742.5,31.7
3743.0,31.8
3743.5,31.7
3744.0,31.7
3744.5,31.7
3745.0,31.7
3745.5,31.7
3746.0,31.7
3746.5,31.7
3747.0,31.7
3747.5,31.7
3748.0,31.7
3748.5,31.7
3749.0,31.7
3749.5,31.7
3750.0,31.7
3750.5,31.7
3751.0,31.7
3751.5,31.7
3752.0,31.7
3752.5,31.7
3753.0,31.7
3753.5,31.7
3754.0,31.7
3754.5,31.7
3755.0,31.7
3755.5,31.7
3756.0,31.7
3756.5,31.7
3757.0,31.7
3757.5,31.7
3758.0,31.7
3758.5,31.7
3759.0,31.7
3759.5,31.7
3760.0,31.7
3760.5,31.7
3761.0,31.7
3761.5,31.7
3762.0,31.7
3762.5,31.7
3763.0,31.7
3763.5,31.7
3764.0,31.7
3764.5,31.7
3765.0,31.7
3765.5,31.7
3766.0,31.7
3766.5,31.7
3767.0,31.7
3767.5,31.7
3768.0,31.8
3768.5,31.7
3769.0,31.7
3769.5,31.7
3770.0,31.7
3770.5,31.7
3771.0,31.7
3771.5,31.7
3772.0,31.7
3772.5,31.7
3773.0,31.7
3773.5,31.7
3774.0,31.7
3774.5,31.7
3775.0,31.7
3775.5,31.7
3776.0,31.7
3776.5,31.7
3777.0,31.7
3777.5,31.7
3778.0,31.7
3778.5,31.7
3779.0,31.7
3779.5,31.7
3780.0,31.7
3780.5,31.7
3781.0,31.7
3781.5,31.7
3782.0,31.7
3782.5,31.7
3783.0,31.7
3783.5,31.7
3784.0,31.7
3784.5,31.7
3785.0,31.7
3785.5,31.7
3786.0,31.7
3786.5,31.7
3787.0,31.7
3787.5,31.7
3788.0,31.7
3788.5,31.7
3789.0,31.7
3789.5,31.7
3790.0,31.7
3790.5,31.7
3791.0,31.7
3791.5,31.7
3792.0,31.7
3792.5,31.7
3793.0,31.7
3793.5,31.7
3794.0,31.7
3794.5,31.7
3795.0,31.7
3795.5,31.7
3796.0,31.7
3796.5,31.7
3797.0,31.7
3797.5,31.7
3798.0,31.7
3798.5,31.7
3799.0,31.7
3799.5,31.7
3800.0,31.7
3800.5,31.7
3801.0,31.7
3801.5,31.7
3802.0,31.7
3802.5,31.7
3803.0,31.7
3803.5,31.7
3804.0,31.7
3804.5,31.7
3805.0,31.7
3805.5,31.7
3806.0,31.7
3806.5,31.7
3807.0,31.7
3807.5,31.7
3808.0,31.7
3808.5,31.7
3809.0,31.7
3809.5,31.7
3810.0,31.7
3810.5,31.7
3811.0,31.7
3811.5,31.7
3812.0,31.7
3812.5,31.7
3813.0,31.7
3813.5,31.7
3814.0,31.7
3814.5,31.7
3815.0,31.7
3815.5,31.7
3816.0,31.7
3816.5,31.7
3817.0,31.7
3817.5,31.7
3818.0,31.7
3818.5,31.7
3819.0,31.7
3819.5,31.7
3820.0,31.7
3820.5,31.7
3821.0,31.7
3821.5,31.7
3822.0,31.7
3822.5,31.7
3823.0,31.7
3823.5,31.7
3824.0,31.7
3824.5,31.7
3825.0,31.7
3825.5,31.7
3826.0,31.7
3826.5,31.7
3827.0,31.7
3827.5,31.7
3828.0,31.7
3828.5,31.7
3829.0,31.7
3829.5,31.7
3830.0,31.7
3830.5,31.7
3831.0,31.7
3831.5,31.7
3832.0,31.7
3832.5,31.7
3833.0,31.7
3833.5,31.7
3834.0,31.7
3834.5,31.7
3835.0,31.6
3835.5,31.7
3836.0,31.7
3836.5,31.7
3837.0,31.7
3837.5,31.7
3838.0,31.7
3838.5,31.7
3839.0,31.7
3839.5,31.7
3840.0,31.6
3840.5,31.7
3841.0,31.7
3841.5,31.6
3842.0,31.7
3842.5,31.7
3843.0,31.7
3843.5,31.7
3844.0,31.7
3844.5,31.7
3845.0,31.7
3845.5,31.7
3846.0,31.7
3846.5,31.7
3847.0,31.7
3847.5,31.7
3848.0,31.7
3848.5,31.7
3849.0,31.7
3849.5,31.7
3850.0,31.7
3850.5,31.6
3851.0,31.7
3851.5,31.7
3852.0,31.7
3852.5,31.7
3853.0,31.7
3853.5,31.7
3854.0,31.7
3854.5,31.7
3855.0,31.6
3855.5,31.7
3856.0,31.7
3856.5,31.7
3857.0,31.6
3857.5,31.7
3858.0,31.7
3858.5,31.7
3859.0,31.6
3859.5,31.6
3860.0,31.7
3860.5,31.6
3861.0,31.7
3861.5,31.7
3862.0,31.7
3862.5,31.7
3863.0,31.6
3863.5,31.7
3864.0,31.7
3864.5,31.7
3865.0,31.7
3865.5,31.6
3866.0,31.7
3866.5,31.6
3867.0,31.7
3867.5,31.7
3868.0,31.7
3868.5,31.7
3869.0,31.7
3869.5,31.7
3870.0,31.7
3870.5,31.7
3871.0,31.7
3871.5,31.6
3872.0,31.6
3872.5,31.6
3873.0,31.7
3873.5,31.7
3874.0,31.7
3874.5,31.6
3875.0,31.6
3875.5,31.7
3876.0,31.6
3876.5,31.7
3877.0,31.6
3877.5,31.7
3878.0,31.7
3878.5,31.6
3879.0,31.7
3879.5,31.6
3880.0,31.7
3880.5,31.7
3881.0,31.7
3881.5,31.7
3882.0,31.6
3882.5,31.6
3883.0,31.6
3883.5,31.7
3884.0,31.7
3884.5,31.6
3885.0,31.7
3885.5,31.7
3886.0,31.7
3886.5,31.7
3887.0,31.7
3887.5,31.6
3888.0,31.7
3888.5,31.7
3889.0,31.6
3889.5,31.7
3890.0,31.6
3890.5,31.7
3891.0,31.6
3891.5,31.6
3892.0,31.6
3892.5,31.7
3893.0,31.6
3893.5,31.6
3894.0,31.7
3894.5,31.7
3895.0,31.7
3895.5,31.6
3896.0,31.7
3896.5,31.7
3897.0,31.7
3897.5,31.6
3898.0,31.6
3898.5,31.6
3899.0,31.6
3899.5,31.7
3900.0,31.7
3900.5,31.6
3901.0,31.6
3901.5,31.7
3902.0,31.7
3902.5,31.6
3903.0,31.6
3903.5,31.6
3904.0,31.7
3904.5,31.6
3905.0,31.6
3905.5,31.6
3906.0,31.6
3906.5,31.6
3907.0,31.7
3907.5,31.7
3908.0,31.7
3908.5,31.6
3909.0,31.7
3909.5,31.6
3910.0,31.7
3910.5,31.6
3911.0,31.6
3911.5,31.7
3912.0,31.7
3912.5,31.7
3913.0,31.6
3913.5,31.6
3914.0,31.7
3914.5,31.6
3915.0,31.6
3915.5,31.6
3916.0,31.6
3916.5,31.7
3917.0,31.7
3917.5,31.7
3918.0,31.6
3918.5,31.6
3919.0,31.6
3919.5,31.6
3920.0,31.6
3920.5,31.6
3921.0,31.6
3921.5,31.6
3922.0,31.6
3922.5,31.6
3923.0,31.7
3923.5,31.6
3924.0,31.7
3924.5,31.6
3925.0,31.6
3925.5,31.6
3926.0,31.6
3926.5,31.6
3927.0,31.6
3927.5,31.6
3928.0,31.6
3928.5,31.6
3929.0,31.6
3929.5,31.6
3930.0,31.6
3930.5,31.6
3931.0,31.6
3931.5,31.7
3932.0,31.6
3932.5,31.7
3933.0,31.7
3933.5,31.7
3934.0,31.6
3934.5,31.6
3935.0,31.6
3935.5,31.7
3936.0,31.6
3936.5,31.6
3937.0,31.6
3937.5,31.7
3938.0,31.6
3938.5,31.6
3939.0,31.6
3939.5,31.6
3940.0,31.7
3940.5,31.6
3941.0,31.6
3941.5,31.7
3942.0,31.6
3942.5,31.6
3943.0,31.6
3943.5,31.7
3944.0,31.7
3944.5,31.6
3945.0,31.6
3945.5,31.6
3946.0,31.6
3946.5,31.6
3947.0,31.6
3947.5,31.6
3948.0,31.6
3948.5,31.7
3949.0,31.7
3949.5,31.6
3950.0,31.6
3950.5,31.6
3951.0,31.6
3951.5,31.6
3952.0,31.6
3952.5,31.6
3953.0,31.6
3953.5,31.7
3954.0,31.6
3954.5,31.6
3955.0,31.7
3955.5,31.7
3956.0,31.6
3956.5,31.6
3957.0,31.6
3957.5,31.6
3958.0,31.6
3958.5,31.6
3959.0,31.7
3959.5,31.6
3960.0,31.6
3960.5,31.6
3961.0,31.6
3961.5,31.6
3962.0,31.6
3962.5,31.6
3963.0,31.6
3963.5,31.7
3964.0,31.7
3964.5,31.6
3965.0,31.6
3965.5,31.6
3966.0,31.6
3966.5,31.6
3967.0,31.6
3967.5,31.6
3968.0,31.6
3968.5,31.6
3969.0,31.6
3969.5,31.6
3970.0,31.6
3970.5,31.6
3971.0,31.7
3971.5,31.6
3972.0,31.6
3972.5,31.6
3973.0,31.6
3973.5,31.6
3974.0,31.6
3974.5,31.7
3975.0,31.6
3975.5,31.6
3976.0,31.6
3976.5,31.6
3977.0,31.6
3977.5,31.6
3978.0,31.6
3978.5,31.6
3979.0,31.6
3979.5,31.6
3980.0,31.6
3980.5,31.6
3981.0,31.6
3981.5,31.6
3982.0,31.6
3982.5,31.6
3983.0,31.6
3983.5,31.6
3984.0,31.6
3984.5,31.6
3985.0,31.6
3985.5,31.6
3986.0,31.6
3986.5,31.6
3987.0,31.6
3987.5,31.6
3988.0,31.6
3988.5,31.6
3989.0,31.6
3989.5,31.6
3990.0,31.6
3990.5,31.6
3991.0,31.6
3991.5,31.6
3992.0,31.6
3992.5,31.6
3993.0,31.6
3993.5,31.6
3994.0,31.6
3994.5,31.6
3995.0,31.7
3995.5,31.6
3996.0,31.6
3996.5,31.6
3997.0,31.6
3997.5,31.6
3998.0,31.6
3998.5,31.6
3999.0,31.6
3999.5,31.6
4000.0,31.6
4000.5,31.6
4001.0,31.6
4001.5,31.6
4002.0,31.6
4002.5,31.6
4003.0,31.6
4003.5,31.6
4004.0,31.6
4004.5,31.6
4005.0,31.6
4005.5,31.6
4006.0,31.6
4006.5,31.6
4007.0,31.6
4007.5,31.6
4008.0,31.6
4008.5,31.6
4009.0,31.6
4009.5,31.6
4010.0,31.6
4010.5,31.6
4011.0,31.6
4011.5,31.6
4012.0,31.6
4012.5,31.6
4013.0,31.6
4013.5,31.6
4014.0,31.6
4014.5,31.6
4015.0,31.6
4015.5,31.6
4016.0,31.6
4016.5,31.7
4017.0,31.6
4017.5,31.6
4018.0,31.6
4018.5,31.6
4019.0,31.6
4019.5,31.6
4020.0,31.6
4020.5,31.6
4021.0,31.6
4021.5,31.6
4022.0,31.6
4022.5,31.7
4023.0,31.6
4023.5,31.6
4024.0,31.6
4024.5,31.6
4025.0,31.6
4025.5,31.6
4026.0,31.6
4026.5,31.6
4027.0,31.6
4027.5,31.6
4028.0,31.6
4028.5,31.6
4029.0,31.6
4029.5,31.6
4030.0,31.6
4030.5,31.6
4031.0,31.6
4031.5,31.6
4032.0,31.6
4032.5,31.6
4033.0,31.6
4033.5,31.6
4034.0,31.6
4034.5,31.6
4035.0,31.6
4035.5,31.6
4036.0,31.6
4036.5,31.6
4037.0,31.6
4037.5,31.6
4038.0,31.6
4038.5,31.6
4039.0,31.6
4039.5,31.6
4040.0,31.6
4040.5,31.6
4041.0,31.6
4041.5,31.6
4042.0,31.6
4042.5,31.6
4043.0,31.6
4043.5,31.6
4044.0,31.6
4044.5,31.6
4045.0,31.6
4045.5,31.6
4046.0,31.6
4046.5,31.6
4047.0,31.6
4047.5,31.6
4048.0,31.6
4048.5,31.6
4049.0,31.6
4049.5,31.6
4050.0,31.6
4050.5,31.6
4051.0,31.6
4051.5,31.6
4052.0,31.6
4052.5,31.6
4053.0,31.6
4053.5,31.6
4054.0,31.6
4054.5,31.6
4055.0,31.6
4055.5,31.6
4056.0,31.6
4056.5,31.6
4057.0,31.6
4057.5,31.6
4058.0,31.6
4058.5,31.6
4059.0,31.6
4059.5,31.6
4060.0,31.6
4060.5,31.6
4061.0,31.6
4061.5,31.6
4062.0,31.6
4062.5,31.6
4063.0,31.6
4063.5,31.6
4064.0,31.6
4064.5,31.6
4065.0,31.6
4065.5,31.6
4066.0,31.6
4066.5,31.6
4067.0,31.6
4067.5,31.6
4068.0,31.6
4068.5,31.6
4069.0,31.6
4069.5,31.6
4070.0,31.6
4070.5,31.6
4071.0,31.6
4071.5,31.7
4072.0,31.6
4072.5,31.6
4073.0,31.6
4073.5,31.6
4074.0,31.6
4074.5,31.6
4075.0,31.6
4075.5,31.7
4076.0,31.6
4076.5,31.6
4077.0,31.6
4077.5,31.6
4078.0,31.6
4078.5,31.6
4079.0,31.6
4079.5,31.6
4080.0,31.6
4080.5,31.6
4081.0,31.6
4081.5,31.6
4082.0,31.6
4082.5,31.6
4083.0,31.6
4083.5,31.6
4084.0,31.6
4084.5,31.6
4085.0,31.6
4085.5,31.6
4086.0,31.6
4086.5,31.6
4087.0,31.6
4087.5,31.6
4088.0,31.6
4088.5,31.6
4089.0,31.6
4089.5,31.6
4090.0,31.6
4090.5,31.6
4091.0,31.6
4091.5,31.6
4092.0,31.6
4092.5,31.6
4093.0,31.6
4093.5,31.6
4094.0,31.6
4094.5,31.6
4095.0,31.6
4095.5,31.6
4096.0,31.6
4096.5,31.6
4097.0,31.6
4097.5,31.6
4098.0,31.6
4098.5,31.6
4099.0,31.6
4099.5,31.6
4100.0,31.6
4100.5,31.6
4101.0,31.6
4101.5,31.6
4102.0,31.6
4102.5,31.6
4103.0,31.6
4103.5,31.6
4104.0,31.6
4104.5,31.6
4105.0,31.6
4105.5,31.6
4106.0,31.6
4106.5,31.6
4107.0,31.6
4107.5,31.6
4108.0,31.6
4108.5,31.6
4109.0,31.6
4109.5,31.6
4110.0,31.6
4110.5,31.6
4111.0,31.6
4111.5,31.6
4112.0,31.6
4112.5,31.6
4113.0,31.6
4113.5,31.6
4114.0,31.6
4114.5,31.6
4115.0,31.6
4115.5,31.6
4116.0,31.6
4116.5,31.6
4117.0,31.6
4117.5,31.6
4118.0,31.6
4118.5,31.6
4119.0,31.6
4119.5,31.6
4120.0,31.6
4120.5,31.6
4121.0,31.6
4121.5,31.6
4122.0,31.6
4122.5,31.6
4123.0,31.6
4123.5,31.6
4124.0,31.6
4124.5,31.6
4125.0,31.6
4125.5,31.6
4126.0,31.6
4126.5,31.7
4127.0,31.6
4127.5,31.6
4128.0,31.6
4128.5,31.6
4129.0,31.6
4129.5,31.6
4130.0,31.6
4130.5,31.6
4131.0,31.6
4131.5,31.6
4132.0,31.6
4132.5,31.6
4133.0,31.6
4133.5,31.6
4134.0,31.6
4134.5,31.6
4135.0,31.6
4135.5,31.6
4136.0,31.6
4136.5,31.6
4137.0,31.6
4137.5,31.6
4138.0,31.6
4138.5,31.6
4139.0,31.6
4139.5,31.6
4140.0,31.6
4140.5,31.6
4141.0,31.6
4141.5,31.6
4142.0,31.6
4142.5,31.6
4143.0,31.6
4143.5,31.6
4144.0,31.6
4144.5,31.6
4145.0,31.6
4145.5,31.6
4146.0,31.6
4146.5,31.6
4147.0,31.6
4147.5,31.6
4148.0,31.7
4148.5,31.6
4149.0,31.6
4149.5,31.6
4150.0,31.6
4150.5,31.6
4151.0,31.6
4151.5,31.6
4152.0,31.6
4152.5,31.6
4153.0,31.6
4153.5,31.6
4154.0,31.6
4154.5,31.6
4155.0,31.6
4155.5,31.6
4156.0,31.6
4156.5,31.6
4157.0,31.6
4157.5,31.6
4158.0,31.6
4158.5,31.6
4159.0,31.6
4159.5,31.6
4160.0,31.6
4160.5,31.6
4161.0,31.6
4161.5,31.6
4162.0,31.6
4162.5,31.6
4163.0,31.6
4163.5,31.6
4164.0,31.6
4164.5,31.6
4165.0,31.6
4165.5,31.6
4166.0,31.6
4166.5,31.6
4167.0,31.6
4167.5,31.6
4168.0,31.6
4168.5,31.6
4169.0,31.7
4169.5,31.7
4170.0,31.7
4170.5,31.6
4171.0,31.6
4171.5,31.6
4172.0,31.6
4172.5,31.6
4173.0,31.6
4173.5,31.6
4174.0,31.6
4174.5,31.6
4175.0,31.6
4175.5,31.6
4176.0,31.6
4176.5,31.6
4177.0,31.6
4177.5,31.6
4178.0,31.6
4178.5,31.6
4179.0,31.6
4179.5,31.6
4180.0,31.6
4180.5,31.6
4181.0,31.6
4181.5,31.6
4182.0,31.7
4182.5,31.6
4183.0,31.6
4183.5,31.6
4184.0,31.6
4184.5,31.6
4185.0,31.6
4185.5,31.6
4186.0,31.6
4186.5,31.6
4187.0,31.6
4187.5,31.6
4188.0,31.7
4188.5,31.6
4189.0,31.6
4189.5,31.6
4190.0,31.7
4190.5,31.7
4191.0,31.7
4191.5,31.6
4192.0,31.6
4192.5,31.6
4193.0,31.6
4193.5,31.6
4194.0,31.6
4194.5,31.6
4195.0,31.6
4195.5,31.6
4196.0,31.6
4196.5,31.6
4197.0,31.6
4197.5,31.6
4198.0,31.6
4198.5,31.7
4199.0,31.6
4199.5,31.6
4200.0,31.6
4200.5,31.6
4201.0,31.6
4201.5,31.6
4202.0,31.6
4202.5,31.7
4203.0,31.6
4203.5,31.6
4204.0,31.6
4204.5,31.6
4205.0,31.6
4205.5,31.6
4206.0,31.6
4206.5,31.6
4207.0,31.6
4207.5,31.7
4208.0,31.7
4208.5,31.7
4209.0,31.6
4209.5,31.6
4210.0,31.6
4210.5,31.6
4211.0,31.6
4211.5,31.6
4212.0,31.6
4212.5,31.6
4213.0,31.7
4213.5,31.6
4214.0,31.7
4214.5,31.7
4215.0,31.7
4215.5,31.6
4216.0,31.6
4216.5,31.6
4217.0,31.6
4217.5,31.6
4218.0,31.6
4218.5,31.6
4219.0,31.6
4219.5,31.6
4220.0,31.6
4220.5,31.6
4221.0,31.6
4221.5,31.6
4222.0,31.6
4222.5,31.6
4223.0,31.6
4223.5,31.6
4224.0,31.6
4224.5,31.6
4225.0,31.7
4225.5,31.6
4226.0,31.6
4226.5,31.6
4227.0,31.7
4227.5,31.6
4228.0,31.7
4228.5,31.6
4229.0,31.6
4229.5,31.6
4230.0,31.6
4230.5,31.6
4231.0,31.7
4231.5,31.6
4232.0,31.7
4232.5,31.6
4233.0,31.6
4233.5,31.7
4234.0,31.6
4234.5,31.6
4235.0,31.6
4235.5,31.6
4236.0,31.7
4236.5,31.6
4237.0,31.7
4237.5,31.7
4238.0,31.6
4238.5,31.7
4239.0,31.7
4239.5,31.7
4240.0,31.6
4240.5,31.6
4241.0,31.6
4241.5,31.7
4242.0,31.6
4242.5,31.6
4243.0,31.6
4243.5,31.6
4244.0,31.7
4244.5,31.7
4245.0,31.7
4245.5,31.7
4246.0,31.6
4246.5,31.6
4247.0,31.7
4247.5,31.7
4248.0,31.6
4248.5,31.6
4249.0,31.6
4249.5,31.6
4250.0,31.6
4250.5,31.7
4251.0,31.7
4251.5,31.7
4252.0,31.6
4252.5,31.7
4253.0,31.6
4253.5,31.6
4254.0,31.7
4254.5,31.6
4255.0,31.7
4255.5,31.7
4256.0,31.6
4256.5,31.7
4257.0,31.7
4257.5,31.6
4258.0,31.7
4258.5,31.6
4259.0,31.7
4259.5,31.7
4260.0,31.7
4260.5,31.7
4261.0,31.6
4261.5,31.7
4262.0,31.7
4262.5,31.7
4263.0,31.6
4263.5,31.7
4264.0,31.6
4264.5,31.6
4265.0,31.7
4265.5,31.7
4266.0,31.7
4266.5,31.6
4267.0,31.6
4267.5,31.6
4268.0,31.6
4268.5,31.6
4269.0,31.7
4269.5,31.7
4270.0,31.7
4270.5,31.7
4271.0,31.7
4271.5,31.7
4272.0,31.6
4272.5,31.6
4273.0,31.7
4273.5,31.7
4274.0,31.6
4274.5,31.7
4275.0,31.7
4275.5,31.7
4276.0,31.6
4276.5,31.7
4277.0,31.7
4277.5,31.7
4278.0,31.7
4278.5,31.7
4279.0,31.7
4279.5,31.7
4280.0,31.7
4280.5,31.6
4281.0,31.7
4281.5,31.7
4282.0,31.6
4282.5,31.7
4283.0,31.7
4283.5,31.7
4284.0,31.7
4284.5,31.7
4285.0,31.7
4285.5,31.7
4286.0,31.6
4286.5,31.7
4287.0,31.7
4287.5,31.7
4288.0,31.7
4288.5,31.7
4289.0,31.7
4289.5,31.6
4290.0,31.6
4290.5,31.7
4291.0,31.7
4291.5,31.6
4292.0,31.7
4292.5,31.7
4293.0,31.7
4293.5,31.7
4294.0,31.7
4294.5,31.7
4295.0,31.7
4295.5,31.7
4296.0,31.7
4296.5,31.7
4297.0,31.7
4297.5,31.7
4298.0,31.7
4298.5,31.7
4299.0,31.6
4299.5,31.7
4300.0,31.7
4300.5,31.6
4301.0,31.7
4301.5,31.7
4302.0,31.7
4302.5,31.7
4303.0,31.7
4303.5,31.7
4304.0,31.7
4304.5,31.7
4305.0,31.7
4305.5,31.7
4306.0,31.7
4306.5,31.7
4307.0,31.7
4307.5,31.7
4308.0,31.7
4308.5,31.7
4309.0,31.7
4309.5,31.7
4310.0,31.7
4310.5,31.7
4311.0,31.7
4311.5,31.7
4312.0,31.7
4312.5,31.7
4313.0,31.7
4313.5,31.7
4314.0,31.7
4314.5,31.7
4315.0,31.7
4315.5,31.7
4316.0,31.7
4316.5,31.7
4317.0,31.7
4317.5,31.7
4318.0,31.7
4318.5,31.7
4319.0,31.7
4319.5,31.7
4320.0,31.7
4320.5,31.7
4321.0,31.7
4321.5,31.7
4322.0,31.7
4322.5,31.7
4323.0,31.7
4323.5,31.7
4324.0,31.7
4324.5,31.7
4325.0,31.7
4325.5,31.7
4326.0,31.7
4326.5,31.7
4327.0,31.7
4327.5,31.7
4328.0,31.7
4328.5,31.7
4329.0,31.7
4329.5,31.7
4330.0,31.7
4330.5,31.7
4331.0,31.7
4331.5,31.7
4332.0,31.7
4332.5,31.7
4333.0,31.7
4333.5,31.7
4334.0,31.7
4334.5,31.7
4335.0,31.7
4335.5,31.7
4336.0,31.7
4336.5,31.7
4337.0,31.8
4337.5,31.7
4338.0,31.7
4338.5,31.8
4339.0,31.7
4339.5,31.7
4340.0,31.7
4340.5,31.7
4341.0,31.8
4341.5,31.7
4342.0,31.7
4342.5,31.7
4343.0,31.7
4343.5,31.7
4344.0,31.7
4344.5,31.7
4345.0,31.7
4345.5,31.7
4346.0,31.7
4346.5,31.7
4347.0,31.7
4347.5,31.7
4348.0,31.7
4348.5,31.7
4349.0,31.8
4349.5,31.7
4350.0,31.7
4350.5,31.7
4351.0,31.7
4351.5,31.7
4352.0,31.7
4352.5,31.8
4353.0,31.7
4353.5,31.7
4354.0,31.7
4354.5,31.7
4355.0,31.7
4355.5,31.7
4356.0,31.7
4356.5,31.7
4357.0,31.7
4357.5,31.7
4358.0,31.7
4358.5,31.7
4359.0,31.7
4359.5,31.7
4360.0,31.7
4360.5,31.8
4361.0,31.7
4361.5,31.8
4362.0,31.7
4362.5,31.7
4363.0,31.8
4363.5,31.8
4364.0,31.7
4364.5,31.7
4365.0,31.7
4365.5,31.8
4366.0,31.8
4366.5,31.7
4367.0,31.8
4367.5,31.7
4368.0,31.8
4368.5,31.8
4369.0,31.7
4369.5,31.7
4370.0,31.7
4370.5,31.7
4371.0,31.8
4371.5,31.8
4372.0,31.8
4372.5,31.8
4373.0,31.7
4373.5,31.7
4374.0,31.8
4374.5,31.7
4375.0,31.8
4375.5,31.8
4376.0,31.8
4376.5,31.8
4377.0,31.7
4377.5,31.7
4378.0,31.7
4378.5,31.7
4379.0,31.8
4379.5,31.8
4380.0,31.8
4380.5,31.8
4381.0,31.7
4381.5,31.8
4382.0,31.8
4382.5,31.8
4383.0,31.7
4383.5,31.8
4384.0,31.8
4384.5,31.8
4385.0,31.8
4385.5,31.8
4386.0,31.8
4386.5,31.8
4387.0,31.8
4387.5,31.8
4388.0,31.8
4388.5,31.7
4389.0,31.8
4389.5,31.8
4390.0,31.8
4390.5,31.8
4391.0,31.8
4391.5,31.8
4392.0,31.8
4392.5,31.8
4393.0,31.8
4393.5,31.7
4394.0,31.8
4394.5,31.8
4395.0,31.8
4395.5,31.8
4396.0,31.8
4396.5,31.8
4397.0,31.8
4397.5,31.8
4398.0,31.8
4398.5,31.8
4399.0,31.8
4399.5,31.8
4400.0,31.8
4400.5,31.8
4401.0,31.8
4401.5,31.8
4402.0,31.8
4402.5,31.8
4403.0,31.8
4403.5,31.8
4404.0,31.8
4404.5,31.8
4405.0,31.8
4405.5,31.8
4406.0,31.8
4406.5,31.8
4407.0,31.8
4407.5,31.8
4408.0,31.8
4408.5,31.8
4409.0,31.8
4409.5,31.8
4410.0,31.8
4410.5,31.8
4411.0,31.8
4411.5,31.8
4412.0,31.8
4412.5,31.8
4413.0,31.8
4413.5,31.8
4414.0,31.8
4414.5,31.8
4415.0,31.8
4415.5,31.8
4416.0,31.8
4416.5,31.8
4417.0,31.8
4417.5,31.8
4418.0,31.8
4418.5,31.8
4419.0,31.8
4419.5,31.8
4420.0,31.8
4420.5,31.8
4421.0,31.8
4421.5,31.8
4422.0,31.8
4422.5,31.8
4423.0,31.8
4423.5,31.8
4424.0,31.8
4424.5,31.8
4425.0,31.8
4425.5,31.8
4426.0,31.8
4426.5,31.8
4427.0,31.8
4427.5,31.8
4428.0,31.8
4428.5,31.8
4429.0,31.8
4429.5,31.8
4430.0,31.8
4430.5,31.8
4431.0,31.8
4431.5,31.8
4432.0,31.8
4432.5,31.9
4433.0,31.8
4433.5,31.8
4434.0,31.8
4434.5,31.8
4435.0,31.8
4435.5,31.8
4436.0,31.8
4436.5,31.8
4437.0,31.8
4437.5,31.8
4438.0,31.8
4438.5,31.8
4439.0,31.8
4439.5,31.8
4440.0,31.8
4440.5,31.8
4441.0,31.8
4441.5,31.8
4442.0,31.8
4442.5,31.8
4443.0,31.8
4443.5,31.8
4444.0,31.8
4444.5,31.8
4445.0,31.8
4445.5,31.8
4446.0,31.8
4446.5,31.8
4447.0,31.8
4447.5,31.8
4448.0,31.8
4448.5,31.8
4449.0,31.8
4449.5,31.8
4450.0,31.8
4450.5,31.8
4451.0,31.8
4451.5,31.8
4452.0,31.9
4452.5,31.9
4453.0,31.8
4453.5,31.9
4454.0,31.9
4454.5,31.9
4455.0,31.8
4455.5,31.8
4456.0,31.8
4456.5,31.8
4457.0,31.8
4457.5,31.8
4458.0,31.9
4458.5,31.8
4459.0,31.8
4459.5,31.8
4460.0,31.8
4460.5,31.8
4461.0,31.8
4461.5,31.8
4462.0,31.9
4462.5,31.8
4463.0,31.8
4463.5,31.8
4464.0,31.8
4464.5,31.8
4465.0,31.8
4465.5,31.8
4466.0,31.9
4466.5,31.8
4467.0,31.8
4467.5,31.9
4468.0,31.8
4468.5,31.8
4469.0,31.8
4469.5,31.9
4470.0,31.9
4470.5,31.8
4471.0,31.9
4471.5,31.9
4472.0,31.8
4472.5,31.8
4473.0,31.9
4473.5,31.9
4474.0,31.9
4474.5,31.8
4475.0,31.8
4475.5,31.8
4476.0,31.8
4476.5,31.8
4477.0,31.8
4477.5,31.8
4478.0,31.8
4478.5,31.9
4479.0,31.8
4479.5,31.9
4480.0,31.9
4480.5,31.9
4481.0,31.9
4481.5,31.9
4482.0,31.8
4482.5,31.8
4483.0,31.8
4483.5,31.8
4484.0,31.8
4484.5,31.9
4485.0,31.8
4485.5,31.9
4486.0,31.9
4486.5,31.9
4487.0,31.9
4487.5,31.9
4488.0,31.9
4488.5,31.9
4489.0,31.8
4489.5,31.8
4490.0,31.9
4490.5,31.9
4491.0,31.9
4491.5,31.8
4492.0,31.9
4492.5,31.8
4493.0,31.9
4493.5,31.9
4494.0,31.8
4494.5,31.8
4495.0,31.8
4495.5,31.8
4496.0,31.9
4496.5,31.9
4497.0,31.8
4497.5,31.9
4498.0,31.9
4498.5,31.8
4499.0,31.8
4499.5,31.8
4500.0,31.8
4500.5,31.9
4501.0,31.8
4501.5,31.8
4502.0,31.9
4502.5,31.8
4503.0,31.8
4503.5,31.8
4504.0,31.9
4504.5,31.9
4505.0,31.8
4505.5,31.9
4506.0,31.8
4506.5,31.9
4507.0,31.9
4507.5,31.8
4508.0,31.9
4508.5,31.8
4509.0,31.8
4509.5,31.9
4510.0,31.9
4510.5,31.8
4511.0,31.8
4511.5,31.9
4512.0,31.9
4512.5,31.9
4513.0,31.9
4513.5,31.8
4514.0,31.9
4514.5,31.9
4515.0,31.9
4515.5,31.9
4516.0,31.9
4516.5,31.9
4517.0,31.8
4517.5,31.9
4518.0,31.9
4518.5,31.9
4519.0,31.9
4519.5,31.9
4520.0,31.9
4520.5,31.9
4521.0,31.9
4521.5,31.9
4522.0,31.8
4522.5,31.9
4523.0,31.9
4523.5,31.8
4524.0,31.9
4524.5,31.9
4525.0,31.9
4525.5,31.9
4526.0,31.9
4526.5,31.9
4527.0,31.8
4527.5,31.9
4528.0,31.8
4528.5,31.9
4529.0,31.9
4529.5,31.9
4530.0,31.9
4530.5,31.9
4531.0,31.9
4531.5,31.9
4532.0,31.8
4532.5,31.9
4533.0,31.9
4533.5,31.9
4534.0,31.8
4534.5,31.8
4535.0,31.9
4535.5,31.9
4536.0,31.9
4536.5,31.9
4537.0,31.9
4537.5,31.9
4538.0,31.9
4538.5,31.9
4539.0,31.9
4539.5,31.9
4540.0,31.9
4540.5,31.9
4541.0,31.9
4541.5,31.9
4542.0,31.9
4542.5,31.9
4543.0,31.9
4543.5,31.9
4544.0,31.9
4544.5,31.9
4545.0,31.8
4545.5,31.9
4546.0,31.9
4546.5,31.9
4547.0,31.9
4547.5,31.9
4548.0,31.9
4548.5,31.9
4549.0,31.8
4549.5,31.9
4550.0,31.9
4550.5,31.9
4551.0,31.8
4551.5,31.9
4552.0,31.8
4552.5,31.9
4553.0,31.9
4553.5,31.9
4554.0,31.9
4554.5,31.9
4555.0,31.9
4555.5,31.9
4556.0,31.9
4556.5,31.9
4557.0,31.9
4557.5,31.9
4558.0,31.9
4558.5,31.9
4559.0,31.9
4559.5,31.9
4560.0,31.9
4560.5,31.9
4561.0,31.9
4561.5,31.9
4562.0,31.8
4562.5,31.9
4563.0,31.9
4563.5,31.9
4564.0,31.9
4564.5,31.9
4565.0,31.9
4565.5,31.9
4566.0,31.9
4566.5,31.9
4567.0,31.9
4567.5,31.9
4568.0,31.9
4568.5,31.9
4569.0,31.9
4569.5,31.9
4570.0,31.9
4570.5,31.9
4571.0,31.9
4571.5,31.9
4572.0,31.9
4572.5,31.9
4573.0,31.9
4573.5,31.9
4574.0,31.9
4574.5,31.9
4575.0,31.9
4575.5,31.9
4576.0,31.9
4576.5,31.9
4577.0,31.9
4577.5,31.9
4578.0,31.9
4578.5,31.9
4579.0,31.9
4579.5,31.9
4580.0,31.9
4580.5,31.9
4581.0,31.9
4581.5,31.9
4582.0,31.9
4582.5,31.9
4583.0,31.9
4583.5,31.9
4584.0,31.9
4584.5,31.9
4585.0,31.9
4585.5,31.9
4586.0,31.9
4586.5,31.9
4587.0,31.9
4587.5,31.9
4588.0,31.9
4588.5,31.9
4589.0,31.9
4589.5,31.9
4590.0,31.9
4590.5,31.9
4591.0,31.9
4591.5,31.9
4592.0,31.9
4592.5,31.9
4593.0,31.9
4593.5,31.9
4594.0,31.9
4594.5,31.9
4595.0,31.9
4595.5,31.9
4596.0,31.9
4596.5,31.9
4597.0,31.9
4597.5,31.9
4598.0,31.9
4598.5,31.9
4599.0,31.9
4599.5,31.9
4600.0,31.9
4600.5,31.9
4601.0,31.9
4601.5,31.9
4602.0,31.9
4602.5,31.9
4603.0,31.9
4603.5,31.9
4604.0,31.9
4604.5,31.9
4605.0,31.9
4605.5,31.9
4606.0,31.9
4606.5,31.9
4607.0,31.9
4607.5,31.9
4608.0,31.9
4608.5,31.9
4609.0,31.9
4609.5,31.9
4610.0,32
4610.5,31.9
4611.0,31.9
4611.5,31.9
4612.0,31.9
4612.5,31.9
4613.0,31.9
4613.5,31.9
4614.0,31.9
4614.5,31.9
4615.0,31.9
4615.5,31.9
4616.0,31.9
4616.5,31.9
4617.0,31.9
4617.5,31.9
4618.0,31.9
4618.5,31.9
4619.0,31.9
4619.5,31.9
4620.0,31.9
4620.5,31.9
4621.0,31.9
4621.5,31.9
4622.0,31.9
4622.5,31.9
4623.0,31.9
4623.5,31.9
4624.0,31.9
4624.5,31.9
4625.0,31.9
4625.5,31.9
4626.0,31.9
4626.5,31.9
4627.0,31.9
4627.5,31.9
4628.0,31.9
4628.5,31.9
4629.0,31.9
4629.5,31.9
4630.0,31.9
4630.5,31.9
4631.0,31.9
4631.5,31.9
4632.0,31.9
4632.5,31.9
4633.0,31.9
4633.5,31.9
4634.0,31.9
4634.5,31.9
4635.0,32
4635.5,31.9
4636.0,31.9
4636.5,31.9
4637.0,31.9
4637.5,31.9
4638.0,31.9
4638.5,31.9
4639.0,31.9
4639.5,31.9
4640.0,31.9
4640.5,31.9
4641.0,31.9
4641.5,31.9
4642.0,31.9
4642.5,31.9
4643.0,31.9
4643.5,31.9
4644.0,31.9
4644.5,31.9
4645.0,31.9
4645.5,31.9
4646.0,31.9
4646.5,31.9
4647.0,31.9
4647.5,31.9
4648.0,31.9
4648.5,31.9
4649.0,31.9
4649.5,31.9
4650.0,31.9
4650.5,31.9
4651.0,31.9
4651.5,31.9
4652.0,31.9
4652.5,31.9
4653.0,31.9
4653.5,31.9
4654.0,31.9
4654.5,31.9
4655.0,31.9
4655.5,31.9
4656.0,31.9
4656.5,32
4657.0,31.9
4657.5,31.9
4658.0,31.9
4658.5,31.9
4659.0,31.9
4659.5,32
4660.0,31.9
4660.5,31.9
4661.0,31.9
4661.5,31.9
4662.0,31.9
4662.5,31.9
4663.0,31.9
4663.5,31.9
4664.0,31.9
4664.5,31.9
4665.0,31.9
4665.5,31.9
4666.0,31.9
4666.5,31.9
4667.0,31.9
4667.5,31.9
4668.0,31.9
4668.5,31.9
4669.0,31.9
4669.5,31.9
4670.0,31.9
4670.5,31.9
4671.0,31.9
4671.5,31.9
4672.0,31.9
4672.5,31.9
4673.0,31.9
4673.5,31.9
4674.0,31.9
4674.5,31.9
4675.0,31.9
4675.5,31.9
4676.0,31.9
4676.5,31.9
4677.0,32
4677.5,31.9
4678.0,31.9
4678.5,31.9
4679.0,31.9
4679.5,31.9
4680.0,31.9
4680.5,31.9
4681.0,31.9
4681.5,31.9
4682.0,31.9
4682.5,31.9
4683.0,31.9
4683.5,32
4684.0,31.9
4684.5,31.9
4685.0,31.9
4685.5,31.9
4686.0,31.9
4686.5,31.9
4687.0,31.9
4687.5,31.9
4688.0,31.9
4688.5,31.9
4689.0,32
4689.5,31.9
4690.0,31.9
4690.5,31.9
4691.0,31.9
4691.5,31.9
4692.0,31.9
4692.5,31.9
4693.0,32
4693.5,31.9
4694.0,32
4694.5,31.9
4695.0,31.9
4695.5,32
4696.0,31.9
4696.5,31.9
4697.0,31.9
4697.5,31.9
4698.0,31.9
4698.5,31.9
4699.0,31.9
4699.5,31.9
4700.0,32
4700.5,31.9
4701.0,31.9
4701.5,31.9
4702.0,32
4702.5,31.9
4703.0,31.9
4703.5,31.9
4704.0,31.9
4704.5,32
4705.0,31.9
4705.5,31.9
4706.0,31.9
4706.5,31.9
4707.0,31.9
4707.5,31.9
4708.0,31.9
4708.5,32
4709.0,31.9
4709.5,31.9
4710.0,31.9
4710.5,31.9
4711.0,31.9
4711.5,31.9
4712.0,32
4712.5,31.9
4713.0,31.9
4713.5,31.9
4714.0,32
4714.5,31.9
4715.0,31.9
4715.5,31.9
4716.0,31.9
4716.5,31.9
4717.0,31.9
4717.5,31.9
4718.0,31.9
4718.5,31.9
4719.0,31.9
4719.5,31.9
4720.0,32
4720.5,31.9
4721.0,32
4721.5,31.9
4722.0,31.9
4722.5,31.9
4723.0,31.9
4723.5,31.9
4724.0,32
4724.5,32
4725.0,31.9
4725.5,32
4726.0,31.9
4726.5,31.9
4727.0,31.9
4727.5,31.9
4728.0,32
4728.5,31.9
4729.0,31.9
4729.5,32
4730.0,31.9
4730.5,31.9
4731.0,31.9
4731.5,32
4732.0,32
4732.5,31.9
4733.0,32
4733.5,31.9
4734.0,32
4734.5,31.9
4735.0,32
4735.5,31.9
4736.0,31.9
4736.5,32
4737.0,32
4737.5,32
4738.0,32
4738.5,32
4739.0,31.9
4739.5,31.9
4740.0,31.9
4740.5,31.9
4741.0,31.9
4741.5,31.9
4742.0,32
4742.5,31.9
4743.0,31.9
4743.5,31.9
4744.0,32
4744.5,32
4745.0,32
4745.5,31.9
4746.0,31.9
4746.5,31.9
4747.0,32
4747.5,31.9
4748.0,31.9
4748.5,31.9
4749.0,31.9
4749.5,32
4750.0,31.9
4750.5,32
4751.0,32
4751.5,32
4752.0,32
4752.5,32
4753.0,32
4753.5,31.9
4754.0,32
4754.5,32
4755.0,32
4755.5,31.9
4756.0,31.9
4756.5,32
4757.0,32
4757.5,32
4758.0,31.9
4758.5,32
4759.0,32
4759.5,32
4760.0,31.9
4760.5,31.9
4761.0,31.9
4761.5,32
4762.0,32
4762.5,32
4763.0,32
4763.5,32
4764.0,31.9
4764.5,32
4765.0,31.9
4765.5,32
4766.0,31.9
4766.5,31.9
4767.0,32
4767.5,31.9
4768.0,32
4768.5,31.9
4769.0,32
4769.5,32
4770.0,32
4770.5,31.9
4771.0,31.9
4771.5,32
4772.0,32
4772.5,32
4773.0,31.9
4773.5,32
4774.0,32
4774.5,32
4775.0,31.9
4775.5,31.9
4776.0,31.9
4776.5,31.9
4777.0,32
4777.5,31.9
4778.0,32
4778.5,31.9
4779.0,32
4779.5,31.9
4780.0,32
4780.5,32
4781.0,32
4781.5,32
4782.0,32
4782.5,32
4783.0,32
4783.5,32
4784.0,32
4784.5,32
4785.0,32
4785.5,32
4786.0,31.9
4786.5,32
4787.0,32
4787.5,32
4788.0,32
4788.5,32
4789.0,32
4789.5,32
4790.0,32
4790.5,31.9
4791.0,31.9
4791.5,32
4792.0,32
4792.5,31.9
4793.0,32
4793.5,32
4794.0,32
4794.5,31.9
4795.0,32
4795.5,32
4796.0,32
4796.5,32
4797.0,32
4797.5,32
4798.0,32
4798.5,32
4799.0,32
4799.5,32
4800.0,31.9
4800.5,32
4801.0,32
4801.5,32
4802.0,31.9
4802.5,31.9
4803.0,31.9
4803.5,32
4804.0,32
4804.5,31.9
4805.0,32
4805.5,32
4806.0,32
4806.5,32
4807.0,31.9
4807.5,32
4808.0,31.9
4808.5,32
4809.0,32
4809.5,32
4810.0,31.9
4810.5,31.9
4811.0,32
4811.5,32
4812.0,32
4812.5,32
4813.0,32
4813.5,31.9
4814.0,32
4814.5,32
4815.0,32
4815.5,32
4816.0,32
4816.5,31.9
4817.0,32
4817.5,32
4818.0,32
4818.5,32
4819.0,32
4819.5,32
4820.0,32
4820.5,32
4821.0,32
4821.5,32
4822.0,32
4822.5,32
4823.0,32
4823.5,32
4824.0,32
4824.5,32
4825.0,32
4825.5,32
4826.0,32
4826.5,32
4827.0,32
4827.5,32
4828.0,32
4828.5,32
4829.0,31.9
4829.5,32
4830.0,32
4830.5,32
4831.0,32
4831.5,32
4832.0,32
4832.5,32
4833.0,32
4833.5,32
4834.0,32
4834.5,32
4835.0,32
4835.5,32
4836.0,32
4836.5,32
4837.0,32
4837.5,32
4838.0,32
4838.5,32
4839.0,32
4839.5,32
4840.0,32
4840.5,32
4841.0,32
4841.5,32
4842.0,32
4842.5,32
4843.0,32
4843.5,32
4844.0,32
4844.5,32
4845.0,32
4845.5,32
4846.0,32
4846.5,31.9
4847.0,32
4847.5,32
4848.0,32
4848.5,32
4849.0,32
4849.5,32
4850.0,32
4850.5,32
4851.0,32
4851.5,32
4852.0,32
4852.5,31.9
4853.0,32
4853.5,32
4854.0,32
4854.5,32
4855.0,32
4855.5,32
4856.0,32
4856.5,32
4857.0,32
4857.5,32
4858.0,32
4858.5,32
4859.0,32
4859.5,32
4860.0,32
4860.5,32
4861.0,32
4861.5,32
4862.0,32
4862.5,32
4863.0,32
4863.5,32
4864.0,32
4864.5,32
4865.0,32
4865.5,32
4866.0,32
4866.5,32
4867.0,32
4867.5,32
4868.0,32
4868.5,32
4869.0,32
4869.5,32
4870.0,32
4870.5,32
4871.0,32
4871.5,32
4872.0,32
4872.5,32
4873.0,32
4873.5,32
4874.0,32
4874.5,32
4875.0,32
4875.5,32
4876.0,32
4876.5,32
4877.0,32
4877.5,32
4878.0,32
4878.5,32
4879.0,32
4879.5,32
4880.0,32.1
4880.5,32
4881.0,32
4881.5,32
4882.0,32
4882.5,32
4883.0,32
4883.5,32
4884.0,32
4884.5,32
4885.0,32
4885.5,32
4886.0,32
4886.5,32
4887.0,32
4887.5,32
4888.0,32
4888.5,32
4889.0,32
4889.5,32
4890.0,32
4890.5,32
4891.0,32
4891.5,32
4892.0,32
4892.5,32
4893.0,32
4893.5,32
4894.0,32
4894.5,32
4895.0,32
4895.5,32
4896.0,32
4896.5,32
4897.0,32
4897.5,32
4898.0,32
4898.5,32
4899.0,32
4899.5,32
4900.0,32
4900.5,32
4901.0,32
4901.5,32
4902.0,32
4902.5,32
4903.0,32
4903.5,32
4904.0,32
4904.5,32
4905.0,32
4905.5,32
4906.0,32
4906.5,32
4907.0,32
4907.5,32
4908.0,32
4908.5,32
4909.0,32
4909.5,32
4910.0,32
4910.5,32
4911.0,32.1
4911.5,32
4912.0,32
4912.5,32
4913.0,32
4913.5,32
4914.0,32
4914.5,32
4915.0,32
4915.5,32
4916.0,32
4916.5,32
4917.0,32
4917.5,32
4918.0,32
4918.5,32
4919.0,32
4919.5,32
4920.0,32.1
4920.5,32
4921.0,32
4921.5,32
4922.0,32
4922.5,32.1
4923.0,32
4923.5,32
4924.0,32
4924.5,32
4925.0,32.1
4925.5,32
4926.0,32
4926.5,32
4927.0,32
4927.5,32
4928.0,32
4928.5,32
4929.0,32
4929.5,32
4930.0,32
4930.5,32.1
4931.0,32
4931.5,32
4932.0,32
4932.5,32.1
4933.0,32
4933.5,32
4934.0,32
4934.5,32
4935.0,32.1
4935.5,32.1
4936.0,32
4936.5,32
4937.0,32
4937.5,32
4938.0,32.1
4938.5,32
4939.0,32
4939.5,32
4940.0,32
4940.5,32.1
4941.0,32
4941.5,32.1
4942.0,32
4942.5,32
4943.0,32
4943.5,32
4944.0,32
4944.5,32
4945.0,32.1
4945.5,32
4946.0,32.1
4946.5,32
4947.0,32
4947.5,32
4948.0,32.1
4948.5,32
4949.0,32.1
4949.5,32.1
4950.0,32
4950.5,32
4951.0,32
4951.5,32
4952.0,32.1
4952.5,32
4953.0,32
4953.5,32.1
4954.0,32
4954.5,32
4955.0,32
4955.5,32
4956.0,32
4956.5,32.1
4957.0,32
4957.5,32
4958.0,32.1
4958.5,32.1
4959.0,32
4959.5,32
4960.0,32.1
4960.5,32
4961.0,32
4961.5,32
4962.0,32.1
4962.5,32
4963.0,32
4963.5,32
4964.0,32.1
4964.5,32
4965.0,32.1
4965.5,32
4966.0,32.1
4966.5,32
4967.0,32.1
4967.5,32.1
4968.0,32
4968.5,32.1
4969.0,32
4969.5,32.1
4970.0,32.1
4970.5,32.1
4971.0,32
4971.5,32.1
4972.0,32
4972.5,32
4973.0,32.1
4973.5,32.1
4974.0,32.1
4974.5,32
4975.0,32.1
4975.5,32.1
4976.0,32.1
4976.5,32.1
4977.0,32
4977.5,32.1
4978.0,32.1
4978.5,32.1
4979.0,32.1
4979.5,32
4980.0,32.1
4980.5,32.1
4981.0,32.1
4981.5,32.1
4982.0,32.1
4982.5,32.1
4983.0,32.1
4983.5,32.1
4984.0,32
4984.5,32.1
4985.0,32
4985.5,32.1
4986.0,32
4986.5,32.1
4987.0,32.1
4987.5,32.1
4988.0,32
4988.5,32.1
4989.0,32
4989.5,32.1
4990.0,32.1
4990.5,32.1
4991.0,32.1
4991.5,32.1
4992.0,32.1
4992.5,32.1
4993.0,32
4993.5,32.1
4994.0,32.1
4994.5,32.1
4995.0,32.1
4995.5,32
4996.0,32.1
4996.5,32
4997.0,32.1
4997.5,32.1
4998.0,32.1
4998.5,32.1
4999.0,32.1
4999.5,32.1
5000.0,32.1
5000.5,32.1
5001.0,32.1
5001.5,32.1
5002.0,32.1
5002.5,32
5003.0,32.1
5003.5,32.1
5004.0,32.1
5004.5,32
5005.0,32.1
5005.5,32.1
5006.0,32.1
5006.5,32.1
5007.0,32.1
5007.5,32.1
5008.0,32.1
5008.5,32.1
5009.0,32.1
5009.5,32.1
5010.0,32.1
5010.5,32.1
5011.0,32.1
5011.5,32
5012.0,32.1
5012.5,32.1
5013.0,32.1
5013.5,32.1
5014.0,32.1
5014.5,32.1
5015.0,32.1
5015.5,32.1
5016.0,32.1
5016.5,32.1
5017.0,32.1
5017.5,32.1
5018.0,32.1
5018.5,32.1
5019.0,32.1
5019.5,32.1
5020.0,32
5020.5,32.1
5021.0,32.1
5021.5,32.1
5022.0,32.1
5022.5,32.1
5023.0,32.1
5023.5,32.1
5024.0,32.1
5024.5,32.1
5025.0,32.1
5025.5,32.1
5026.0,32.1
5026.5,32.1
5027.0,32.1
5027.5,32.1
5028.0,32.1
5028.5,32.1
5029.0,32.1
5029.5,32.1
5030.0,32.1
5030.5,32.1
5031.0,32.1
5031.5,32.1
5032.0,32.1
5032.5,32.1
5033.0,32.1
5033.5,32.1
5034.0,32.1
5034.5,32.1
5035.0,32.1
5035.5,32.1
5036.0,32.1
5036.5,32.1
5037.0,32.1
5037.5,32.1
5038.0,32.1
5038.5,32.1
5039.0,32.1
5039.5,32.1
5040.0,32
5040.5,32.1
5041.0,32.1
5041.5,32.1
5042.0,32.1
5042.5,32.1
5043.0,32.1
5043.5,32.1
5044.0,32.1
5044.5,32.1
5045.0,32
5045.5,32.1
5046.0,32.1
5046.5,32.1
5047.0,32.1
5047.5,32.1
5048.0,32.1
5048.5,32.1
5049.0,32.1
5049.5,32.1
5050.0,32.1
5050.5,32.1
5051.0,32.1
5051.5,32.1
5052.0,32.1
5052.5,32.1
5053.0,32.1
5053.5,32.1
5054.0,32.1
5054.5,32.1
5055.0,32.1
5055.5,32.1
5056.0,32.1
5056.5,32.1
5057.0,32.1
5057.5,32
5058.0,32.1
5058.5,32.1
5059.0,32.1
5059.5,32.1
5060.0,32.1
5060.5,32.1
5061.0,32.1
5061.5,32.1
5062.0,32
5062.5,32.1
5063.0,32.1
5063.5,32.1
5064.0,32.1
5064.5,32.1
5065.0,32.1
5065.5,32.1
5066.0,32.1
5066.5,32.1
5067.0,32.1
5067.5,32.1
5068.0,32.1
5068.5,32.1
5069.0,32.1
5069.5,32.1
5070.0,32.1
5070.5,32.1
5071.0,32.1
5071.5,32.1
5072.0,32.1
5072.5,32.1
5073.0,32.1
5073.5,32.1
5074.0,32.1
5074.5,32.1
5075.0,32.1
5075.5,32.1
5076.0,32.1
5076.5,32.1
5077.0,32
5077.5,32.1
5078.0,32.1
5078.5,32.1
5079.0,32
5079.5,32.1
5080.0,32.1
5080.5,32.1
5081.0,32.1
5081.5,32.1
5082.0,32.1
5082.5,32.1
5083.0,32.1
5083.5,32.1
5084.0,32.1
5084.5,32.1
5085.0,32.1
5085.5,32.1
5086.0,32.1
5086.5,32.1
5087.0,32.1
5087.5,32.1
5088.0,32.1
5088.5,32.1
5089.0,32.1
5089.5,32.1
5090.0,32.1
5090.5,32.1
5091.0,32.1
5091.5,32.1
5092.0,32.1
5092.5,32.1
5093.0,32.1
5093.5,32.1
5094.0,32.1
5094.5,32.1
5095.0,32.1
5095.5,32.1
5096.0,32.1
5096.5,32.1
5097.0,32.1
5097.5,32.1
5098.0,32.1
5098.5,32.1
5099.0,32.1
5099.5,32.1
5100.0,32.1
5100.5,32.1
5101.0,32.1
5101.5,32.1
5102.0,32.1
5102.5,32.1
5103.0,32.1
5103.5,32.1
5104.0,32.1
5104.5,32.1
5105.0,32.1
5105.5,32.1
5106.0,32.1
5106.5,32.1
5107.0,32.1
5107.5,32.1
5108.0,32.1
5108.5,32.1
5109.0,32.1
5109.5,32.1
5110.0,32.1
5110.5,32.1
5111.0,32.1
5111.5,32.1
5112.0,32.1
5112.5,32.1
5113.0,32.1
5113.5,32.1
5114.0,32.1
5114.5,32.1
5115.0,32.1
5115.5,32.1
5116.0,32.1
5116.5,32.1
5117.0,32.1
5117.5,32.1
5118.0,32.1
5118.5,32.1
5119.0,32.1
5119.5,32.1
5120.0,32.1
5120.5,32.1
5121.0,32.1
5121.5,32.1
5122.0,32.1
5122.5,32.1
5123.0,32.1
5123.5,32.1
5124.0,32.1
5124.5,32.1
5125.0,32.1
5125.5,32.1
5126.0,32.1
5126.5,32.1
5127.0,32.1
5127.5,32.1
5128.0,32.1
5128.5,32.1
5129.0,32.1
5129.5,32.1
5130.0,32.1
5130.5,32.1
5131.0,32.1
5131.5,32.1
5132.0,32.1
5132.5,32.1
5133.0,32.1
5133.5,32.1
5134.0,32.1
5134.5,32.1
5135.0,32.1
5135.5,32.1
5136.0,32.1
5136.5,32.1
5137.0,32.1
5137.5,32.1
5138.0,32.1
5138.5,32.1
5139.0,32.1
5139.5,32.1
5140.0,32.1
5140.5,32.1
5141.0,32.1
5141.5,32.1
5142.0,32.1
5142.5,32.1
5143.0,32.1
5143.5,32.1
5144.0,32.1
5144.5,32.1
5145.0,32.1
5145.5,32.1
5146.0,32.1
5146.5,32.1
5147.0,32.1
5147.5,32.1
5148.0,32.1
5148.5,32.1
5149.0,32.1
5149.5,32.1
5150.0,32.1
5150.5,32.1
5151.0,32.1
5151.5,32.1
5152.0,32.1
5152.5,32.1
5153.0,32.1
5153.5,32.1
5154.0,32.1
5154.5,32.1
5155.0,32.1
5155.5,32.1
5156.0,32.1
5156.5,32.1
5157.0,32.1
5157.5,32.1
5158.0,32.1
5158.5,32.1
5159.0,32.1
5159.5,32.1
5160.0,32.2
5160.5,32.2
5161.0,32.1
5161.5,32.1
5162.0,32.1
5162.5,32.1
5163.0,32.1
5163.5,32.1
5164.0,32.1
5164.5,32.1
5165.0,32.1
5165.5,32.1
5166.0,32.1
5166.5,32.1
5167.0,32.1
5167.5,32.1
5168.0,32.1
5168.5,32.1
5169.0,32.1
5169.5,32.1
5170.0,32.1
5170.5,32.1
5171.0,32.1
5171.5,32.1
5172.0,32.1
5172.5,32.1
5173.0,32.1
5173.5,32.1
5174.0,32.1
5174.5,32.1
5175.0,32.1
5175.5,32.1
5176.0,32.1
5176.5,32.1
5177.0,32.1
5177.5,32.1
5178.0,32.1
5178.5,32.1
5179.0,32.1
5179.5,32.1
5180.0,32.1
5180.5,32.1
5181.0,32.2
5181.5,32.1
5182.0,32.1
5182.5,32.2
5183.0,32.1
5183.5,32.1
5184.0,32.1
5184.5,32.2
5185.0,32.2
5185.5,32.1
5186.0,32.1
5186.5,32.1
5187.0,32.1
5187.5,32.2
5188.0,32.1
5188.5,32.1
5189.0,32.1
5189.5,32.1
5190.0,32.1
5190.5,32.2
5191.0,32.1
5191.5,32.1
5192.0,32.2
5192.5,32.1
5193.0,32.2
5193.5,32.1
5194.0,32.1
5194.5,32.2
5195.0,32.2
5195.5,32.1
5196.0,32.2
5196.5,32.2
5197.0,32.1
5197.5,32.2
5198.0,32.1
5198.5,32.1
5199.0,32.1
5199.5,32.2
5200.0,32.2
5200.5,32.1
5201.0,32.1
5201.5,32.1
5202.0,32.1
5202.5,32.2
5203.0,32.2
5203.5,32.1
5204.0,32.1
5204.5,32.2
5205.0,32.2
5205.5,32.2
5206.0,32.1
5206.5,32.2
5207.0,32.2
5207.5,32.1
5208.0,32.2
5208.5,32.2
5209.0,32.2
5209.5,32.1
5210.0,32.1
5210.5,32.1
5211.0,32.1
5211.5,32.1
5212.0,32.2
5212.5,32.1
5213.0,32.2
5213.5,32.1
5214.0,32.2
5214.5,32.2
5215.0,32.1
5215.5,32.2
5216.0,32.1
5216.5,32.2
5217.0,32.2
5217.5,32.2
5218.0,32.1
5218.5,32.1
5219.0,32.2
5219.5,32.1
5220.0,32.2
5220.5,32.1
5221.0,32.2
5221.5,32.1
5222.0,32.1
5222.5,32.1
5223.0,32.2
5223.5,32.1
5224.0,32.2
5224.5,32.1
5225.0,32.2
5225.5,32.1
5226.0,32.2
5226.5,32.2
5227.0,32.1
5227.5,32.2
5228.0,32.1
5228.5,32.2
5229.0,32.2
5229.5,32.2
5230.0,32.1
5230.5,32.2
5231.0,32.2
5231.5,32.2
5232.0,32.1
5232.5,32.1
5233.0,32.2
5233.5,32.2
5234.0,32.2
5234.5,32.1
5235.0,32.2
5235.5,32.2
5236.0,32.1
5236.5,32.2
5237.0,32.2
5237.5,32.2
5238.0,32.2
5238.5,32.2
5239.0,32.2
5239.5,32.2
5240.0,32.2
5240.5,32.2
5241.0,32.2
5241.5,32.2
5242.0,32.2
5242.5,32.2
5243.0,32.2
5243.5,32.2
5244.0,32.2
5244.5,32.2
5245.0,32.2
5245.5,32.2
5246.0,32.2
5246.5,32.2
5247.0,32.2
5247.5,32.2
5248.0,32.1
5248.5,32.2
5249.0,32.2
5249.5,32.2
5250.0,32.2
5250.5,32.2
5251.0,32.2
5251.5,32.2
5252.0,32.2
5252.5,32.2
5253.0,32.2
5253.5,32.2
5254.0,32.2
5254.5,32.2
5255.0,32.2
5255.5,32.2
5256.0,32.2
5256.5,32.2
5257.0,32.2
5257.5,32.2
5258.0,32.2
5258.5,32.2
5259.0,32.2
5259.5,32.2
5260.0,32.2
5260.5,32.2
5261.0,32.2
5261.5,32.1
5262.0,32.2
5262.5,32.2
5263.0,32.2
5263.5,32.2
5264.0,32.2
5264.5,32.2
5265.0,32.2
5265.5,32.2
5266.0,32.2
5266.5,32.2
5267.0,32.2
5267.5,32.2
5268.0,32.2
5268.5,32.2
5269.0,32.2
5269.5,32.2
5270.0,32.2
5270.5,32.2
5271.0,32.2
5271.5,32.2
5272.0,32.2
5272.5,32.2
5273.0,32.2
5273.5,32.2
5274.0,32.2
5274.5,32.2
5275.0,32.2
5275.5,32.2
5276.0,32.2
5276.5,32.2
5277.0,32.2
5277.5,32.2
5278.0,32.2
5278.5,32.2
5279.0,32.2
5279.5,32.2
5280.0,32.2
5280.5,32.2
5281.0,32.2
5281.5,32.2
5282.0,32.2
5282.5,32.2
5283.0,32.2
5283.5,32.2
5284.0,32.2
5284.5,32.2
5285.0,32.2
5285.5,32.2
5286.0,32.2
5286.5,32.2
5287.0,32.2
5287.5,32.2
5288.0,32.2
5288.5,32.2
5289.0,32.2
5289.5,32.2
5290.0,32.2
5290.5,32.2
5291.0,32.2
5291.5,32.2
5292.0,32.2
5292.5,32.2
5293.0,32.2
5293.5,32.2
5294.0,32.2
5294.5,32.2
5295.0,32.2
5295.5,32.2
5296.0,32.2
5296.5,32.2
5297.0,32.2
5297.5,32.2
5298.0,32.2
5298.5,32.2
5299.0,32.2
5299.5,32.3
5300.0,32.2
5300.5,32.2
5301.0,32.2
5301.5,32.2
5302.0,32.2
5302.5,32.2
5303.0,32.2
5303.5,32.2
5304.0,32.2
5304.5,32.2
5305.0,32.2
5305.5,32.2
5306.0,32.2
5306.5,32.2
5307.0,32.2
5307.5,32.2
5308.0,32.2
5308.5,32.2
5309.0,32.2
5309.5,32.2
5310.0,32.2
5310.5,32.2
5311.0,32.2
5311.5,32.2
5312.0,32.2
5312.5,32.2
5313.0,32.2
5313.5,32.2
5314.0,32.2
5314.5,32.2
5315.0,32.2
5315.5,32.2
5316.0,32.2
5316.5,32.2
5317.0,32.2
5317.5,32.2
5318.0,32.2
5318.5,32.2
5319.0,32.2
5319.5,32.2
5320.0,32.2
5320.5,32.2
5321.0,32.2
5321.5,32.2
5322.0,32.2
5322.5,32.2
5323.0,32.2
5323.5,32.2
5324.0,32.2
5324.5,32.2
5325.0,32.2
5325.5,32.2
5326.0,32.2
5326.5,32.2
5327.0,32.2
5327.5,32.2
5328.0,32.2
5328.5,32.2
5329.0,32.2
5329.5,32.2
5330.0,32.2
5330.5,32.2
5331.0,32.1
5331.5,32.2
5332.0,32.2
5332.5,32.2
5333.0,32.2
5333.5,32.2
5334.0,32.2
5334.5,32.2
5335.0,32.2
5335.5,32.2
5336.0,32.2
5336.5,32.2
5337.0,32.2
5337.5,32.2
5338.0,32.2
5338.5,32.2
5339.0,32.2
5339.5,32.2
5340.0,32.2
5340.5,32.2
5341.0,32.2
5341.5,32.2
5342.0,32.2
5342.5,32.2
5343.0,32.2
5343.5,32.2
5344.0,32.2
5344.5,32.2
5345.0,32.2
5345.5,32.2
5346.0,32.2
5346.5,32.2
5347.0,32.2
5347.5,32.2
5348.0,32.2
5348.5,32.2
5349.0,32.2
5349.5,32.2
5350.0,32.2
5350.5,32.2
5351.0,32.2
5351.5,32.2
5352.0,32.2
5352.5,32.2
5353.0,32.2
5353.5,32.2
5354.0,32.2
5354.5,32.2
5355.0,32.2
5355.5,32.2
5356.0,32.2
5356.5,32.2
5357.0,32.2
5357.5,32.2
5358.0,32.2
5358.5,32.2
5359.0,32.2
5359.5,32.2
5360.0,32.2
5360.5,32.2
5361.0,32.2
5361.5,32.2
5362.0,32.2
5362.5,32.2
5363.0,32.2
5363.5,32.2
5364.0,32.2
5364.5,32.2
5365.0,32.2
5365.5,32.2
5366.0,32.2
5366.5,32.2
5367.0,32.2
5367.5,32.2
5368.0,32.2
5368.5,32.2
5369.0,32.2
5369.5,32.2
5370.0,32.2
5370.5,32.2
5371.0,32.2
5371.5,32.2
5372.0,32.2
5372.5,32.2
5373.0,32.2
5373.5,32.2
5374.0,32.2
5374.5,32.2
5375.0,32.2
5375.5,32.2
5376.0,32.2
5376.5,32.2
5377.0,32.2
5377.5,32.2
5378.0,32.2
5378.5,32.2
5379.0,32.2
5379.5,32.2
5380.0,32.2
5380.5,32.2
5381.0,32.2
5381.5,32.2
5382.0,32.2
5382.5,32.2
5383.0,32.2
5383.5,32.2
5384.0,32.2
5384.5,32.2
5385.0,32.2
5385.5,32.2
5386.0,32.2
5386.5,32.2
5387.0,32.2
5387.5,32.2
5388.0,32.2
5388.5,32.2
5389.0,32.2
5389.5,32.2
5390.0,32.2
5390.5,32.2
5391.0,32.2
5391.5,32.2
5392.0,32.2
5392.5,32.2
5393.0,32.2
5393.5,32.2
5394.0,32.2
5394.5,32.2
5395.0,32.2
5395.5,32.2
5396.0,32.2
5396.5,32.2
5397.0,32.2
5397.5,32.2
5398.0,32.2
5398.5,32.2
5399.0,32.2
5399.5,32.2
5400.0,32.2
5400.5,32.2
5401.0,32.2
5401.5,32.2
5402.0,32.2
5402.5,32.2
5403.0,32.2
5403.5,32.2
5404.0,32.2
5404.5,32.2
5405.0,32.2
5405.5,32.2
5406.0,32.2
5406.5,32.2
5407.0,32.2
5407.5,32.2
5408.0,32.2
5408.5,32.2
5409.0,32.2
5409.5,32.2
5410.0,32.2
5410.5,32.2
5411.0,32.2
5411.5,32.2
5412.0,32.2
5412.5,32.2
5413.0,32.2
5413.5,32.1
5414.0,32.2
5414.5,32.2
5415.0,32.2
5415.5,32.2
5416.0,32.2
5416.5,32.2
5417.0,32.2
5417.5,32.2
5418.0,32.2
5418.5,32.2
5419.0,32.2
5419.5,32.2
5420.0,32.2
5420.5,32.2
5421.0,32.2
5421.5,32.2
5422.0,32.1
5422.5,32.1
5423.0,32.2
5423.5,32.2
5424.0,32.2
5424.5,32.2
5425.0,32.2
5425.5,32.2
5426.0,32.2
5426.5,32.2
5427.0,32.2
5427.5,32.2
5428.0,32.2
5428.5,32.2
5429.0,32.2
5429.5,32.2
5430.0,32.2
5430.5,32.2
5431.0,32.2
5431.5,32.2
5432.0,32.2
5432.5,32.2
5433.0,32.2
5433.5,32.2
5434.0,32.2
5434.5,32.2
5435.0,32.2
5435.5,32.2
5436.0,32.2
5436.5,32.2
5437.0,32.2
5437.5,32.2
5438.0,32.2
5438.5,32.2
5439.0,32.2
5439.5,32.2
5440.0,32.1
5440.5,32.2
5441.0,32.2
5441.5,32.2
5442.0,32.2
5442.5,32.2
5443.0,32.2
5443.5,32.2
5444.0,32.2
5444.5,32.2
5445.0,32.2
5445.5,32.2
5446.0,32.2
5446.5,32.2
5447.0,32.2
5447.5,32.2
5448.0,32.2
5448.5,32.2
5449.0,32.2
5449.5,32.1
5450.0,32.2
5450.5,32.2
5451.0,32.2
5451.5,32.2
5452.0,32.2
5452.5,32.2
5453.0,32.2
5453.5,32.2
5454.0,32.2
5454.5,32.2
5455.0,32.2
5455.5,32.2
5456.0,32.2
5456.5,32.2
5457.0,32.2
5457.5,32.2
5458.0,32.2
5458.5,32.2
5459.0,32.2
5459.5,32.2
5460.0,32.2
5460.5,32.2
5461.0,32.2
5461.5,32.2
5462.0,32.2
5462.5,32.2
5463.0,32.2
5463.5,32.2
5464.0,32.2
5464.5,32.2
5465.0,32.2
5465.5,32.2
5466.0,32.2
5466.5,32.2
5467.0,32.2
5467.5,32.2
5468.0,32.2
5468.5,32.2
5469.0,32.2
5469.5,32.2
5470.0,32.2
5470.5,32.2
5471.0,32.2
5471.5,32.2
5472.0,32.2
5472.5,32.2
5473.0,32.2
5473.5,32.2
5474.0,32.2
5474.5,32.2
5475.0,32.2
5475.5,32.1
5476.0,32.2
5476.5,32.2
5477.0,32.2
5477.5,32.2
5478.0,32.2
5478.5,32.2
5479.0,32.2
5479.5,32.2
5480.0,32.2
5480.5,32.2
5481.0,32.2
5481.5,32.1
5482.0,32.2
5482.5,32.2
5483.0,32.2
5483.5,32.2
5484.0,32.2
5484.5,32.2
5485.0,32.2
5485.5,32.2
5486.0,32.2
5486.5,32.2
5487.0,32.2
5487.5,32.2
5488.0,32.2
5488.5,32.2
5489.0,32.2
5489.5,32.2
5490.0,32.2
5490.5,32.1
5491.0,32.2
5491.5,32.2
5492.0,32.2
5492.5,32.2
5493.0,32.2
5493.5,32.2
5494.0,32.2
5494.5,32.2
5495.0,32.2
5495.5,32.2
5496.0,32.2
5496.5,32.2
5497.0,32.2
5497.5,32.2
5498.0,32.2
5498.5,32.2
5499.0,32.2
5499.5,32.2
5500.0,32.2
5500.5,32.2
5501.0,32.2
5501.5,32.2
5502.0,32.2
5502.5,32.2
5503.0,32.2
5503.5,32.2
5504.0,32.2
5504.5,32.2
5505.0,32.2
5505.5,32.2
5506.0,32.2
5506.5,32.2
5507.0,32.2
5507.5,32.2
5508.0,32.2
5508.5,32.2
5509.0,32.2
5509.5,32.2
5510.0,32.2
5510.5,32.2
5511.0,32.2
5511.5,32.2
5512.0,32.2
5512.5,32.2
5513.0,32.2
5513.5,32.2
5514.0,32.2
5514.5,32.2
5515.0,32.2
5515.5,32.2
5516.0,32.2
5516.5,32.2
5517.0,32.2
5517.5,32.2
5518.0,32.2
5518.5,32.2
5519.0,32.2
5519.5,32.2
5520.0,32.2
5520.5,32.2
5521.0,32.2
5521.5,32.2
5522.0,32.2
5522.5,32.2
5523.0,32.2
5523.5,32.2
5524.0,32.2
5524.5,32.2
5525.0,32.2
5525.5,32.2
5526.0,32.2
5526.5,32.2
5527.0,32.2
5527.5,32.2
5528.0,32.2
5528.5,32.2
5529.0,32.2
5529.5,32.2
5530.0,32.2
5530.5,32.2
5531.0,32.2
5531.5,32.2
5532.0,32.2
5532.5,32.2
5533.0,32.2
5533.5,32.2
5534.0,32.2
5534.5,32.2
5535.0,32.2
5535.5,32.2
5536.0,32.2
5536.5,32.2
5537.0,32.1
5537.5,32.2
5538.0,32.2
5538.5,32.2
5539.0,32.2
5539.5,32.2
5540.0,32.2
5540.5,32.2
5541.0,32.2
5541.5,32.2
5542.0,32.2
5542.5,32.2
5543.0,32.2
5543.5,32.2
5544.0,32.2
5544.5,32.2
5545.0,32.2
5545.5,32.2
5546.0,32.2
5546.5,32.2
5547.0,32.2
5547.5,32.2
5548.0,32.2
5548.5,32.2
5549.0,32.2
5549.5,32.2
5550.0,32.2
5550.5,32.2
5551.0,32.2
5551.5,32.2
5552.0,32.2
5552.5,32.2
5553.0,32.2
5553.5,32.2
5554.0,32.2
5554.5,32.2
5555.0,32.2
5555.5,32.2
5556.0,32.2
5556.5,32.2
5557.0,32.2
5557.5,32.2
5558.0,32.2
5558.5,32.2
5559.0,32.2
5559.5,32.2
5560.0,32.2
5560.5,32.2
5561.0,32.2
5561.5,32.2
5562.0,32.2
5562.5,32.2
5563.0,32.2
5563.5,32.2
5564.0,32.2
5564.5,32.2
5565.0,32.2
5565.5,32.2
5566.0,32.2
5566.5,32.2
5567.0,32.2
5567.5,32.2
5568.0,32.2
5568.5,32.2
5569.0,32.2
5569.5,32.2
5570.0,32.2
5570.5,32.2
5571.0,32.2
5571.5,32.2
5572.0,32.2
5572.5,32.2
5573.0,32.2
5573.5,32.2
5574.0,32.2
5574.5,32.2
5575.0,32.2
5575.5,32.2
5576.0,32.2
5576.5,32.2
5577.0,32.2
5577.5,32.2
5578.0,32.2
5578.5,32.2
5579.0,32.2
5579.5,32.2
5580.0,32.2
5580.5,32.2
5581.0,32.2
5581.5,32.2
5582.0,32.2
5582.5,32.2
5583.0,32.2
5583.5,32.2
5584.0,32.2
5584.5,32.2
5585.0,32.2
5585.5,32.2
5586.0,32.2
5586.5,32.2
5587.0,32.2
5587.5,32.2
5588.0,32.2
5588.5,32.2
5589.0,32.2
5589.5,32.2
5590.0,32.2
5590.5,32.2
5591.0,32.2
5591.5,32.2
5592.0,32.2
5592.5,32.2
5593.0,32.2
5593.5,32.2
5594.0,32.2
5594.5,32.2
5595.0,32.2
5595.5,32.3
5596.0,32.2
5596.5,32.2
5597.0,32.2
5597.5,32.2
5598.0,32.2
5598.5,32.2
5599.0,32.2
5599.5,32.2
5600.0,32.2
5600.5,32.2
5601.0,32.2
5601.5,32.2
5602.0,32.2
5602.5,32.2
5603.0,32.2
5603.5,32.2
5604.0,32.2
5604.5,32.2
5605.0,32.2
5605.5,32.2
5606.0,32.2
5606.5,32.2
5607.0,32.2
5607.5,32.2
5608.0,32.2
5608.5,32.2
5609.0,32.2
5609.5,32.2
5610.0,32.2
5610.5,32.2
5611.0,32.2
5611.5,32.2
5612.0,32.2
5612.5,32.2
5613.0,32.2
5613.5,32.2
5614.0,32.2
5614.5,32.2
5615.0,32.2
5615.5,32.2
5616.0,32.3
5616.5,32.2
5617.0,32.2
5617.5,32.2
5618.0,32.2
5618.5,32.2
5619.0,32.2
5619.5,32.2
5620.0,32.2
5620.5,32.2
5621.0,32.3
5621.5,32.2
5622.0,32.2
5622.5,32.2
5623.0,32.2
5623.5,32.2
5624.0,32.2
5624.5,32.2
5625.0,32.2
5625.5,32.2
5626.0,32.2
5626.5,32.2
5627.0,32.2
5627.5,32.2
5628.0,32.2
5628.5,32.2
5629.0,32.2
5629.5,32.2
5630.0,32.2
5630.5,32.3
5631.0,32.3
5631.5,32.3
5632.0,32.2
5632.5,32.2
5633.0,32.2
5633.5,32.3
5634.0,32.2
5634.5,32.2
5635.0,32.2
5635.5,32.2
5636.0,32.2
5636.5,32.3
5637.0,32.2
5637.5,32.2
5638.0,32.3
5638.5,32.2
5639.0,32.2
5639.5,32.2
5640.0,32.2
5640.5,32.3
5641.0,32.2
5641.5,32.2
5642.0,32.2
5642.5,32.2
5643.0,32.2
5643.5,32.3
5644.0,32.2
5644.5,32.2
5645.0,32.2
5645.5,32.2
5646.0,32.2
5646.5,32.2
5647.0,32.2
5647.5,32.2
5648.0,32.3
5648.5,32.2
5649.0,32.3
5649.5,32.2
5650.0,32.2
5650.5,32.2
5651.0,32.2
5651.5,32.2
5652.0,32.2
5652.5,32.2
5653.0,32.2
5653.5,32.3
5654.0,32.2
5654.5,32.2
5655.0,32.2
5655.5,32.2
5656.0,32.2
5656.5,32.3
5657.0,32.2
5657.5,32.2
5658.0,32.3
5658.5,32.3
5659.0,32.3
5659.5,32.2
5660.0,32.2
5660.5,32.2
5661.0,32.2
5661.5,32.3
5662.0,32.3
5662.5,32.3
5663.0,32.2
5663.5,32.3
5664.0,32.2
5664.5,32.2
5665.0,32.2
5665.5,32.3
5666.0,32.2
5666.5,32.2
5667.0,32.2
5667.5,32.2
5668.0,32.2
5668.5,32.2
5669.0,32.3
5669.5,32.2
5670.0,32.2
5670.5,32.2
5671.0,32.2
5671.5,32.2
5672.0,32.2
5672.5,32.3
5673.0,32.2
5673.5,32.3
5674.0,32.3
5674.5,32.2
5675.0,32.2
5675.5,32.2
5676.0,32.2
5676.5,32.2
5677.0,32.2
5677.5,32.2
5678.0,32.3
5678.5,32.3
5679.0,32.3
5679.5,32.3
5680.0,32.3
5680.5,32.2
5681.0,32.2
5681.5,32.3
5682.0,32.3
5682.5,32.2
5683.0,32.3
5683.5,32.2
5684.0,32.2
5684.5,32.3
5685.0,32.2
5685.5,32.3
5686.0,32.3
5686.5,32.2
5687.0,32.2
5687.5,32.2
5688.0,32.2
5688.5,32.3
5689.0,32.2
5689.5,32.2
5690.0,32.3
5690.5,32.3
5691.0,32.2
5691.5,32.2
5692.0,32.3
5692.5,32.3
5693.0,32.3
5693.5,32.2
5694.0,32.2
5694.5,32.2
5695.0,32.2
5695.5,32.2
5696.0,32.2
5696.5,32.2
5697.0,32.2
5697.5,32.3
5698.0,32.2
5698.5,32.3
5699.0,32.3
5699.5,32.3
5700.0,32.3
5700.5,32.3
5701.0,32.2
5701.5,32.3
5702.0,32.2
5702.5,32.2
5703.0,32.2
5703.5,32.2
5704.0,32.3
5704.5,32.2
5705.0,32.2
5705.5,32.2
5706.0,32.2
5706.5,32.3
5707.0,32.2
5707.5,32.2
5708.0,32.2
5708.5,32.2
5709.0,32.3
5709.5,32.2
5710.0,32.2
5710.5,32.2
5711.0,32.2
5711.5,32.2
5712.0,32.3
5712.5,32.2
5713.0,32.2
5713.5,32.2
5714.0,32.3
5714.5,32.2
5715.0,32.2
5715.5,32.2
5716.0,32.2
5716.5,32.2
5717.0,32.2
5717.5,32.2
5718.0,32.2
5718.5,32.2
5719.0,32.2
5719.5,32.3
5720.0,32.3
5720.5,32.2
5721.0,32.2
5721.5,32.2
5722.0,32.2
5722.5,32.2
5723.0,32.2
5723.5,32.2
5724.0,32.2
5724.5,32.2
5725.0,32.2
5725.5,32.2
5726.0,32.2
5726.5,32.2
5727.0,32.2
5727.5,32.2
5728.0,32.2
5728.5,32.2
5729.0,32.3
5729.5,32.2
5730.0,32.3
5730.5,32.2
5731.0,32.2
5731.5,32.3
5732.0,32.2
5732.5,32.3
5733.0,32.3
5733.5,32.3
5734.0,32.3
5734.5,32.2
5735.0,32.3
5735.5,32.3
5736.0,32.2
5736.5,32.2
5737.0,32.2
5737.5,32.2
5738.0,32.2
5738.5,32.3
5739.0,32.2
5739.5,32.2
5740.0,32.3
5740.5,32.2
5741.0,32.2
5741.5,32.2
5742.0,32.2
5742.5,32.2
5743.0,32.2
5743.5,32.3
5744.0,32.2
5744.5,32.2
5745.0,32.3
5745.5,32.2
5746.0,32.2
5746.5,32.2
5747.0,32.2
5747.5,32.2
5748.0,32.3
5748.5,32.2
5749.0,32.2
5749.5,32.2
5750.0,32.3
5750.5,32.3
5751.0,32.2
5751.5,32.2
5752.0,32.2
5752.5,32.2
5753.0,32.2
5753.5,32.2
5754.0,32.2
5754.5,32.3
5755.0,32.3
5755.5,32.2
5756.0,32.2
5756.5,32.3
5757.0,32.3
5757.5,32.2
5758.0,32.2
5758.5,32.2
5759.0,32.2
5759.5,32.3
5760.0,32.2
5760.5,32.3
5761.0,32.2
5761.5,32.2
5762.0,32.2
5762.5,32.2
5763.0,32.3
5763.5,32.2
5764.0,32.3
5764.5,32.2
5765.0,32.2
5765.5,32.2
5766.0,32.2
5766.5,32.2
5767.0,32.2
5767.5,32.2
5768.0,32.2
5768.5,32.2
5769.0,32.3
5769.5,32.2
5770.0,32.2
5770.5,32.2
5771.0,32.3
5771.5,32.3
5772.0,32.2
5772.5,32.2
5773.0,32.2
5773.5,32.3
5774.0,32.2
5774.5,32.2
5775.0,32.3
5775.5,32.2
5776.0,32.2
5776.5,32.2
5777.0,32.3
5777.5,32.3
5778.0,32.3
5778.5,32.3
5779.0,32.3
5779.5,32.2
5780.0,32.3
5780.5,32.2
5781.0,32.3
5781.5,32.3
5782.0,32.3
5782.5,32.2
5783.0,32.3
5783.5,32.2
5784.0,32.2
5784.5,32.2
5785.0,32.2
5785.5,32.2
5786.0,32.2
5786.5,32.2
5787.0,32.2
5787.5,32.2
5788.0,32.2
5788.5,32.3
5789.0,32.3
5789.5,32.3
5790.0,32.3
5790.5,32.3
5791.0,32.3
5791.5,32.3
5792.0,32.2
5792.5,32.3
5793.0,32.2
5793.5,32.2
5794.0,32.3
5794.5,32.3
5795.0,32.3
5795.5,32.3
5796.0,32.3
5796.5,32.3
5797.0,32.3
5797.5,32.3
5798.0,32.2
5798.5,32.2
5799.0,32.3
5799.5,32.3
5800.0,32.3
5800.5,32.2
5801.0,32.3
5801.5,32.2
5802.0,32.2
5802.5,32.3
5803.0,32.3
5803.5,32.3
5804.0,32.3
5804.5,32.3
5805.0,32.3
5805.5,32.3
5806.0,32.3
5806.5,32.3
5807.0,32.3
5807.5,32.2
5808.0,32.3
5808.5,32.2
5809.0,32.2
5809.5,32.3
5810.0,32.3
5810.5,32.3
5811.0,32.3
5811.5,32.2
5812.0,32.3
5812.5,32.3
5813.0,32.3
5813.5,32.3
5814.0,32.3
5814.5,32.3
5815.0,32.2
5815.5,32.3
5816.0,32.3
5816.5,32.3
5817.0,32.3
5817.5,32.3
5818.0,32.3
5818.5,32.3
5819.0,32.3
5819.5,32.3
5820.0,32.3
5820.5,32.3
5821.0,32.3
5821.5,32.3
5822.0,32.2
5822.5,32.3
5823.0,32.3
5823.5,32.3
5824.0,32.3
5824.5,32.3
5825.0,32.3
5825.5,32.3
5826.0,32.3
5826.5,32.3
5827.0,32.3
5827.5,32.3
5828.0,32.3
5828.5,32.3
5829.0,32.3
5829.5,32.3
5830.0,32.3
5830.5,32.3
5831.0,32.3
5831.5,32.3
5832.0,32.3
5832.5,32.3
5833.0,32.3
5833.5,32.3
5834.0,32.3
5834.5,32.3
5835.0,32.3
5835.5,32.3
5836.0,32.3
5836.5,32.3
5837.0,32.3
5837.5,32.3
5838.0,32.3
5838.5,32.3
5839.0,32.3
5839.5,32.3
5840.0,32.3
5840.5,32.3
5841.0,32.3
5841.5,32.3
5842.0,32.3
5842.5,32.3
5843.0,32.3
5843.5,32.3
5844.0,32.3
5844.5,32.3
5845.0,32.3
5845.5,32.3
5846.0,32.3
5846.5,32.3
5847.0,32.3
5847.5,32.3
5848.0,32.3
5848.5,32.3
5849.0,32.3
5849.5,32.3
5850.0,32.3
5850.5,32.3
5851.0,32.3
5851.5,32.3
5852.0,32.3
5852.5,32.3
5853.0,32.3
5853.5,32.3
5854.0,32.3
5854.5,32.3
5855.0,32.3
5855.5,32.3
5856.0,32.3
5856.5,32.3
5857.0,32.3
5857.5,32.3
5858.0,32.3
5858.5,32.3
5859.0,32.3
5859.5,32.3
5860.0,32.3
5860.5,32.3
5861.0,32.3
5861.5,32.3
5862.0,32.3
5862.5,32.3
5863.0,32.3
5863.5,32.3
5864.0,32.3
5864.5,32.3
5865.0,32.3
5865.5,32.3
5866.0,32.3
5866.5,32.3
5867.0,32.3
5867.5,32.3
5868.0,32.3
5868.5,32.3
5869.0,32.3
5869.5,32.3
5870.0,32.3
5870.5,32.3
5871.0,32.3
5871.5,32.3
5872.0,32.3
5872.5,32.3
5873.0,32.3
5873.5,32.4
5874.0,32.3
5874.5,32.3
5875.0,32.3
5875.5,32.3
5876.0,32.3
5876.5,32.3
5877.0,32.3
5877.5,32.3
5878.0,32.3
5878.5,32.3
5879.0,32.3
5879.5,32.3
5880.0,32.3
5880.5,32.3
5881.0,32.3
5881.5,32.3
5882.0,32.3
5882.5,32.3
5883.0,32.3
5883.5,32.3
5884.0,32.3
5884.5,32.3
5885.0,32.3
5885.5,32.3
5886.0,32.3
5886.5,32.4
5887.0,32.3
5887.5,32.3
5888.0,32.3
5888.5,32.3
5889.0,32.3
5889.5,32.3
5890.0,32.3
5890.5,32.3
5891.0,32.3
5891.5,32.3
5892.0,32.3
5892.5,32.3
5893.0,32.3
5893.5,32.3
5894.0,32.4
5894.5,32.3
5895.0,32.3
5895.5,32.3
5896.0,32.3
5896.5,32.3
5897.0,32.3
5897.5,32.3
5898.0,32.3
5898.5,32.3
5899.0,32.3
5899.5,32.3
5900.0,32.4
5900.5,32.3
5901.0,32.3
5901.5,32.3
5902.0,32.3
